--
-- PostgreSQL database dump
--

-- Started on 2009-10-28 23:27:47 BRST

SET client_encoding = 'UTF8';
SET standard_conforming_strings = off;
SET check_function_bodies = false;
SET client_min_messages = warning;
SET escape_string_warning = off;

SET search_path = public, pg_catalog;

SET default_tablespace = '';

SET default_with_oids = false;

--
-- TOC entry 1552 (class 1259 OID 25916)
-- Dependencies: 1869 1870 1871 6
-- Name: acoes; Type: TABLE; Schema: public; Owner: planejamento; Tablespace: 
--

CREATE TABLE acoes (
    id integer NOT NULL,
    descricao character varying,
    recursos character varying(200),
    cronograma text,
    situacao_id smallint DEFAULT 1,
    projeto_id integer NOT NULL,
    inclusao_data timestamp without time zone DEFAULT now() NOT NULL,
    inclusao_usuario_id integer NOT NULL,
    alteracao_data timestamp without time zone DEFAULT now() NOT NULL,
    alteracao_usuario_id integer NOT NULL,
    ordem integer
);


ALTER TABLE public.acoes OWNER TO planejamento;

--
-- TOC entry 1553 (class 1259 OID 25925)
-- Dependencies: 1552 6
-- Name: acoes_id_seq; Type: SEQUENCE; Schema: public; Owner: planejamento
--

CREATE SEQUENCE acoes_id_seq
    INCREMENT BY 1
    NO MAXVALUE
    NO MINVALUE
    CACHE 1;


ALTER TABLE public.acoes_id_seq OWNER TO planejamento;

--
-- TOC entry 2050 (class 0 OID 0)
-- Dependencies: 1553
-- Name: acoes_id_seq; Type: SEQUENCE OWNED BY; Schema: public; Owner: planejamento
--

ALTER SEQUENCE acoes_id_seq OWNED BY acoes.id;


--
-- TOC entry 2051 (class 0 OID 0)
-- Dependencies: 1553
-- Name: acoes_id_seq; Type: SEQUENCE SET; Schema: public; Owner: planejamento
--

SELECT pg_catalog.setval('acoes_id_seq', 290, true);


--
-- TOC entry 1602 (class 1259 OID 26375)
-- Dependencies: 1927 1928 1929 1930 6
-- Name: atividades; Type: TABLE; Schema: public; Owner: planejamento; Tablespace: 
--

CREATE TABLE atividades (
    id integer NOT NULL,
    descricao character varying(300) NOT NULL,
    operacao_id integer NOT NULL,
    valor integer DEFAULT 0 NOT NULL,
    responsavel character varying(100),
    intersecao character varying(200),
    situacao_id integer DEFAULT 1 NOT NULL,
    inclusao_data timestamp without time zone DEFAULT now() NOT NULL,
    inclusao_usuario_id integer NOT NULL,
    alteracao_data timestamp without time zone DEFAULT now() NOT NULL,
    alteracao_usuario_id integer NOT NULL,
    inicio_data character varying,
    prazo_data character varying
);


ALTER TABLE public.atividades OWNER TO planejamento;

--
-- TOC entry 1601 (class 1259 OID 26373)
-- Dependencies: 1602 6
-- Name: atividades_id_seq; Type: SEQUENCE; Schema: public; Owner: planejamento
--

CREATE SEQUENCE atividades_id_seq
    INCREMENT BY 1
    NO MAXVALUE
    NO MINVALUE
    CACHE 1;


ALTER TABLE public.atividades_id_seq OWNER TO planejamento;

--
-- TOC entry 2052 (class 0 OID 0)
-- Dependencies: 1601
-- Name: atividades_id_seq; Type: SEQUENCE OWNED BY; Schema: public; Owner: planejamento
--

ALTER SEQUENCE atividades_id_seq OWNED BY atividades.id;


--
-- TOC entry 2053 (class 0 OID 0)
-- Dependencies: 1601
-- Name: atividades_id_seq; Type: SEQUENCE SET; Schema: public; Owner: planejamento
--

SELECT pg_catalog.setval('atividades_id_seq', 1, true);


--
-- TOC entry 1554 (class 1259 OID 25927)
-- Dependencies: 1874 1875 1876 6
-- Name: estrategias_acao; Type: TABLE; Schema: public; Owner: postgres; Tablespace: 
--

CREATE TABLE estrategias_acao (
    id integer NOT NULL,
    descricao character varying,
    situacao_id integer DEFAULT 1 NOT NULL,
    acao_id integer NOT NULL,
    objetivo_id integer,
    inclusao_data timestamp without time zone DEFAULT now() NOT NULL,
    inclusao_usuario_id integer NOT NULL,
    alteracao_data timestamp without time zone DEFAULT now() NOT NULL,
    alteracao_usuario_id integer NOT NULL
);


ALTER TABLE public.estrategias_acao OWNER TO postgres;

--
-- TOC entry 2054 (class 0 OID 0)
-- Dependencies: 1554
-- Name: TABLE estrategias_acao; Type: COMMENT; Schema: public; Owner: postgres
--

COMMENT ON TABLE estrategias_acao IS 'as estratégias das ações estão vinculadas ao objetivo da acao';


--
-- TOC entry 1555 (class 1259 OID 25933)
-- Dependencies: 6 1554
-- Name: estrategias_acao_id_seq; Type: SEQUENCE; Schema: public; Owner: postgres
--

CREATE SEQUENCE estrategias_acao_id_seq
    INCREMENT BY 1
    NO MAXVALUE
    NO MINVALUE
    CACHE 1;


ALTER TABLE public.estrategias_acao_id_seq OWNER TO postgres;

--
-- TOC entry 2055 (class 0 OID 0)
-- Dependencies: 1555
-- Name: estrategias_acao_id_seq; Type: SEQUENCE OWNED BY; Schema: public; Owner: postgres
--

ALTER SEQUENCE estrategias_acao_id_seq OWNED BY estrategias_acao.id;


--
-- TOC entry 2056 (class 0 OID 0)
-- Dependencies: 1555
-- Name: estrategias_acao_id_seq; Type: SEQUENCE SET; Schema: public; Owner: postgres
--

SELECT pg_catalog.setval('estrategias_acao_id_seq', 418, true);


--
-- TOC entry 1556 (class 1259 OID 25935)
-- Dependencies: 6
-- Name: grupos; Type: TABLE; Schema: public; Owner: postgres; Tablespace: 
--

CREATE TABLE grupos (
    id integer NOT NULL,
    grupo character varying(50) NOT NULL,
    descricao character varying(200) NOT NULL
);


ALTER TABLE public.grupos OWNER TO postgres;

--
-- TOC entry 1557 (class 1259 OID 25938)
-- Dependencies: 1556 6
-- Name: grupos_id_seq; Type: SEQUENCE; Schema: public; Owner: postgres
--

CREATE SEQUENCE grupos_id_seq
    INCREMENT BY 1
    NO MAXVALUE
    NO MINVALUE
    CACHE 1;


ALTER TABLE public.grupos_id_seq OWNER TO postgres;

--
-- TOC entry 2057 (class 0 OID 0)
-- Dependencies: 1557
-- Name: grupos_id_seq; Type: SEQUENCE OWNED BY; Schema: public; Owner: postgres
--

ALTER SEQUENCE grupos_id_seq OWNED BY grupos.id;


--
-- TOC entry 2058 (class 0 OID 0)
-- Dependencies: 1557
-- Name: grupos_id_seq; Type: SEQUENCE SET; Schema: public; Owner: postgres
--

SELECT pg_catalog.setval('grupos_id_seq', 20, true);


--
-- TOC entry 1558 (class 1259 OID 25940)
-- Dependencies: 6
-- Name: grupos_permissoes; Type: TABLE; Schema: public; Owner: postgres; Tablespace: 
--

CREATE TABLE grupos_permissoes (
    id integer NOT NULL,
    grupo_id integer NOT NULL,
    pagina_id integer
);


ALTER TABLE public.grupos_permissoes OWNER TO postgres;

--
-- TOC entry 1559 (class 1259 OID 25943)
-- Dependencies: 1558 6
-- Name: grupos_permissoes_id_seq; Type: SEQUENCE; Schema: public; Owner: postgres
--

CREATE SEQUENCE grupos_permissoes_id_seq
    INCREMENT BY 1
    NO MAXVALUE
    NO MINVALUE
    CACHE 1;


ALTER TABLE public.grupos_permissoes_id_seq OWNER TO postgres;

--
-- TOC entry 2059 (class 0 OID 0)
-- Dependencies: 1559
-- Name: grupos_permissoes_id_seq; Type: SEQUENCE OWNED BY; Schema: public; Owner: postgres
--

ALTER SEQUENCE grupos_permissoes_id_seq OWNED BY grupos_permissoes.id;


--
-- TOC entry 2060 (class 0 OID 0)
-- Dependencies: 1559
-- Name: grupos_permissoes_id_seq; Type: SEQUENCE SET; Schema: public; Owner: postgres
--

SELECT pg_catalog.setval('grupos_permissoes_id_seq', 30, true);


--
-- TOC entry 1560 (class 1259 OID 25945)
-- Dependencies: 6
-- Name: indicador_config; Type: TABLE; Schema: public; Owner: postgres; Tablespace: 
--

CREATE TABLE indicador_config (
    id integer NOT NULL,
    indicador_id integer NOT NULL,
    tipo_periodo_id integer NOT NULL
);


ALTER TABLE public.indicador_config OWNER TO postgres;

--
-- TOC entry 1561 (class 1259 OID 25948)
-- Dependencies: 1560 6
-- Name: indicador_config_id_seq; Type: SEQUENCE; Schema: public; Owner: postgres
--

CREATE SEQUENCE indicador_config_id_seq
    START WITH 1
    INCREMENT BY 1
    NO MAXVALUE
    NO MINVALUE
    CACHE 1;


ALTER TABLE public.indicador_config_id_seq OWNER TO postgres;

--
-- TOC entry 2061 (class 0 OID 0)
-- Dependencies: 1561
-- Name: indicador_config_id_seq; Type: SEQUENCE OWNED BY; Schema: public; Owner: postgres
--

ALTER SEQUENCE indicador_config_id_seq OWNED BY indicador_config.id;


--
-- TOC entry 2062 (class 0 OID 0)
-- Dependencies: 1561
-- Name: indicador_config_id_seq; Type: SEQUENCE SET; Schema: public; Owner: postgres
--

SELECT pg_catalog.setval('indicador_config_id_seq', 1, false);


--
-- TOC entry 1562 (class 1259 OID 25950)
-- Dependencies: 1881 1882 6
-- Name: indicadores; Type: TABLE; Schema: public; Owner: postgres; Tablespace: 
--

CREATE TABLE indicadores (
    id integer NOT NULL,
    descricao character varying NOT NULL,
    inclusao_data timestamp without time zone DEFAULT now() NOT NULL,
    inclusao_usuario_id integer NOT NULL,
    alteracao_data timestamp without time zone DEFAULT now() NOT NULL,
    alteracao_usuario_id integer NOT NULL
);


ALTER TABLE public.indicadores OWNER TO postgres;

--
-- TOC entry 1563 (class 1259 OID 25958)
-- Dependencies: 1562 6
-- Name: indicadores_id_seq; Type: SEQUENCE; Schema: public; Owner: postgres
--

CREATE SEQUENCE indicadores_id_seq
    INCREMENT BY 1
    NO MAXVALUE
    NO MINVALUE
    CACHE 1;


ALTER TABLE public.indicadores_id_seq OWNER TO postgres;

--
-- TOC entry 2063 (class 0 OID 0)
-- Dependencies: 1563
-- Name: indicadores_id_seq; Type: SEQUENCE OWNED BY; Schema: public; Owner: postgres
--

ALTER SEQUENCE indicadores_id_seq OWNED BY indicadores.id;


--
-- TOC entry 2064 (class 0 OID 0)
-- Dependencies: 1563
-- Name: indicadores_id_seq; Type: SEQUENCE SET; Schema: public; Owner: postgres
--

SELECT pg_catalog.setval('indicadores_id_seq', 151, true);


--
-- TOC entry 1596 (class 1259 OID 26321)
-- Dependencies: 6
-- Name: indicadores_programa; Type: TABLE; Schema: public; Owner: postgres; Tablespace: 
--

CREATE TABLE indicadores_programa (
    id integer NOT NULL,
    programa_id integer NOT NULL,
    indicador_id integer NOT NULL
);


ALTER TABLE public.indicadores_programa OWNER TO postgres;

--
-- TOC entry 1595 (class 1259 OID 26319)
-- Dependencies: 6 1596
-- Name: indicadores_programa_id_seq; Type: SEQUENCE; Schema: public; Owner: postgres
--

CREATE SEQUENCE indicadores_programa_id_seq
    INCREMENT BY 1
    NO MAXVALUE
    NO MINVALUE
    CACHE 1;


ALTER TABLE public.indicadores_programa_id_seq OWNER TO postgres;

--
-- TOC entry 2065 (class 0 OID 0)
-- Dependencies: 1595
-- Name: indicadores_programa_id_seq; Type: SEQUENCE OWNED BY; Schema: public; Owner: postgres
--

ALTER SEQUENCE indicadores_programa_id_seq OWNED BY indicadores_programa.id;


--
-- TOC entry 2066 (class 0 OID 0)
-- Dependencies: 1595
-- Name: indicadores_programa_id_seq; Type: SEQUENCE SET; Schema: public; Owner: postgres
--

SELECT pg_catalog.setval('indicadores_programa_id_seq', 14, true);


--
-- TOC entry 1598 (class 1259 OID 26339)
-- Dependencies: 6
-- Name: indicadores_projeto; Type: TABLE; Schema: public; Owner: postgres; Tablespace: 
--

CREATE TABLE indicadores_projeto (
    id integer NOT NULL,
    projeto_id integer NOT NULL,
    indicador_id integer NOT NULL
);


ALTER TABLE public.indicadores_projeto OWNER TO postgres;

--
-- TOC entry 1597 (class 1259 OID 26337)
-- Dependencies: 6 1598
-- Name: indicadores_projeto_id_seq; Type: SEQUENCE; Schema: public; Owner: postgres
--

CREATE SEQUENCE indicadores_projeto_id_seq
    INCREMENT BY 1
    NO MAXVALUE
    NO MINVALUE
    CACHE 1;


ALTER TABLE public.indicadores_projeto_id_seq OWNER TO postgres;

--
-- TOC entry 2067 (class 0 OID 0)
-- Dependencies: 1597
-- Name: indicadores_projeto_id_seq; Type: SEQUENCE OWNED BY; Schema: public; Owner: postgres
--

ALTER SEQUENCE indicadores_projeto_id_seq OWNED BY indicadores_projeto.id;


--
-- TOC entry 2068 (class 0 OID 0)
-- Dependencies: 1597
-- Name: indicadores_projeto_id_seq; Type: SEQUENCE SET; Schema: public; Owner: postgres
--

SELECT pg_catalog.setval('indicadores_projeto_id_seq', 137, true);


--
-- TOC entry 1564 (class 1259 OID 25970)
-- Dependencies: 1884 1885 1886 6
-- Name: metas_acao; Type: TABLE; Schema: public; Owner: postgres; Tablespace: 
--

CREATE TABLE metas_acao (
    id integer NOT NULL,
    descricao character varying,
    situacao_id integer DEFAULT 1 NOT NULL,
    acao_id integer NOT NULL,
    objetivo_id integer,
    inclusao_data timestamp without time zone DEFAULT now() NOT NULL,
    inclusao_usuario_id integer NOT NULL,
    alteracao_data timestamp without time zone DEFAULT now() NOT NULL,
    alteracao_usuario_id integer NOT NULL
);


ALTER TABLE public.metas_acao OWNER TO postgres;

--
-- TOC entry 1565 (class 1259 OID 25976)
-- Dependencies: 6 1564
-- Name: metas_acao_id_seq; Type: SEQUENCE; Schema: public; Owner: postgres
--

CREATE SEQUENCE metas_acao_id_seq
    INCREMENT BY 1
    NO MAXVALUE
    NO MINVALUE
    CACHE 1;


ALTER TABLE public.metas_acao_id_seq OWNER TO postgres;

--
-- TOC entry 2069 (class 0 OID 0)
-- Dependencies: 1565
-- Name: metas_acao_id_seq; Type: SEQUENCE OWNED BY; Schema: public; Owner: postgres
--

ALTER SEQUENCE metas_acao_id_seq OWNED BY metas_acao.id;


--
-- TOC entry 2070 (class 0 OID 0)
-- Dependencies: 1565
-- Name: metas_acao_id_seq; Type: SEQUENCE SET; Schema: public; Owner: postgres
--

SELECT pg_catalog.setval('metas_acao_id_seq', 281, true);


--
-- TOC entry 1566 (class 1259 OID 25978)
-- Dependencies: 6
-- Name: metas_programa; Type: TABLE; Schema: public; Owner: postgres; Tablespace: 
--

CREATE TABLE metas_programa (
    id integer NOT NULL,
    descricao character varying NOT NULL,
    programa_id integer NOT NULL
);


ALTER TABLE public.metas_programa OWNER TO postgres;

--
-- TOC entry 1567 (class 1259 OID 25984)
-- Dependencies: 6 1566
-- Name: metas_programa_id_seq; Type: SEQUENCE; Schema: public; Owner: postgres
--

CREATE SEQUENCE metas_programa_id_seq
    INCREMENT BY 1
    NO MAXVALUE
    NO MINVALUE
    CACHE 1;


ALTER TABLE public.metas_programa_id_seq OWNER TO postgres;

--
-- TOC entry 2071 (class 0 OID 0)
-- Dependencies: 1567
-- Name: metas_programa_id_seq; Type: SEQUENCE OWNED BY; Schema: public; Owner: postgres
--

ALTER SEQUENCE metas_programa_id_seq OWNED BY metas_programa.id;


--
-- TOC entry 2072 (class 0 OID 0)
-- Dependencies: 1567
-- Name: metas_programa_id_seq; Type: SEQUENCE SET; Schema: public; Owner: postgres
--

SELECT pg_catalog.setval('metas_programa_id_seq', 13, true);


--
-- TOC entry 1568 (class 1259 OID 25986)
-- Dependencies: 6
-- Name: metas_projeto; Type: TABLE; Schema: public; Owner: postgres; Tablespace: 
--

CREATE TABLE metas_projeto (
    id integer NOT NULL,
    descricao character varying NOT NULL,
    projeto_id integer NOT NULL
);


ALTER TABLE public.metas_projeto OWNER TO postgres;

--
-- TOC entry 1569 (class 1259 OID 25992)
-- Dependencies: 1568 6
-- Name: metas_projeto_id_seq; Type: SEQUENCE; Schema: public; Owner: postgres
--

CREATE SEQUENCE metas_projeto_id_seq
    INCREMENT BY 1
    NO MAXVALUE
    NO MINVALUE
    CACHE 1;


ALTER TABLE public.metas_projeto_id_seq OWNER TO postgres;

--
-- TOC entry 2073 (class 0 OID 0)
-- Dependencies: 1569
-- Name: metas_projeto_id_seq; Type: SEQUENCE OWNED BY; Schema: public; Owner: postgres
--

ALTER SEQUENCE metas_projeto_id_seq OWNED BY metas_projeto.id;


--
-- TOC entry 2074 (class 0 OID 0)
-- Dependencies: 1569
-- Name: metas_projeto_id_seq; Type: SEQUENCE SET; Schema: public; Owner: postgres
--

SELECT pg_catalog.setval('metas_projeto_id_seq', 133, true);


--
-- TOC entry 1570 (class 1259 OID 25994)
-- Dependencies: 1890 1891 1892 6
-- Name: objetivos_acao; Type: TABLE; Schema: public; Owner: postgres; Tablespace: 
--

CREATE TABLE objetivos_acao (
    id integer NOT NULL,
    descricao character varying,
    situacao_id smallint DEFAULT 1 NOT NULL,
    acao_id integer NOT NULL,
    inclusao_data timestamp without time zone DEFAULT now() NOT NULL,
    inclusao_usuario_id integer NOT NULL,
    alteracao_data timestamp without time zone DEFAULT now() NOT NULL,
    alteracao_usuario_id integer NOT NULL
);


ALTER TABLE public.objetivos_acao OWNER TO postgres;

--
-- TOC entry 1571 (class 1259 OID 26000)
-- Dependencies: 1570 6
-- Name: objetivos_acao_id_seq; Type: SEQUENCE; Schema: public; Owner: postgres
--

CREATE SEQUENCE objetivos_acao_id_seq
    INCREMENT BY 1
    NO MAXVALUE
    NO MINVALUE
    CACHE 1;


ALTER TABLE public.objetivos_acao_id_seq OWNER TO postgres;

--
-- TOC entry 2075 (class 0 OID 0)
-- Dependencies: 1571
-- Name: objetivos_acao_id_seq; Type: SEQUENCE OWNED BY; Schema: public; Owner: postgres
--

ALTER SEQUENCE objetivos_acao_id_seq OWNED BY objetivos_acao.id;


--
-- TOC entry 2076 (class 0 OID 0)
-- Dependencies: 1571
-- Name: objetivos_acao_id_seq; Type: SEQUENCE SET; Schema: public; Owner: postgres
--

SELECT pg_catalog.setval('objetivos_acao_id_seq', 278, true);


--
-- TOC entry 1572 (class 1259 OID 26002)
-- Dependencies: 1894 6
-- Name: objetivos_programa; Type: TABLE; Schema: public; Owner: postgres; Tablespace: 
--

CREATE TABLE objetivos_programa (
    id integer NOT NULL,
    descricao character varying DEFAULT 500 NOT NULL,
    programa_id integer NOT NULL
);


ALTER TABLE public.objetivos_programa OWNER TO postgres;

--
-- TOC entry 1573 (class 1259 OID 26009)
-- Dependencies: 1572 6
-- Name: objetivos_programa_id_seq; Type: SEQUENCE; Schema: public; Owner: postgres
--

CREATE SEQUENCE objetivos_programa_id_seq
    INCREMENT BY 1
    NO MAXVALUE
    NO MINVALUE
    CACHE 1;


ALTER TABLE public.objetivos_programa_id_seq OWNER TO postgres;

--
-- TOC entry 2077 (class 0 OID 0)
-- Dependencies: 1573
-- Name: objetivos_programa_id_seq; Type: SEQUENCE OWNED BY; Schema: public; Owner: postgres
--

ALTER SEQUENCE objetivos_programa_id_seq OWNED BY objetivos_programa.id;


--
-- TOC entry 2078 (class 0 OID 0)
-- Dependencies: 1573
-- Name: objetivos_programa_id_seq; Type: SEQUENCE SET; Schema: public; Owner: postgres
--

SELECT pg_catalog.setval('objetivos_programa_id_seq', 11, true);


--
-- TOC entry 1574 (class 1259 OID 26011)
-- Dependencies: 6
-- Name: objetivos_projeto; Type: TABLE; Schema: public; Owner: postgres; Tablespace: 
--

CREATE TABLE objetivos_projeto (
    id integer NOT NULL,
    descricao character varying NOT NULL,
    projeto_id integer NOT NULL
);


ALTER TABLE public.objetivos_projeto OWNER TO postgres;

--
-- TOC entry 1575 (class 1259 OID 26017)
-- Dependencies: 1574 6
-- Name: objetivos_projeto_id_seq; Type: SEQUENCE; Schema: public; Owner: postgres
--

CREATE SEQUENCE objetivos_projeto_id_seq
    INCREMENT BY 1
    NO MAXVALUE
    NO MINVALUE
    CACHE 1;


ALTER TABLE public.objetivos_projeto_id_seq OWNER TO postgres;

--
-- TOC entry 2079 (class 0 OID 0)
-- Dependencies: 1575
-- Name: objetivos_projeto_id_seq; Type: SEQUENCE OWNED BY; Schema: public; Owner: postgres
--

ALTER SEQUENCE objetivos_projeto_id_seq OWNED BY objetivos_projeto.id;


--
-- TOC entry 2080 (class 0 OID 0)
-- Dependencies: 1575
-- Name: objetivos_projeto_id_seq; Type: SEQUENCE SET; Schema: public; Owner: postgres
--

SELECT pg_catalog.setval('objetivos_projeto_id_seq', 122, true);


--
-- TOC entry 1600 (class 1259 OID 26358)
-- Dependencies: 1923 1924 1925 6
-- Name: operacoes; Type: TABLE; Schema: public; Owner: planejamento; Tablespace: 
--

CREATE TABLE operacoes (
    id integer NOT NULL,
    descricao character varying(300) NOT NULL,
    metas_acao_id integer NOT NULL,
    situacao_id integer DEFAULT 1 NOT NULL,
    inclusao_data timestamp without time zone DEFAULT now() NOT NULL,
    inclusao_usuario_id integer NOT NULL,
    alteracao_data timestamp without time zone DEFAULT now() NOT NULL,
    alteracao_usuario_id integer NOT NULL
);


ALTER TABLE public.operacoes OWNER TO planejamento;

--
-- TOC entry 1599 (class 1259 OID 26356)
-- Dependencies: 1600 6
-- Name: operacoes_id_seq; Type: SEQUENCE; Schema: public; Owner: planejamento
--

CREATE SEQUENCE operacoes_id_seq
    INCREMENT BY 1
    NO MAXVALUE
    NO MINVALUE
    CACHE 1;


ALTER TABLE public.operacoes_id_seq OWNER TO planejamento;

--
-- TOC entry 2081 (class 0 OID 0)
-- Dependencies: 1599
-- Name: operacoes_id_seq; Type: SEQUENCE OWNED BY; Schema: public; Owner: planejamento
--

ALTER SEQUENCE operacoes_id_seq OWNED BY operacoes.id;


--
-- TOC entry 2082 (class 0 OID 0)
-- Dependencies: 1599
-- Name: operacoes_id_seq; Type: SEQUENCE SET; Schema: public; Owner: planejamento
--

SELECT pg_catalog.setval('operacoes_id_seq', 1, true);


--
-- TOC entry 1576 (class 1259 OID 26019)
-- Dependencies: 6
-- Name: paginas; Type: TABLE; Schema: public; Owner: postgres; Tablespace: 
--

CREATE TABLE paginas (
    id integer NOT NULL,
    descricao character varying(100) NOT NULL,
    pagina character varying(200) NOT NULL,
    acao character varying
);


ALTER TABLE public.paginas OWNER TO postgres;

--
-- TOC entry 1577 (class 1259 OID 26025)
-- Dependencies: 6 1576
-- Name: paginas_id_seq; Type: SEQUENCE; Schema: public; Owner: postgres
--

CREATE SEQUENCE paginas_id_seq
    INCREMENT BY 1
    NO MAXVALUE
    NO MINVALUE
    CACHE 1;


ALTER TABLE public.paginas_id_seq OWNER TO postgres;

--
-- TOC entry 2083 (class 0 OID 0)
-- Dependencies: 1577
-- Name: paginas_id_seq; Type: SEQUENCE OWNED BY; Schema: public; Owner: postgres
--

ALTER SEQUENCE paginas_id_seq OWNED BY paginas.id;


--
-- TOC entry 2084 (class 0 OID 0)
-- Dependencies: 1577
-- Name: paginas_id_seq; Type: SEQUENCE SET; Schema: public; Owner: postgres
--

SELECT pg_catalog.setval('paginas_id_seq', 6, true);


--
-- TOC entry 1578 (class 1259 OID 26027)
-- Dependencies: 1898 1899 1900 6
-- Name: parcerias_acao; Type: TABLE; Schema: public; Owner: postgres; Tablespace: 
--

CREATE TABLE parcerias_acao (
    id integer NOT NULL,
    descricao character varying(200),
    situacao_id smallint DEFAULT 1 NOT NULL,
    acao_id integer NOT NULL,
    inclusao_data timestamp without time zone DEFAULT now() NOT NULL,
    inclusao_usuario_id integer NOT NULL,
    alteracao_data timestamp without time zone DEFAULT now() NOT NULL,
    alteracao_usuario_id integer NOT NULL
);


ALTER TABLE public.parcerias_acao OWNER TO postgres;

--
-- TOC entry 1579 (class 1259 OID 26033)
-- Dependencies: 6 1578
-- Name: parcerias_acao_id_seq; Type: SEQUENCE; Schema: public; Owner: postgres
--

CREATE SEQUENCE parcerias_acao_id_seq
    INCREMENT BY 1
    NO MAXVALUE
    NO MINVALUE
    CACHE 1;


ALTER TABLE public.parcerias_acao_id_seq OWNER TO postgres;

--
-- TOC entry 2085 (class 0 OID 0)
-- Dependencies: 1579
-- Name: parcerias_acao_id_seq; Type: SEQUENCE OWNED BY; Schema: public; Owner: postgres
--

ALTER SEQUENCE parcerias_acao_id_seq OWNED BY parcerias_acao.id;


--
-- TOC entry 2086 (class 0 OID 0)
-- Dependencies: 1579
-- Name: parcerias_acao_id_seq; Type: SEQUENCE SET; Schema: public; Owner: postgres
--

SELECT pg_catalog.setval('parcerias_acao_id_seq', 254, true);


--
-- TOC entry 1580 (class 1259 OID 26037)
-- Dependencies: 1902 1903 1904 6
-- Name: programas; Type: TABLE; Schema: public; Owner: postgres; Tablespace: 
--

CREATE TABLE programas (
    id integer NOT NULL,
    descricao character varying(500) NOT NULL,
    interfaces character varying(200) NOT NULL,
    situacao_id smallint DEFAULT 1 NOT NULL,
    responsavel_id integer NOT NULL,
    inclusao_data timestamp without time zone DEFAULT now() NOT NULL,
    inclusao_usuario_id integer NOT NULL,
    alteracao_data timestamp without time zone DEFAULT now() NOT NULL,
    alteracao_usuario_id integer NOT NULL,
    menu character varying(20),
    ordem integer
);


ALTER TABLE public.programas OWNER TO postgres;

--
-- TOC entry 1581 (class 1259 OID 26047)
-- Dependencies: 6 1580
-- Name: programas_id_seq; Type: SEQUENCE; Schema: public; Owner: postgres
--

CREATE SEQUENCE programas_id_seq
    INCREMENT BY 1
    NO MAXVALUE
    NO MINVALUE
    CACHE 1;


ALTER TABLE public.programas_id_seq OWNER TO postgres;

--
-- TOC entry 2087 (class 0 OID 0)
-- Dependencies: 1581
-- Name: programas_id_seq; Type: SEQUENCE OWNED BY; Schema: public; Owner: postgres
--

ALTER SEQUENCE programas_id_seq OWNED BY programas.id;


--
-- TOC entry 2088 (class 0 OID 0)
-- Dependencies: 1581
-- Name: programas_id_seq; Type: SEQUENCE SET; Schema: public; Owner: postgres
--

SELECT pg_catalog.setval('programas_id_seq', 12, true);


--
-- TOC entry 1582 (class 1259 OID 26049)
-- Dependencies: 1907 1908 1909 6
-- Name: projetos; Type: TABLE; Schema: public; Owner: postgres; Tablespace: 
--

CREATE TABLE projetos (
    id integer NOT NULL,
    descricao character varying,
    interfaces character varying,
    situacao_id smallint DEFAULT 1 NOT NULL,
    programa_id integer,
    responsavel_id integer NOT NULL,
    inclusao_data timestamp without time zone DEFAULT now() NOT NULL,
    inclusao_usuario_id integer NOT NULL,
    alteracao_data timestamp without time zone DEFAULT now() NOT NULL,
    alteracao_usuario_id integer NOT NULL,
    menu character varying(20),
    projeto_id integer,
    ordem integer
);


ALTER TABLE public.projetos OWNER TO postgres;

--
-- TOC entry 1583 (class 1259 OID 26058)
-- Dependencies: 1582 6
-- Name: projetos_id_seq; Type: SEQUENCE; Schema: public; Owner: postgres
--

CREATE SEQUENCE projetos_id_seq
    INCREMENT BY 1
    NO MAXVALUE
    NO MINVALUE
    CACHE 1;


ALTER TABLE public.projetos_id_seq OWNER TO postgres;

--
-- TOC entry 2089 (class 0 OID 0)
-- Dependencies: 1583
-- Name: projetos_id_seq; Type: SEQUENCE OWNED BY; Schema: public; Owner: postgres
--

ALTER SEQUENCE projetos_id_seq OWNED BY projetos.id;


--
-- TOC entry 2090 (class 0 OID 0)
-- Dependencies: 1583
-- Name: projetos_id_seq; Type: SEQUENCE SET; Schema: public; Owner: postgres
--

SELECT pg_catalog.setval('projetos_id_seq', 114, true);


--
-- TOC entry 1584 (class 1259 OID 26060)
-- Dependencies: 1912 1913 6
-- Name: recursos; Type: TABLE; Schema: public; Owner: postgres; Tablespace: 
--

CREATE TABLE recursos (
    id integer NOT NULL,
    fonte character varying(200),
    valor double precision,
    destino character varying(200),
    situacao smallint,
    meta_id integer NOT NULL,
    inclusao_data timestamp without time zone DEFAULT now() NOT NULL,
    inclusao_usuario_id integer NOT NULL,
    alteracao_data timestamp without time zone DEFAULT now() NOT NULL,
    alteracao_usuario_id timestamp without time zone NOT NULL
);


ALTER TABLE public.recursos OWNER TO postgres;

--
-- TOC entry 1585 (class 1259 OID 26065)
-- Dependencies: 1584 6
-- Name: recursos_id_seq; Type: SEQUENCE; Schema: public; Owner: postgres
--

CREATE SEQUENCE recursos_id_seq
    START WITH 1
    INCREMENT BY 1
    NO MAXVALUE
    NO MINVALUE
    CACHE 1;


ALTER TABLE public.recursos_id_seq OWNER TO postgres;

--
-- TOC entry 2091 (class 0 OID 0)
-- Dependencies: 1585
-- Name: recursos_id_seq; Type: SEQUENCE OWNED BY; Schema: public; Owner: postgres
--

ALTER SEQUENCE recursos_id_seq OWNED BY recursos.id;


--
-- TOC entry 2092 (class 0 OID 0)
-- Dependencies: 1585
-- Name: recursos_id_seq; Type: SEQUENCE SET; Schema: public; Owner: postgres
--

SELECT pg_catalog.setval('recursos_id_seq', 1, false);


--
-- TOC entry 1586 (class 1259 OID 26067)
-- Dependencies: 6
-- Name: situacoes; Type: TABLE; Schema: public; Owner: postgres; Tablespace: 
--

CREATE TABLE situacoes (
    id integer NOT NULL,
    descricao character varying(50) NOT NULL
);


ALTER TABLE public.situacoes OWNER TO postgres;

--
-- TOC entry 1587 (class 1259 OID 26070)
-- Dependencies: 6 1586
-- Name: situacoes_id_seq; Type: SEQUENCE; Schema: public; Owner: postgres
--

CREATE SEQUENCE situacoes_id_seq
    INCREMENT BY 1
    NO MAXVALUE
    NO MINVALUE
    CACHE 1;


ALTER TABLE public.situacoes_id_seq OWNER TO postgres;

--
-- TOC entry 2093 (class 0 OID 0)
-- Dependencies: 1587
-- Name: situacoes_id_seq; Type: SEQUENCE OWNED BY; Schema: public; Owner: postgres
--

ALTER SEQUENCE situacoes_id_seq OWNED BY situacoes.id;


--
-- TOC entry 2094 (class 0 OID 0)
-- Dependencies: 1587
-- Name: situacoes_id_seq; Type: SEQUENCE SET; Schema: public; Owner: postgres
--

SELECT pg_catalog.setval('situacoes_id_seq', 2, true);


--
-- TOC entry 1588 (class 1259 OID 26072)
-- Dependencies: 6
-- Name: tipo_periodo; Type: TABLE; Schema: public; Owner: postgres; Tablespace: 
--

CREATE TABLE tipo_periodo (
    id integer NOT NULL,
    periodo character varying NOT NULL,
    descricao character varying NOT NULL
);


ALTER TABLE public.tipo_periodo OWNER TO postgres;

--
-- TOC entry 1589 (class 1259 OID 26078)
-- Dependencies: 1588 6
-- Name: tipo_periodo_id_seq; Type: SEQUENCE; Schema: public; Owner: postgres
--

CREATE SEQUENCE tipo_periodo_id_seq
    START WITH 1
    INCREMENT BY 1
    NO MAXVALUE
    NO MINVALUE
    CACHE 1;


ALTER TABLE public.tipo_periodo_id_seq OWNER TO postgres;

--
-- TOC entry 2095 (class 0 OID 0)
-- Dependencies: 1589
-- Name: tipo_periodo_id_seq; Type: SEQUENCE OWNED BY; Schema: public; Owner: postgres
--

ALTER SEQUENCE tipo_periodo_id_seq OWNED BY tipo_periodo.id;


--
-- TOC entry 2096 (class 0 OID 0)
-- Dependencies: 1589
-- Name: tipo_periodo_id_seq; Type: SEQUENCE SET; Schema: public; Owner: postgres
--

SELECT pg_catalog.setval('tipo_periodo_id_seq', 1, false);


--
-- TOC entry 1590 (class 1259 OID 26080)
-- Dependencies: 6
-- Name: usuarios_id; Type: SEQUENCE; Schema: public; Owner: postgres
--

CREATE SEQUENCE usuarios_id
    START WITH 1
    INCREMENT BY 1
    NO MAXVALUE
    NO MINVALUE
    CACHE 1;


ALTER TABLE public.usuarios_id OWNER TO postgres;

--
-- TOC entry 2097 (class 0 OID 0)
-- Dependencies: 1590
-- Name: usuarios_id; Type: SEQUENCE SET; Schema: public; Owner: postgres
--

SELECT pg_catalog.setval('usuarios_id', 1, false);


--
-- TOC entry 1591 (class 1259 OID 26082)
-- Dependencies: 1917 1918 6
-- Name: usuarios; Type: TABLE; Schema: public; Owner: postgres; Tablespace: 
--

CREATE TABLE usuarios (
    id integer DEFAULT nextval('usuarios_id'::regclass) NOT NULL,
    nome character varying NOT NULL,
    username character varying(30) NOT NULL,
    password character varying(64) NOT NULL,
    email character varying(100) NOT NULL,
    situacao smallint DEFAULT 1 NOT NULL,
    salt character varying
);


ALTER TABLE public.usuarios OWNER TO postgres;

--
-- TOC entry 1592 (class 1259 OID 26090)
-- Dependencies: 6
-- Name: usuarios_grupos; Type: TABLE; Schema: public; Owner: postgres; Tablespace: 
--

CREATE TABLE usuarios_grupos (
    id integer NOT NULL,
    usuario_id integer NOT NULL,
    grupo_id integer NOT NULL
);


ALTER TABLE public.usuarios_grupos OWNER TO postgres;

--
-- TOC entry 1593 (class 1259 OID 26093)
-- Dependencies: 1592 6
-- Name: usuarios_grupos_id_seq; Type: SEQUENCE; Schema: public; Owner: postgres
--

CREATE SEQUENCE usuarios_grupos_id_seq
    INCREMENT BY 1
    NO MAXVALUE
    NO MINVALUE
    CACHE 1;


ALTER TABLE public.usuarios_grupos_id_seq OWNER TO postgres;

--
-- TOC entry 2098 (class 0 OID 0)
-- Dependencies: 1593
-- Name: usuarios_grupos_id_seq; Type: SEQUENCE OWNED BY; Schema: public; Owner: postgres
--

ALTER SEQUENCE usuarios_grupos_id_seq OWNED BY usuarios_grupos.id;


--
-- TOC entry 2099 (class 0 OID 0)
-- Dependencies: 1593
-- Name: usuarios_grupos_id_seq; Type: SEQUENCE SET; Schema: public; Owner: postgres
--

SELECT pg_catalog.setval('usuarios_grupos_id_seq', 205, true);


--
-- TOC entry 1594 (class 1259 OID 26095)
-- Dependencies: 6 1591
-- Name: usuarios_id_seq; Type: SEQUENCE; Schema: public; Owner: postgres
--

CREATE SEQUENCE usuarios_id_seq
    INCREMENT BY 1
    NO MAXVALUE
    NO MINVALUE
    CACHE 1;


ALTER TABLE public.usuarios_id_seq OWNER TO postgres;

--
-- TOC entry 2100 (class 0 OID 0)
-- Dependencies: 1594
-- Name: usuarios_id_seq; Type: SEQUENCE OWNED BY; Schema: public; Owner: postgres
--

ALTER SEQUENCE usuarios_id_seq OWNED BY usuarios.id;


--
-- TOC entry 2101 (class 0 OID 0)
-- Dependencies: 1594
-- Name: usuarios_id_seq; Type: SEQUENCE SET; Schema: public; Owner: postgres
--

SELECT pg_catalog.setval('usuarios_id_seq', 96, true);


--
-- TOC entry 1872 (class 2604 OID 26097)
-- Dependencies: 1553 1552
-- Name: id; Type: DEFAULT; Schema: public; Owner: planejamento
--

ALTER TABLE acoes ALTER COLUMN id SET DEFAULT nextval('acoes_id_seq'::regclass);


--
-- TOC entry 1873 (class 2604 OID 27004)
-- Dependencies: 1553 1552
-- Name: ordem; Type: DEFAULT; Schema: public; Owner: planejamento
--

ALTER TABLE acoes ALTER COLUMN ordem SET DEFAULT currval('acoes_id_seq'::regclass);


--
-- TOC entry 1926 (class 2604 OID 26378)
-- Dependencies: 1601 1602 1602
-- Name: id; Type: DEFAULT; Schema: public; Owner: planejamento
--

ALTER TABLE atividades ALTER COLUMN id SET DEFAULT nextval('atividades_id_seq'::regclass);


--
-- TOC entry 1877 (class 2604 OID 26098)
-- Dependencies: 1555 1554
-- Name: id; Type: DEFAULT; Schema: public; Owner: postgres
--

ALTER TABLE estrategias_acao ALTER COLUMN id SET DEFAULT nextval('estrategias_acao_id_seq'::regclass);


--
-- TOC entry 1878 (class 2604 OID 26099)
-- Dependencies: 1557 1556
-- Name: id; Type: DEFAULT; Schema: public; Owner: postgres
--

ALTER TABLE grupos ALTER COLUMN id SET DEFAULT nextval('grupos_id_seq'::regclass);


--
-- TOC entry 1879 (class 2604 OID 26100)
-- Dependencies: 1559 1558
-- Name: id; Type: DEFAULT; Schema: public; Owner: postgres
--

ALTER TABLE grupos_permissoes ALTER COLUMN id SET DEFAULT nextval('grupos_permissoes_id_seq'::regclass);


--
-- TOC entry 1880 (class 2604 OID 26101)
-- Dependencies: 1561 1560
-- Name: id; Type: DEFAULT; Schema: public; Owner: postgres
--

ALTER TABLE indicador_config ALTER COLUMN id SET DEFAULT nextval('indicador_config_id_seq'::regclass);


--
-- TOC entry 1883 (class 2604 OID 26102)
-- Dependencies: 1563 1562
-- Name: id; Type: DEFAULT; Schema: public; Owner: postgres
--

ALTER TABLE indicadores ALTER COLUMN id SET DEFAULT nextval('indicadores_id_seq'::regclass);


--
-- TOC entry 1920 (class 2604 OID 26324)
-- Dependencies: 1596 1595 1596
-- Name: id; Type: DEFAULT; Schema: public; Owner: postgres
--

ALTER TABLE indicadores_programa ALTER COLUMN id SET DEFAULT nextval('indicadores_programa_id_seq'::regclass);


--
-- TOC entry 1921 (class 2604 OID 26342)
-- Dependencies: 1598 1597 1598
-- Name: id; Type: DEFAULT; Schema: public; Owner: postgres
--

ALTER TABLE indicadores_projeto ALTER COLUMN id SET DEFAULT nextval('indicadores_projeto_id_seq'::regclass);


--
-- TOC entry 1887 (class 2604 OID 26105)
-- Dependencies: 1565 1564
-- Name: id; Type: DEFAULT; Schema: public; Owner: postgres
--

ALTER TABLE metas_acao ALTER COLUMN id SET DEFAULT nextval('metas_acao_id_seq'::regclass);


--
-- TOC entry 1888 (class 2604 OID 26106)
-- Dependencies: 1567 1566
-- Name: id; Type: DEFAULT; Schema: public; Owner: postgres
--

ALTER TABLE metas_programa ALTER COLUMN id SET DEFAULT nextval('metas_programa_id_seq'::regclass);


--
-- TOC entry 1889 (class 2604 OID 26107)
-- Dependencies: 1569 1568
-- Name: id; Type: DEFAULT; Schema: public; Owner: postgres
--

ALTER TABLE metas_projeto ALTER COLUMN id SET DEFAULT nextval('metas_projeto_id_seq'::regclass);


--
-- TOC entry 1893 (class 2604 OID 26108)
-- Dependencies: 1571 1570
-- Name: id; Type: DEFAULT; Schema: public; Owner: postgres
--

ALTER TABLE objetivos_acao ALTER COLUMN id SET DEFAULT nextval('objetivos_acao_id_seq'::regclass);


--
-- TOC entry 1895 (class 2604 OID 26109)
-- Dependencies: 1573 1572
-- Name: id; Type: DEFAULT; Schema: public; Owner: postgres
--

ALTER TABLE objetivos_programa ALTER COLUMN id SET DEFAULT nextval('objetivos_programa_id_seq'::regclass);


--
-- TOC entry 1896 (class 2604 OID 26110)
-- Dependencies: 1575 1574
-- Name: id; Type: DEFAULT; Schema: public; Owner: postgres
--

ALTER TABLE objetivos_projeto ALTER COLUMN id SET DEFAULT nextval('objetivos_projeto_id_seq'::regclass);


--
-- TOC entry 1922 (class 2604 OID 26361)
-- Dependencies: 1599 1600 1600
-- Name: id; Type: DEFAULT; Schema: public; Owner: planejamento
--

ALTER TABLE operacoes ALTER COLUMN id SET DEFAULT nextval('operacoes_id_seq'::regclass);


--
-- TOC entry 1897 (class 2604 OID 26111)
-- Dependencies: 1577 1576
-- Name: id; Type: DEFAULT; Schema: public; Owner: postgres
--

ALTER TABLE paginas ALTER COLUMN id SET DEFAULT nextval('paginas_id_seq'::regclass);


--
-- TOC entry 1901 (class 2604 OID 26112)
-- Dependencies: 1579 1578
-- Name: id; Type: DEFAULT; Schema: public; Owner: postgres
--

ALTER TABLE parcerias_acao ALTER COLUMN id SET DEFAULT nextval('parcerias_acao_id_seq'::regclass);


--
-- TOC entry 1905 (class 2604 OID 27001)
-- Dependencies: 1581 1580
-- Name: id; Type: DEFAULT; Schema: public; Owner: postgres
--

ALTER TABLE programas ALTER COLUMN id SET DEFAULT nextval('programas_id_seq'::regclass);


--
-- TOC entry 1906 (class 2604 OID 27002)
-- Dependencies: 1581 1580
-- Name: ordem; Type: DEFAULT; Schema: public; Owner: postgres
--

ALTER TABLE programas ALTER COLUMN ordem SET DEFAULT currval('programas_id_seq'::regclass);


--
-- TOC entry 1910 (class 2604 OID 26113)
-- Dependencies: 1583 1582
-- Name: id; Type: DEFAULT; Schema: public; Owner: postgres
--

ALTER TABLE projetos ALTER COLUMN id SET DEFAULT nextval('projetos_id_seq'::regclass);


--
-- TOC entry 1911 (class 2604 OID 27003)
-- Dependencies: 1583 1582
-- Name: ordem; Type: DEFAULT; Schema: public; Owner: postgres
--

ALTER TABLE projetos ALTER COLUMN ordem SET DEFAULT currval('projetos_id_seq'::regclass);


--
-- TOC entry 1914 (class 2604 OID 26114)
-- Dependencies: 1585 1584
-- Name: id; Type: DEFAULT; Schema: public; Owner: postgres
--

ALTER TABLE recursos ALTER COLUMN id SET DEFAULT nextval('recursos_id_seq'::regclass);


--
-- TOC entry 1915 (class 2604 OID 26115)
-- Dependencies: 1587 1586
-- Name: id; Type: DEFAULT; Schema: public; Owner: postgres
--

ALTER TABLE situacoes ALTER COLUMN id SET DEFAULT nextval('situacoes_id_seq'::regclass);


--
-- TOC entry 1916 (class 2604 OID 26116)
-- Dependencies: 1589 1588
-- Name: id; Type: DEFAULT; Schema: public; Owner: postgres
--

ALTER TABLE tipo_periodo ALTER COLUMN id SET DEFAULT nextval('tipo_periodo_id_seq'::regclass);


--
-- TOC entry 1919 (class 2604 OID 26117)
-- Dependencies: 1593 1592
-- Name: id; Type: DEFAULT; Schema: public; Owner: postgres
--

ALTER TABLE usuarios_grupos ALTER COLUMN id SET DEFAULT nextval('usuarios_grupos_id_seq'::regclass);


--
-- TOC entry 2021 (class 0 OID 25916)
-- Dependencies: 1552
-- Data for Name: acoes; Type: TABLE DATA; Schema: public; Owner: planejamento
--

COPY acoes (id, descricao, recursos, cronograma, situacao_id, projeto_id, inclusao_data, inclusao_usuario_id, alteracao_data, alteracao_usuario_id, ordem) FROM stdin;
1	Constituição de Grupo de gerenciadores técnicos para ações de atenção básica (AB)	Recurso SES	Janeiro de 2009	1	1	2009-10-22 20:33:07.108184	2	2009-10-22 20:33:07.108184	2	1
2	Organização de Seminário Estadual de Atenção Básica	Recursos SES	Fevereiro/09 – Pactuação junto ao Conselho Estadual de Saúde, e Grupo Técnico Bipartite da AB\r\nAbril/09 – Pactuação junto à CIB\r\nMaio, junho e julho/09 – organização do evento\r\nAgosto /09 – realização do seminário	1	1	2009-10-23 13:55:49.492393	2	2009-10-23 13:55:49.492393	2	2
3	Monitoramento e Avaliação da AB	Recursos do PROESF e da SES	Monitoramento e Avaliação contínua  durante o ano	1	1	2009-10-23 13:58:49.620107	2	2009-10-23 13:58:49.620107	2	3
4	Desenvolvimento de 8 fascículos de apoio ao gestor municipal	Recursos SES	Janeiro de 2009	1	1	2009-10-26 14:29:15.988312	2	2009-10-26 14:29:15.988312	2	4
5	Criação de manuais e protocolos de AB	Recursos SES	Abril de 2009	1	1	2009-10-26 14:59:02.762013	2	2009-10-26 14:59:02.762013	2	5
6	Publicação do Relatório dos resultados das Oficinas de AB.	Recursos SES	Lançamento até Fevereiro de 2009	1	1	2009-10-26 15:02:54.947721	2	2009-10-26 15:02:54.947721	2	6
7	Apoio Financeiro á AB em municípios com menor porte populacional (Qualis Mais)	Recursos do tesouro de Estado e do Ministério da Saúde	Ano de 2009	1	1	2009-10-26 15:10:26.685983	2	2009-10-26 15:10:26.685983	2	7
8	Oficinas regionais de apoio á AB	SES – SP\r\nOPAS	Ano 2009	1	1	2009-10-26 15:23:51.352165	2	2009-10-26 15:23:51.352165	2	8
9	Aperfeiçoar os indicadores de acompanhamento do projeto QUALIS +	SES	Ano009	1	1	2009-10-26 15:43:35.11685	2	2009-10-26 15:43:35.11685	2	9
10	Sensibilizar os Gestores Municipais para a viabilização da Educação Permanente através de cursos e capacitações para a rede	CRH	A partir de fevereiro de 2009	1	1	2009-10-26 16:01:58.598196	2	2009-10-26 16:01:58.598196	2	10
11	Criação de  software para exibição dos dados da Matriz de Indicadores de São Paulo	Programadores com conhecimento em tecnologias para ambiente Web e recursos gráficos avançados	Até outubro de 2009	1	2	2009-10-26 16:04:07.151438	2	2009-10-26 16:04:07.151438	2	11
12	Criação de uma política para segurança da informação	SES e Fundação Faculdade de Medicina	Dez 2009	1	2	2009-10-26 16:12:53.748402	2	2009-10-26 16:12:53.748402	2	12
13	Ampliação do uso do Cartão SUS	SES, aquisição de equipamentos e programas para gestão de identidade	Dez 2009	1	2	2009-10-26 16:17:35.835332	2	2009-10-26 16:17:35.835332	2	13
14	Criação de uma política para qualidade da informação	SES e ferramenta para analise de qualidade de informações	Dez 2009	1	2	2009-10-26 16:23:45.792199	2	2009-10-26 16:23:45.792199	2	14
16	Novos serviços para o Portal saúde.sp.gov.br	Aquisição de novos templates e novas funcionalidades para portal	Dez 2009	1	2	2009-10-26 16:28:39.539849	2	2009-10-26 16:28:39.539849	2	16
18	Ambiente de videoconferência	Aquisição de ferramental para dar conta da solução de Web conference	Dez 2009	1	2	2009-10-26 16:31:35.755191	2	2009-10-26 16:31:35.755191	2	18
19	Ampliação do ambiente de mensageria (e-mail)	Aquisição de equipamentos para hospedagem da nova plataforma e treinamento para formação de multiplicadores	Dez 2009	1	2	2009-10-26 16:35:19.586225	2	2009-10-26 16:35:19.586225	2	19
20	Construção de plataforma para acompanhamento da PPI mantendo-a viva em relação aos fluxos	SES – Programadores e analistas de sistemas	junho 2009	1	2	2009-10-26 16:38:00.132689	2	2009-10-26 16:38:00.132689	2	20
21	Recepção aos novos prefeitos e secretários municipais – coordenação do grupo bipartite e articulação na SES.	SES, PLANEJASUS, MS, OPAS.	Nov/dez 2008\r\nJan 2009 – Produção de materiais.\r\nFevereiro 2009– oficina com prefeitos e secretários.\r\nMarço e agosto 2009 – oficinas regionais.\r\nOficinas temáticas – ao longo de 2009	1	7	2009-10-26 17:04:56.220094	2	2009-10-26 17:04:56.220094	2	21
22	Consolidação, monitoramento e avaliação dos Planos Operativos 2009, coordenação e acompanhamento da execução do Plano Estadual de Saúde.	SES	Consolidação – novembro de 2008.\r\nMonitoramento - 2009	1	7	2009-10-26 17:07:13.175179	2	2009-10-26 17:07:13.175179	2	22
23	Coordenação de ações de acompanhamento, avaliação e aperfeiçoamento do Pacto pela Saúde em 2009 no Estado.	SES	Atualização do Pacto – março a maio 2009.\r\nAcompanhamento – 2009.	1	7	2009-10-26 17:09:35.251139	2	2009-10-26 17:09:35.251139	2	23
24	Coordenação e acompanhamento da execução do PPA  em 2009.	SES	Trimestral, 2009	1	7	2009-10-26 17:14:30.123104	2	2009-10-26 17:14:30.123104	2	24
25	Elaboração do Relatório de Gestão 2008 com base nos resultados do POA  2008.	SES	Março  2009	1	7	2009-10-26 17:16:12.203452	2	2009-10-26 17:16:12.203452	2	25
26	Identificação de necessidades de ampliação ou ajuste na rede assistencial do Estado, a partir da PPI, da análise de dados secundários e dos resultados de pesquisa de satisfação dos usuários.	SES	Semestral, 2009	1	7	2009-10-26 17:18:16.625708	2	2009-10-26 17:18:16.625708	2	26
27	Aprimoramento da  PPI, com incorporação da lógica de redes de atenção à saúde com financiamento das 3 esferas de gestão.	SES	Monitoramento – constante.\r\nExpansão na lógica de redes – segundo semestre de 2009.\r\nExplicitação de recursos das 3 esferas – segundo semestre 2009.	1	7	2009-10-26 17:20:11.427994	2	2009-10-26 17:20:11.427994	2	27
28	Articulação da equipe técnica de planejamento com instâncias de decisão da SES e de pactuação - CES/CIB.	SES	Constante, 2009	1	7	2009-10-26 17:25:27.157867	2	2009-10-26 17:25:27.157867	2	28
29	Manutenção de parcerias para o fortalecimento das regiões de saúde (GS, CRH, CCD e CRS).	SES. MS	Constante, 2009	1	7	2009-10-26 17:28:58.9548	2	2009-10-26 17:28:58.9548	2	29
30	Efetivação do plano diretor de regionalização em consonância com a PPI e conceitos de gestão, redes de atenção organizadas segundo escala e qualidade e AB coordenadora.	SES MS	Constante, 2009	1	7	2009-10-26 17:31:07.683875	2	2009-10-26 17:31:07.683875	2	30
31	Elaboração de planos de desenvolvimento das regiões de saúde – Plano Diretor de Investimento - PDI.	TRIPARTITE	agosto   2009.	1	7	2009-10-26 17:33:19.357498	2	2009-10-26 17:33:19.357498	2	31
32	Formalizar oficialmente o Núcleo de Análise e Informações de Saúde – NAIS, constituído em 2008	-.-	Jan/2009	1	8	2009-10-26 17:36:16.526867	2	2009-10-26 17:36:16.526867	2	32
33	Realizar análises sobre temas de saúde no âmbito do SUS	.	Jan a Dez/2009	1	8	2009-10-26 17:37:35.752673	2	2009-10-26 17:37:35.752673	2	33
34	Publicar Notas Técnicas específicas	Assessoria de Imprensa	Jan a Dez/2009	1	8	2009-10-26 17:39:53.421577	2	2009-10-26 17:39:53.421577	2	34
35	Divulgação da Matriz de Indicadores de Saúde - 2008	SES	Novembro/2009	1	8	2009-10-26 17:41:52.248826	2	2009-10-26 17:41:52.248826	2	35
36	Realização de \r\nOficinas de trabalho Macro Regionais	SES e DRS	1º semestre de 2009	1	8	2009-10-26 17:43:35.525706	2	2009-10-26 17:43:35.525706	2	36
37	Gerenciamento do Programa de Satisfação dos Usuários SUS e Monitoramento da Qualidade de Gestão dos Serviços Prestados	SES e Empresa contratada	Jan e fev/2009\r\n\r\n\r\n\r\nMar a dez/2009	1	8	2009-10-26 17:45:42.52601	2	2009-10-26 17:45:42.52601	2	37
38	Avaliar medidas adotadas no âmbito da assistência obstétrica e neonatal no DRS de Sorocaba em 2008, em parceria com o DRS e Colegiados Regionais e CSS.	.	Janeiro a março	1	9	2009-10-26 17:48:18.204962	2	2009-10-26 17:48:18.204962	2	38
39	Avaliar maternidades com maior volume de atendimento nos Colegiados com altas taxas de Mortalidade Infantil e Mortalidade Materna	.	Em andamento - até junho de 2009	1	9	2009-10-26 17:49:52.515368	2	2009-10-26 17:49:52.515368	2	39
40	Capacitar médicos e enfermeiras obstetras e pediatras atuando nas maternidades de maior abrangência regional nos colegiados regionais de Sorocaba e da Baixada Santista	R$ 280.000,00	Fevereiro a julho.	1	9	2009-10-26 17:51:24.623096	2	2009-10-26 17:51:24.623096	2	40
41	Detalhar diagnóstico de situação a partir de dados secundários e apreciações dos gestores locais, nos DRS da Baixada Santista, de Taubaté, Baurú e de seus municípios.	R$7.500,00	Janeiro a  junho.	1	9	2009-10-26 17:53:44.129095	2	2009-10-26 17:53:44.129095	2	41
42	Formular propostas para melhorar a assistência obstétrica e neonatal na Região da Baixada Santista e nos DRS de Taubaté e Bauru	.	Março a \r\nNovembro	1	9	2009-10-26 17:56:10.798917	2	2009-10-26 17:56:10.798917	2	42
45	Monitoramento das linhas de cuidado: Hipertensão, diabetes, prevenção do Câncer de colo uterino e Câncer de mama.	SES	2º trimestre - Centro-Leste e Nordeste                                   \r\n3º trimestre - Centro-Oeste e Noroeste                                     \r\n4º trimestre - Sul-Sudeste	1	10	2009-10-26 19:22:55.377259	2	2009-10-26 07:24:48	2	45
46	Monitoramento da Assistência de Alta Complexidade	SES	1º trimestre - Cardiologia.        \r\n2º trimestre - Oncologia.              \r\n3º trimestre - Neurocirurgia.     \r\n4º trimestre - Ortopedia.	1	10	2009-10-26 19:25:27.80211	2	2009-10-26 07:25:43	2	46
47	Acompanhamento e avaliação das informações preenchidas no Sistema de Avaliação das Santas Casas - SASC	Próprios	Mensal	1	11	2009-10-26 19:26:48.718457	2	2009-10-26 19:26:48.718457	2	47
48	Manutenção do programa de auxílio financeiro às entidades filantrópicas do Estado – Pró-Santa Casa	Financiamento bipartite: 70% Estado, 30% Município	De acordo com encaminhamento do documento após aprovação pelo CGR e CIB	1	11	2009-10-26 19:27:53.34483	2	2009-10-26 19:27:53.34483	2	48
49	Avaliação, monitoramento e contratação dos Prestadores de Serviços de Saúde.	SES	Mensal	1	12	2009-10-26 19:28:43.685257	2	2009-10-26 19:28:43.685257	2	49
50	Processamento e Monitoramento da Produção dos Serviços de Saúde	SES	Mensal	1	12	2009-10-26 19:29:19.009287	2	2009-10-26 19:29:19.009287	2	50
51	Processamento e Monitoramento do cadastro dos estabelecimentos de saúde sob Gestão Estadual.	SES	Mensal	1	12	2009-10-26 19:30:02.771325	2	2009-10-26 19:30:02.771325	2	51
52	Capacitação dos auditores membros das comissões técnicas de auditoria regional CTAR para o uso das ferramentas de auditoria	Próprios	Cinco cursos/ ano, um para cada Macro Região de Saúde\r\n\r\nCinco cursos bimestrais	1	13	2009-10-26 19:31:10.587482	2	2009-10-26 19:31:10.587482	2	52
53	Auditoria de Serviços de Saúde do SUS/SP	Próprios	Um serviço a cada semestre	1	13	2009-10-26 19:31:49.562277	2	2009-10-26 19:31:49.562277	2	53
54	Auditoria dos serviços que compõe as redes especializadas de assistências à saúde	Próprios	Janeiro a dezembro	1	13	2009-10-26 19:32:36.31328	2	2009-10-26 19:32:36.31328	2	54
55	Auditoria das AIH bloqueadas pelas críticas dos sistemas de informação - SIHD/SUS.	Próprios	Mensal	1	13	2009-10-26 19:33:14.495157	2	2009-10-26 19:33:14.495157	2	55
56	Auditoria de transplantes de coração realizados em priorização	Próprios	De acordo com a realização do procedimento	1	13	2009-10-26 19:34:02.405863	2	2009-10-26 19:34:02.405863	2	56
44	Instrumentalização dos DRS para o acompanhamento da PPI	SES	Até Março de 2009	1	10	2009-10-26 18:59:05.265579	2	2009-10-26 07:48:03	2	44
57	Respostas às demandas externas e internas	Próprios	Contínuo	1	13	2009-10-26 21:32:41.396198	2	2009-10-26 21:32:41.396198	2	57
58	Pesquisa de Satisfação ao Usuário SUS do Estado de São Paulo	Próprios	Contínuo	1	13	2009-10-26 21:33:54.497017	2	2009-10-26 21:33:54.497017	2	58
59	Auditoria de gestão nos municípios do Estado/SP	SES	2 Municípios por DRS, um por semestre	1	13	2009-10-26 21:35:14.743686	2	2009-10-26 21:35:14.743686	2	59
60	Implantação e realização de auditoria nos Hospitais de Ensino - HE, previamente as avaliações trimestrais de metas pactuadas	SES	1 visita por semestre por HE	1	13	2009-10-26 21:36:37.989527	2	2009-10-26 21:36:37.989527	2	60
61	Realização de Auditoria de Monitoramento	SES	1º semestre	1	13	2009-10-26 21:37:57.655087	2	2009-10-26 21:37:57.655087	2	61
62	Ajuste da Assistência de Alta Complexidade de oftalmologia, neurocirurgia e ortopedia, a partir da implantação da PPI	SES	Até Março de 2009	1	15	2009-10-27 08:35:56.168507	2	2009-10-27 08:35:56.168507	2	62
63	Monitoramento da Assistência de Alta Complexidade	SES	1º trimestre - Cardiologia.             \r\n2º trimestre - Oncologia.              \r\n3º trimestre - Neurocirurgia.         \r\n4º trimestre - Ortopedia.	1	15	2009-10-27 08:37:33.139302	2	2009-10-27 08:37:33.139302	2	63
64	Monitoramento do desempenho dos Serviços que prestam assistência à saúde ao SUS/SP (Hospitais de Ensino, Filantrópicos, Ambulatoriais e outros).	SES	2009	1	15	2009-10-27 08:38:33.715118	2	2009-10-27 08:38:33.715118	2	64
65	Criação de instrumento e indicadores para avaliação e monitoramento das Redes já implantadas	SES	Março - Cardiologia                           \r\nJunho - Oncologia                             \r\nSetembro - Neurocirurgia \r\nDezembro - Ortopedia                                   \r\na definir - Oftalmologia	1	15	2009-10-27 08:39:51.380566	2	2009-10-27 08:40:16	2	65
66	Monitoramento do desempenho dos Hospitais de Ensino, Filantrópicos, Ambulatoriais e outros conforme Sistema de Avaliação dos Hospitais de Ensino, e avaliações trimestrais.	SES	Mensal	1	16	2009-10-27 08:41:37.338287	2	2009-10-27 08:41:37.338287	2	66
67	Termo de Cooperação SES-SP/ANS	SES	Mensal	1	16	2009-10-27 08:42:40.843695	2	2009-10-27 08:42:40.843695	2	67
68	Implementação de fluxo de informações entre planejamento e GVS/SGVS	SES	Mensal	1	16	2009-10-27 08:44:22.231863	2	2009-10-27 08:44:22.231863	2	68
69	Monitoramento do desempenho dos hospitais de pequeno porte	SES	Primeiro trimestre de 2009	1	17	2009-10-27 08:45:27.991443	2	2009-10-27 08:45:27.991443	2	69
70	Elaboração de uma Política Estadual para os Hospitais de Pequeno Porte	SES	Segundo trimestre de 2009	1	17	2009-10-27 08:46:37.028276	2	2009-10-27 08:46:37.028276	2	70
71	Implantação da Política Estadual de Hospitais de Pequeno Porte	SES	Segundo trimestre de 2009	1	17	2009-10-27 08:47:39.404599	2	2009-10-27 08:47:39.404599	2	71
72	Monitoramento do desempenho dos Ambulatórios de Especialidades – AME implantados	SES	Relatório de avaliação trimestral da participação no programa	1	18	2009-10-27 08:48:31.774105	2	2009-10-27 08:48:31.774105	2	72
73	Monitoramento da Assistência de Alta Complexidade	SES	1º trimestre - Cardiologia.            \r\n2º trimestre - Oncologia.             \r\n3º trimestre - Neurocirurgia.                \r\n4º trimestre - Ortopedia	1	19	2009-10-27 08:50:01.676415	2	2009-10-27 08:50:01.676415	2	73
74	Criação de instrumento e indicadores para avaliação e monitoramento das Redes já implantadas	SES	1º trimestre - Cardiologia.             \r\n2º trimestre - Oncologia.              \r\n3º trimestre - Neurocirurgia.                \r\n4º trimestre - Ortopedia \r\na definir – Oftalmologia	1	19	2009-10-27 08:51:02.620193	2	2009-10-27 08:51:02.620193	2	74
75	Organização de Campanhas / Mutirões para realização de exames de mamografia e USG	SES	Setembro de 2009	1	20	2009-10-27 08:52:10.176321	2	2009-10-27 08:52:10.176321	2	75
76	Divulgação das diretrizes da Política de Regulação do Estado de São Paulo nas suas áreas de atuação, frente aos gestores estaduais e municipais.	SES	Julho de 2009	1	23	2009-10-27 08:53:37.171124	2	2009-10-27 08:53:37.171124	2	76
77	Implementação os Complexos Macro-Regionais de Regulação (CMRR) I.	SES	Julho de 2009	1	23	2009-10-27 08:55:07.74004	2	2009-10-27 08:57:39	2	77
78	Implementação os Complexos Macro-Regionais de Regulação (CMRR) II.	SES	Março de 2009	1	23	2009-10-27 08:56:41.076431	2	2009-10-27 08:57:56	2	78
79	Instrumentalização das Centrais de Regulação dos DRS.	SES	Março de 2009	1	23	2009-10-27 08:58:29.462766	2	2009-10-27 08:58:29.462766	2	79
80	Criação de Sistema de Informação para Regulação de procedimentos de urgência /emergência (UE) e eletivos.	SES	Até Julho de 2009	1	23	2009-10-27 08:59:24.448209	2	2009-10-27 08:59:24.448209	2	80
81	Capacitação das equipes dos DRS na Regulação de Atenção e implementação de protocolos clínicos e de regulação.	SES	1º e 2º semestres	1	23	2009-10-27 09:00:44.366375	2	2009-10-27 09:00:44.366375	2	81
82	Desenvolvimento de mecanismos facilitadores para atendimento de Urgência e Emergência (UE).	SES	1º e 2º semestres	1	23	2009-10-27 09:01:57.206351	2	2009-10-27 09:01:57.206351	2	82
83	Instrumentalização dos DRS para capacitação do corpo técnico dos municípios na Regulação da Atenção	SES	2009	1	23	2009-10-27 09:02:46.034591	2	2009-10-27 09:02:46.034591	2	83
84	Implantar acolhimento com avaliação de risco	SES	1º trimestre – capacitação das equipes, definição dos espaços físicos, elaboração de protocolos.\r\n2º e 3º trimestre implantação nos serviços de alta demanda\r\n4º trimestre – demais unidades	1	30	2009-10-27 09:05:11.052895	2	2009-10-27 09:05:11.052895	2	84
85	Implantar visita aberta e direito a acompanhante	SES	2009	1	30	2009-10-27 09:06:24.407838	2	2009-10-27 09:06:24.407838	2	85
86	Implantar canais de escuta para usuário	SES	2009	1	30	2009-10-27 09:13:06.583437	2	2009-10-27 09:13:06.583437	2	86
87	Melhorar os processos de gestão	SES	Implantação – 1º trimestre.\r\nMonitoramento e Avaliação – 2º e 3º trimestre	1	31	2009-10-27 09:14:30.500501	2	2009-10-27 09:14:30.500501	2	87
88	Acompanhar e avaliar o desempenho assistencial e financeiro dos serviços de saúde gerenciado tanto pela administração direta quanto por parceiros, através de sistemas via WEB	SES	2009	1	31	2009-10-27 09:15:30.511308	2	2009-10-27 09:15:30.511308	2	88
89	Implantar o Centro Estadual de Armazenamento e distribuição de Insumos de Saúde - CEADIS	SES	2009	1	31	2009-10-27 09:16:35.710814	2	2009-10-27 09:16:35.710814	2	89
90	Dar continuidade à implantação da nova sistemática de contratação de serviços de manutenção predial	SES	2009	1	31	2009-10-27 09:17:43.433451	2	2009-10-27 09:17:43.433451	2	90
91	Ampliar e modernizar o parque de equipamentos médico hospitalar	A estimar	2009	1	32	2009-10-27 09:18:46.380403	2	2009-10-27 09:18:46.380403	2	91
92	Ampliar a rede de serviços próprios	SES	2009	1	32	2009-10-27 09:20:18.066523	2	2009-10-27 09:20:18.066523	2	92
93	Ampliar leitos de UTI para crônicos	SES	2009	1	32	2009-10-27 09:21:08.043783	2	2009-10-27 09:21:08.043783	2	93
94	Apoio e fortalecimento das ações para o desenvolvimento científico, tecnológico e de inovação das Instituições de Pesquisa da Secretaria de Estado da Saúde.	SES-SP, M.S. FAPESP, CNPq, FINEP	2009-2011	1	95	2009-10-27 09:24:50.191288	2	2009-10-27 09:24:50.191288	2	94
95	Apoio às Instituições de Pesquisa da Secretaria de Estado da Saúde para o estabelecimento de parcerias com vistas realização de cursos de gestão da Inovação Tecnológica.	SES-SP , FAPESP, CNPq, FINEP	2009-2011	1	96	2009-10-27 09:26:43.974181	2	2009-10-27 09:26:43.974181	2	95
96	Recuperar e ampliar as estruturas físicas	R$ 39.000.000,00\r\n\r\nA estimar	2009\r\n\r\n1º trimestre - Concluir projeto arquitetônico e realizar pregão.\r\n2º trimestre – iniciar as obras\r\n\r\n\r\n2009\r\n\r\n2009	1	32	2009-10-27 09:30:53.21919	2	2009-10-27 09:30:53.21919	2	96
97	Apoio às Instituições de Pesquisa da Secretaria de Estado da Saúde para o estabelecimento de parcerias com vistas ao fortalecimento do desenvolvimento científico, tecnológico e de inovação.	SES-SP, FAPESP, CNPq, FINEP	2009-2011	1	97	2009-10-27 09:32:29.923172	2	2009-10-27 09:32:29.923172	2	97
101	Avaliação e proposição de estratégia para manutenção e ampliação do “Programa Sorria São Paulo”.	R$ 5.728.000,00\r\n\r\nR$ 436.800,00	2ºtrimestre de 2009.	1	87	2009-10-27 09:37:36.982513	2	2009-10-27 09:37:36.982513	2	101
102	Apoio técnico para os DRS na reestruturação das ações de saúde bucal na atenção básica.	orçamentários	2ºtrimestre de 2009.	1	87	2009-10-27 09:39:38.679896	2	2009-10-27 09:39:38.679896	2	102
103	Identificação na rede da oferta e ampliação de atendimento em Câncer Bucal.	orçamentários	1º. Trimestre de 2009.	1	87	2009-10-27 09:40:45.812202	2	2009-10-27 09:40:45.812202	2	103
104	Identificação da rede de média e alta complexidade em Câncer Bucal.	orçamentários	3º. Trimestre de 2009.	1	87	2009-10-27 09:42:02.849283	2	2009-10-27 09:42:02.849283	2	104
105	Capacitação dos trabalhadores nos sistemas de informação do SUS, para alimentação dos dados de saúde bucal.		2º. Trimestre de 2009.	1	87	2009-10-27 09:43:20.855348	2	2009-10-27 09:43:20.855348	2	105
106	Monitoramento da alimentação dos dados de saúde bucal nos sistemas de informação do SUS.	orçamentários	3º. Trimestre de 2009.	1	87	2009-10-27 09:44:33.180832	2	2009-10-27 09:44:33.180832	2	106
107	Elaboração da Política Estadual de Saúde Bucal.	Reuniões.	1º.Trimestre de 2009.	1	87	2009-10-27 09:45:33.984672	2	2009-10-27 09:45:33.984672	2	107
108	Realização de levantamento epidemiológico em saúde bucal no Estado de São Paulo com coordenação do governo estadual, em parceria com os governos municipais.	Em negociação.	1º. Trimestre de  2009.	1	87	2009-10-27 09:46:38.364231	2	2009-10-27 09:46:38.364231	2	108
109	Capacitação dos Interlocutores de Saúde Bucal dos DRS.	R$ 120.000,00	1º. Trimestre de 2009.	1	87	2009-10-27 09:47:37.860747	2	2009-10-27 09:47:37.860747	2	109
110	Formulação de projeto de centros de referência de atenção integral às pessoas com fissura labiopalatino.	orçamentários	3º. Trimestre de 2009.	1	87	2009-10-27 09:48:47.064159	2	2009-10-27 09:48:47.064159	2	110
111	Viabilizar estudos que apontem condições, amostragem e rastreamento de fontes (poços) de água em todos os municípios do estado com compartilhamento de conhecimento técnico.	R$1.000.000,00	2º. Trimestre de 2009	1	87	2009-10-27 09:49:59.949113	2	2009-10-27 09:49:59.949113	2	111
114	Desenvolvimento de Projeto de Apoio à Política Estadual de Fortalecimento da Participação Social	R$ 250.000,00 (oriundos da SES/SP)	2ª semestre de 2009	1	111	2009-10-27 10:08:36.724342	2	2009-10-27 10:08:36.724342	2	114
115	Fortalecimento da Participação Social para Discussões Temáticas Específicas	R$ 100.000,00 (oriundos da Secretaria de Estado da Saúde)		1	111	2009-10-27 10:09:56.772017	2	2009-10-27 10:09:56.772017	2	115
116	Produção do material, disponibilização de espaço físico e das demais necessidades de infra estrutura, para o bom desenvolvimento dos trabalhos do CES	R$ 150.000,00 (oriundos da Secretaria de Estado da Saúde)	1º e 2º semestre	1	111	2009-10-27 10:11:09.988161	2	2009-10-27 10:11:09.988161	2	116
120	Aperfeiçoamento dos ouvidores para a melhoria do atendimento ao usuário, visando a humanização	Provenientes da Secretaria de Estado da Saúde (total de 50 mil reais)	1º e 2º semestre	1	112	2009-10-27 10:13:23.091277	2	2009-10-27 10:13:23.091277	2	120
121	Apoiar a criação, desenvolvimento e fortalecimento das Ouvidorias de Municípios no âmbito do DRS I	Com apoio MS	1º e 2º semestre	1	112	2009-10-27 10:14:24.920187	2	2009-10-27 10:14:24.920187	2	121
127	Reorganização da Rede de Reabilitação Física	Espaço para reuniões, transporte, diária.	1º e 2º semestre	1	90	2009-10-27 10:22:11.272834	2	2009-10-27 10:22:11.272834	2	127
128	Adequação do processo de dispensação de Órteses, Próteses e Meios Auxiliares de Locomoção (OPM)	R$600.000,00 (3 oficinas implantadas)\r\nR$200.000,00/oficina/mês manutenção	1º e 2º semestre	1	90	2009-10-27 10:23:33.618792	2	2009-10-27 10:23:33.618792	2	128
129	Capacitação dos profissionais envolvidos no processo de dispensação de OPM	Infra-estrutura para reuniões, transporte e diárias, contratação de profissionais.\r\nCRH, GTAE, CDQ. R$ 10.000,00	1º e 2º semestre	1	90	2009-10-27 10:25:21.78164	2	2009-10-27 10:26:33	2	129
130	Capacitação dos responsáveis pelas unidades (técnico e administrativo) nas políticas públicas de reabilitação física, dando enfoque ao credenciamento e faturamento de acordo com a legislação vigente.	Infra-estrutura para reuniões, transporte e diárias, contratação de profissionais.\r\nCRH, GTAE, CDQ.\r\nR$ 10.000,00	3º trimestre	1	90	2009-10-27 10:27:08.95466	2	2009-10-27 10:27:08.95466	2	130
131	Sistematização do procedimento de Triagem Auditiva Neonatal	R$ 50.000,00 para capacitação técnica.	1º e 2º semestre	1	90	2009-10-27 10:28:10.650147	2	2009-10-27 10:28:10.650147	2	131
132	Definição de modelo de atenção ao Deficiente Intelectual (DI) grave	R$ 120.000,00	1º semestre	1	90	2009-10-27 10:29:06.26209	2	2009-10-27 10:29:06.26209	2	132
133	Publicação da política estadual de atenção aos usuários de álcool e outras drogas.	SES – impressão do material	1º trimestre	1	91	2009-10-27 10:30:34.356158	2	2009-10-27 10:30:34.356158	2	133
134	Apoio técnico aos DRSs para a  mplantação de CAPS ad em regiões com população acima de 200.000 habitantes.	Espaço e infraestrutura para reuniões\r\nIncentivo Estadual para a implantação no valor total de R$ 200.000,00t	4º º trimestre	1	91	2009-10-27 10:31:44.230854	2	2009-10-27 10:31:44.230854	2	134
135	Implantar serviços extra-hospitalares de atenção a crianças e adolescentes usuárias de álcool e outras drogas	SES/SP \r\nImplantação no valor de R$ 1.300.000,00	4º trimestre	1	91	2009-10-27 10:50:34.735431	2	2009-10-27 10:50:34.735431	2	135
136	Capacitação dos profissionais da Atenção Básica – Estratégia da Saúde da Família (via DRSs) encaminhamento e acompanhamento terapêutico de usuários de álcool e outras drogas.	SES/SP convênio com PAI/PAD – Faculdade de Medicina de Ribeirão Preto	3º trimestre	1	91	2009-10-27 10:51:49.758708	2	2009-10-27 10:51:49.758708	2	136
137	Promoção e apoio para a implantação de leitos de atenção integral aos usuários de álcool e outras drogas	Recursos financeiros a serem definidos de acordo com cada região	2º trimestre	1	91	2009-10-27 10:52:59.572589	2	2009-10-27 10:52:59.572589	2	137
138	Avaliação da Rede de CAPS ad.	FAPESP	4º trimestre	1	91	2009-10-27 10:53:21.025179	2	2009-10-27 10:54:46	2	138
139	Promoção de projetos intersetoriais para a atenção à saúde de usuários de álcool e outras drogas.	Convênios	2º trimestre	1	91	2009-10-27 10:55:48.848695	2	2009-10-27 10:55:48.848695	2	139
140	Apoio técnico aos DRS, CGR e municípios para a implantação e cadastramento de CAPS I, II e III	R$ 700.000,00 (Incentivo estadual para implantação dos CAPS)	1º, 2º, 3º e 4º trimestres	1	92	2009-10-27 10:57:14.433481	2	2009-10-27 10:57:14.433481	2	140
141	Apoio técnico aos DRS, CGR e municípios para a implantação e cadastramento de CAPS Infantil em municípios com população acima de 300.000 habitantes	R$ 120.000 (Incentivo estadual para implantação dos CAPS)	1º, 2º, 3º e 4º trimestres	1	92	2009-10-27 10:58:17.388711	2	2009-10-27 10:58:17.388711	2	141
144	Implementação e/ou implantação de práticas de cura tradicional (medicina tradicional) e de respeito à tradição Guarani	Motoristas, Diárias, gêneros alimentícios.	1º , 2º, 3º e 4º Trimestre de 2009	1	99	2009-10-27 11:01:42.555824	2	2009-10-27 11:01:42.555824	2	144
145	Capacitação de trabalhadores das várias instâncias / níveis do SUS-SP	CRH – R$  3.500,00 X 6 DRS	2 (dois) por trimestre	1	99	2009-10-27 11:03:02.37231	2	2009-10-27 11:03:02.37231	2	145
146	Realização de Seminário Estadual		3º Trimestre	1	99	2009-10-27 11:03:57.135769	2	2009-10-27 11:03:57.135769	2	146
147	Reuniões com  os técnicos dos municípios da DRS IV que possuem aldeia indígena.	Espaço físico	Fevereiro\r\nAbril\r\nJunho\r\nAgosto\r\nOutubro\r\nDezembro	1	99	2009-10-27 11:05:14.899804	2	2009-10-27 11:05:14.899804	2	147
166	Ampliação da produção de vacinas e soros hiperimunes.	R$ 8.036.000	2009	1	4	2009-10-27 23:18:05.552767	2	2009-10-27 23:18:05.552767	2	166
167	Implantação de um sistema informatizado ERP para o setor de produção	R$\r\n2.500.000	2009	1	24	2009-10-28 10:16:43.040657	2	2009-10-28 10:16:43.040657	2	167
168	Implantação de um sistema informatizado ERP para o setor de produção	R$\r\n2.500.000	2009	1	4	2009-10-28 10:22:54.370378	2	2009-10-28 10:22:54.370378	2	168
169	Reestruturar a Assistência Farmacêutica na Atenção Básica - Dose Certa	R$\r\n100.000.000	2009	1	24	2009-10-28 10:29:18.418859	2	2009-10-28 10:29:18.418859	2	169
170	Revisão do Elenco dos medicamentos da Atenção Básica conforme Protocolos Técnicos para agravos prevalentes e prioritários da Atenção Básica à Saúde	Trabalho Interno	2009	1	24	2009-10-28 10:33:36.62878	2	2009-10-28 10:33:36.62878	2	170
171	Pactuação da relação complementar dos medicamentos que serão disponibilizados	R$\r\n30.000	2009	1	24	2009-10-28 10:35:59.212682	2	2009-10-28 10:35:59.212682	2	171
172	Modernização das Farmácias de Medicamentos de Dispensação Excepcional	R$\r\n 1.200.000	2009	1	25	2009-10-28 10:38:30.547863	2	2009-10-28 10:38:30.547863	2	172
173	Implantação de Sistema de Informação nas Farmácias de Medicamentos de Dispensação Excepcional	R$\r\n 1.000.000	2009	1	25	2009-10-28 10:40:21.202998	2	2009-10-28 10:40:21.202998	2	173
174	Finalização do Manual de Procedimentos em Assistência Farmacêutica	.	2009	1	25	2009-10-28 10:42:16.683834	2	2009-10-28 10:42:16.683834	2	174
175	Operacionalização do Programa de Medicamentos de Dispensação Excepcional	R$ 360.000.000\r\n(Tesouro)\r\n\r\n840.000.000\r\n(FUNDES)	2009	1	25	2009-10-28 10:45:11.507087	2	2009-10-28 10:45:11.507087	2	175
176	Capacitação permanente para qualificação da Assistência Farmacêutica no SUS	.	2009	1	25	2009-10-28 10:47:39.019322	2	2009-10-28 10:47:39.019322	2	176
177	Transferência para a gestão estadual dos serviços que realizam exames imunohemato-lógicos e sorológicos.	SES	2009	1	27	2009-10-28 10:50:36.309774	2	2009-10-28 10:50:36.309774	2	177
178	Definição dos hospitais que serão atendidos pelos hemocentros e hemonúcleos	SES	2009	1	27	2009-10-28 10:52:08.61186	2	2009-10-28 10:52:08.61186	2	178
179	Estabelecimento dos critérios de habilitação dos serviços de atenção às hemoglobino-patias e coagulopatias	SES	2009	1	27	2009-10-28 10:55:10.219519	2	2009-10-28 10:55:10.219519	2	179
180	Difundir o conhecimento produzido no SUS-SP pelo Instituto de Saúde(IS)	R$\r\n200.000	2009	1	29	2009-10-28 10:56:58.957323	2	2009-10-28 10:56:58.957323	2	180
181	Qualificar  profissionais do IS e do SUS-SP na área de atuação do IS	R$\r\n102.000	2009	1	29	2009-10-28 10:59:01.662458	2	2009-10-28 10:59:01.662458	2	181
182	Elaborar e desenvolver projetos de pesquisa de interesse do \r\nSUS - SP	R$\r\n255.500	2009	1	29	2009-10-28 11:00:20.806413	2	2009-10-28 11:00:20.806413	2	182
183	Implantar “Banco de Idéias da CRH”	.	Até Dez 2009	1	6	2009-10-28 11:04:19.632323	2	2009-10-28 11:04:19.632323	2	183
184	Apoiar à construção do POA 2009 – programa V	.	Até Dez de 2009	1	6	2009-10-28 11:11:24.685483	2	2009-10-28 11:11:24.685483	2	184
185	Finalizar implantação de sistema de gerenciamento de projetos em parceria com a SGP	.	Até abril de 2009	1	6	2009-10-28 11:13:54.861783	2	2009-10-28 11:13:54.861783	2	185
186	Implantar “filtro de projetos da CRH”	.	Até fevereiro de 2009	1	6	2009-10-28 11:15:42.646129	2	2009-10-28 11:15:42.646129	2	186
187	Realizar capacitação em Gestão de Projetos	.	Até abril de 2009	1	6	2009-10-28 11:17:47.876306	2	2009-10-28 11:17:47.876306	2	187
188	Realizar “Ciclo de Socialização do  Conhecimento”	.	Dez 2009	1	6	2009-10-28 12:21:19.354043	2	2009-10-28 12:21:19.354043	2	188
189	Fortalecer o trabalho em rede por meio do Blog da Rede IntegraRH	.	Dez 2009	1	6	2009-10-28 12:23:33.397506	2	2009-10-28 12:23:33.397506	2	189
190	Realizar Rodas de conversa da Rede IntegraRH	.	Dez 2009	1	6	2009-10-28 12:25:38.701663	2	2009-10-28 12:25:38.701663	2	190
191	Articular e dar suporte à um plano de desenvolvimento gerencial para os cargos de comando dos hospitais de administração direta da SES/SP	.	Dez 2009	1	6	2009-10-28 12:27:44.783414	2	2009-10-28 12:27:44.783414	2	191
192	Participar do comitê técnico de certificação ocupacional	.	Até julho 2009	1	6	2009-10-28 12:29:52.72622	2	2009-10-28 12:29:52.72622	2	192
193	Plano de Desenvolvimento Individual	.	Até dez 2009	1	6	2009-10-28 12:31:25.830437	2	2009-10-28 12:31:25.830437	2	193
194	Reuniões, com a periodicidade mensal, com os Núcleos de Humanização dos CDQ/SUS, bem como com os Coordenadores da Atenção Básica, implantando a PNH em âmbito regional	Hora-aula \r\nLanche/Coffee-Break	Fevereiro \r\na \r\nDezembro/2009	1	33	2009-10-28 12:33:00.224794	2	2009-10-28 12:33:00.224794	2	194
195	Reuniões com os Grupos de Trabalho de Humanização dos Hospitais Estaduais de administração direta e  os gerenciados pelas OS (s), dinamizando os dispositivos  já implantados (Acolhimento com Classificação de Risco, Visita Aberta e Direito a Acompanhante) e incentivando a implementação de outros:  Processo de Trabalho , Clínica Ampliada e Gestão Participativa.	Hora-aula \r\nLanche/Coffee-Break	Maio\r\nSetembro\r\nNovembro	1	33	2009-10-28 12:36:44.974822	2	2009-10-28 12:36:44.974822	2	195
196	Encontros Temáticos discutindo temas relevantes para a Política de Humanização abrindo novas frentes de discussão nas áreas do idoso, da mulher, na mental, população negra	Hora-aula \r\nLanche/Coffee-Break	março /junho / setembro/novembro	1	33	2009-10-28 12:39:02.213264	2	2009-10-28 12:39:02.213264	2	196
197	Encontros Loco Regionais	Hora-aula \r\nLanche/Coffee-Break	fevereiro a novembro	1	33	2009-10-28 12:41:06.707992	2	2009-10-28 12:41:06.707992	2	197
198	Encontros Estaduais	Lanche/Coffee-Break	Junho /Dezembro	1	33	2009-10-28 12:58:59.51727	2	2009-10-28 12:58:59.51727	2	198
199	Consolidar a Rede de 180 apoiadores em Humanização construída a partir do curso de Formação de Apoiadores da PNH em 2008, com capilaridade nos municípios ( rede básica, ambulatórios)	Hora-aula \r\nLanche/Coffee-Break	março junho / setembro/novembro	1	33	2009-10-28 13:05:17.517109	2	2009-10-28 13:05:17.517109	2	199
200	Incentivar a participação de trabalhadores de saúde no site da Humanização da SES e na rede HumanizaSUS.	Hora-aula \r\nLanche/Coffee-Break		1	33	2009-10-28 13:10:15.204725	2	2009-10-28 13:10:15.204725	2	200
201	Elaborar Relatórios mensais sobre quadro de servidores da SES a partir de dados de folha de pagamento e cadastro funcional	.	.	1	35	2009-10-28 13:15:54.228803	2	2009-10-28 13:15:54.228803	2	201
202	Elaborar Boletim Mensal acerca de RH no SUS e na SES	.	.	1	35	2009-10-28 13:20:26.187798	2	2009-10-28 13:20:26.187798	2	202
203	Disponibilizar o acesso ao sistema de informações em gestão de RH, elaborado pela CRH, aos RH das unidades	.	.	1	35	2009-10-28 13:21:55.840262	2	2009-10-28 13:21:55.840262	2	203
204	Identificar os principais problemas relacionados com a gestão de recursos humanos nos municípios paulistas	.	.	1	36	2009-10-28 13:28:24.387408	2	2009-10-28 13:28:24.387408	2	204
205	Identificar linhas de intervenção para os problemas identificados	.	.	1	36	2009-10-28 13:30:07.8546	2	2009-10-28 13:30:07.8546	2	205
206	Gerar base de dados a partir das tabelas do Sistema CNES	.	.	1	37	2009-10-28 13:32:44.524257	2	2009-10-28 13:32:44.524257	2	206
207	Gerar base de dados a partir do RECAD	.	.	1	37	2009-10-28 13:34:05.194465	2	2009-10-28 13:34:05.194465	2	207
208	Análise dos dados do Sistema CNES	.	.	1	37	2009-10-28 13:35:32.652345	2	2009-10-28 13:35:32.652345	2	208
209	Análise dos dados do RECAD	.	.	1	37	2009-10-28 13:37:35.097263	2	2009-10-28 13:37:35.097263	2	209
210	Elaborar e executar projeto de investigação acerca da necessidade de médicos especialistas no Estado de São Paulo	.	.	1	37	2009-10-28 13:39:43.923085	2	2009-10-28 13:39:43.923085	2	210
211	Apresentar a Ouvidoria à população, conclamando-a para sua real participação e apresentação de soluções, com relatórios e esclarecimentos sobre providências adotadas, para o controle e  acompanhamento dos Conselhos de Saúde, conforme proposta da V C.E.S. (nº 526)	Recursos Locais	Fevereiro à Dezembro/2009	1	112	2009-10-28 13:47:52.566689	2	2009-10-28 13:47:52.566689	2	211
212	Apoio a instituição da Política Nacional de Investimento no Controle Social, com garantia de recursos regulares de cada esfera de governo, visando financiamento dos Conselhos, Conferências, Capacitação Permanente de Conselheiros	R$ 150.000,00 (oriundos da Secretaria de Estado da Saúde)	1º e 2º semestre	1	111	2009-10-28 13:49:09.889054	2	2009-10-28 13:49:09.889054	2	212
213	Apoio à consolidação da Rede de Informação e Conhecimento e ampliação dos serviços de informação para fortalecer o processo de gestão do conhecimento, técnico e científico na Secretaria de Estado da Saúde.	SES-SP	2009	1	98	2009-10-28 13:51:20.405147	2	2009-10-28 13:51:20.405147	2	213
214	Sensibilizar (o Gestor Estadual) viabilizando a Educação Permanente através de Cursos e capacitações para rede de Técnicos em Higiene Dental e Auxiliar de Cons. Dentário em uma logica do PNH, PSF e outros modelos de AB.	Orçamentários	Consideramos este item  como proposta para 2010.	1	87	2009-10-28 13:54:18.647899	2	2009-10-28 13:54:18.647899	2	214
215	Acompanhar ações de Qualidade de Vida no Trabalho nas unidades da SES	Nº de reuniões realizadas	.	1	40	2009-10-28 13:55:49.710777	2	2009-10-28 13:55:49.710777	2	215
216	Disseminar conhecimento em Qualidade de Vida no Trabalho e apoiar as Unidades  que iniciarem projeto de qualidade de vida no trabalho	.	.	1	40	2009-10-28 13:58:56.320184	2	2009-10-28 13:58:56.320184	2	216
217	Acompanhar a implantação dos SESMT nos hospitais da SES	.	.	1	40	2009-10-28 14:03:48.947172	2	2009-10-28 14:03:48.947172	2	217
218	 Desenvolvimento das normas e critérios de evolução da carreira	.	Janeiro a Julho/2009	1	42	2009-10-28 14:06:56.598851	2	2009-10-28 14:06:56.598851	2	218
219	Regulamentar concurso para carreira de gestor público de saúde	.	Maio a Dezembro de 2009	1	42	2009-10-28 14:08:21.561497	2	2009-10-28 14:08:21.561497	2	219
220	Mapear os processos de trabalho para ratificação de tempo de contribuição	.	 Até fevereiro de 2009	1	43	2009-10-28 14:13:09.762956	2	2009-10-28 14:13:09.762956	2	220
221	Analisar o instrumento de contagem de tempo  para ratificação do tempo de contribuição	.	Até abril de 2009	1	43	2009-10-28 14:14:35.063251	2	2009-10-28 14:14:35.063251	2	221
222	Analisar o instrumento de contagem de tempo  para ratificação do tempo de contribuição	.	Até abril de 2009	1	43	2009-10-28 14:18:32.693712	2	2009-10-28 14:18:32.693712	2	222
223	Implementar  instrumento reformulado para a ratificação de tempo de contribuição, com base na legislação vigente	.	Até setembro/ 2009	1	43	2009-10-28 14:20:54.378228	2	2009-10-28 14:20:54.378228	2	223
224	Implantar o aplicativo de contagem de tempo nas unidade da SES	.	Até dez/09	1	43	2009-10-28 14:22:27.416145	2	2009-10-28 14:22:27.416145	2	224
226	Identificar setores críticos referentes a aposentadoria, apresentando necessidade de reposição	.	Até fev/2009	1	43	2009-10-28 14:23:54.053753	2	2009-10-28 14:23:54.053753	2	226
228	Elaboração de plano regional para ampliação do acesso das mulheres às queixas ginecológicas		1º trimestre e 2º trimestre	1	100	2009-10-28 14:25:10.82065	2	2009-10-28 14:25:10.82065	2	228
229	Realizar concursos e qualificação tutoriada para reposição direcionada de pessoal	.	Durante 2009	1	43	2009-10-28 14:25:32.495148	2	2009-10-28 14:25:32.495148	2	229
230	Avaliação da realização das ações laqueadura (oferta x produção) nos serviços próprios		3° e 4° trimestre	1	100	2009-10-28 14:26:16.982041	2	2009-10-28 14:26:16.982041	2	230
231	Atualização/adequação dos manuais assistenciais sobre Planejamento Familiar do MS para ESP		2º trimestre	1	100	2009-10-28 14:28:08.803391	2	2009-10-28 14:28:08.803391	2	231
232	Sistematizar as práticas de remuneração  adotadas na SES/SP	.	.	1	44	2009-10-28 14:28:15.492784	2	2009-10-28 14:28:15.492784	2	232
233	Implantação/implementação de serviços para Atenção Integral a Saúde de Adolescentes e Mulheres Vítimas de Violência Sexual nas DRS.		3º trimestre	1	100	2009-10-28 14:29:27.679884	2	2009-10-28 14:29:27.679884	2	233
234	Capacitação de recursos humanos para atenção aos agravos resultantes da violência sexual.	40.000,00	3º trimestre	1	100	2009-10-28 14:31:00.679867	2	2009-10-28 14:31:00.679867	2	234
235	Articulação de ação integrada SES/SSP para ampliação/implementação da atenção às mulheres e adolescentes vítimas de violência sexual		2º trimestre	1	100	2009-10-28 14:31:54.004017	2	2009-10-28 14:31:54.004017	2	235
236	Alinhar as formas de remuneração às diretrizes estratégicas da SES/SP	.	.	1	44	2009-10-28 14:32:29.360218	2	2009-10-28 14:32:29.360218	2	236
237	Produção de material de comunicação social (com enfoque regional)  sobre a magnitude da violência e sobre os serviços/rede já existentes.		4° trimestre	1	100	2009-10-28 14:32:56.415713	2	2009-10-28 14:32:56.415713	2	237
238	Revisão e adequação do Plano de Atenção à Saúde no Sistema Penitenciário	Orçamento \r\nPortaria nº1777/2003\r\nPortaria nº340/2004	3 º e 4º  Trimestre	1	103	2009-10-28 14:35:02.698994	2	2009-10-28 14:35:02.698994	2	238
239	Testar e validar o novo instrumento de avaliação de desempenho elaborado no POA 2008	.	.	1	44	2009-10-28 14:36:02.11649	2	2009-10-28 14:36:02.11649	2	239
240	Elaboração de diagnóstico epidemiológico e assistencial da População privada de liberdade	CONVENIO/ OPAS \r\n\r\n\r\nOrçamentário	3° e 4° trimestre	1	103	2009-10-28 14:36:51.571048	2	2009-10-28 14:36:51.571048	2	240
241	Apoio técnico junto aos DRS para ampliação da  vacinação  e acesso a meios contraceptivos	Orçamentário	3° trimestre	1	103	2009-10-28 14:39:04.516681	2	2009-10-28 14:39:04.516681	2	241
242	Redistribuição dos partos realizados em detentas no Hospital Mandaqui	Orçamentário	2°trimestre	1	103	2009-10-28 14:40:33.844506	2	2009-10-28 14:40:33.844506	2	242
243	Elaboração da Política Estadual de Atenção à Saúde no Sistema dos adolescentes em conflito com a lei	Orçamentário	3° e 4° trimestre	1	103	2009-10-28 14:41:37.745108	2	2009-10-28 14:41:37.745108	2	243
244	Acompanhamento da implantação dos Planos Regionais de educação Permanente em saúde nos CGR, DRS, CIES e Condensado estadual	.	fev  a dez. 2009	1	46	2009-10-28 14:49:55.270742	2	2009-10-28 14:49:55.270742	2	244
245	Alimentar o Sistema de Informação em processos educacionais	Fundo Estadual de Saúde                      Recurso do Ministério da Saúde                  CIES                          Transversal	Inicio em fev./2009	1	46	2009-10-28 14:51:56.323346	2	2009-10-28 14:51:56.323346	2	245
246	Desenvolver metodologia de avaliação de impacto de processos formativos para o re-ordenamento  e melhoria de desempenho dos serviços	.	▪ Desenvolver metodologia até julho de 2009, aplicar avaliação até dezembro de 2009	1	46	2009-10-28 14:54:01.97692	2	2009-10-28 14:54:01.97692	2	246
247	1.1- Construção dos planos Regionais de EP (CGR) para 2009	- EP dos CGR	- Final de novembro/2008 planos construídos e entregues.	1	47	2009-10-28 14:56:28.193384	2	2009-10-28 14:56:28.193384	2	247
248	1.2- Execução do Plano Estadual de EP / 2009	Para execução do Plano R$ do M Saúde.               Para estratégias R$ do M Saúde (ações de implantação da Portaria 1996) e R$ SES para diárias.	Fevereiro a abril/09                     Fevereiro a abril/09	1	47	2009-10-28 14:59:33.759001	2	2009-10-28 14:59:33.759001	2	248
249	.	- Recurso financeiro MS 2009	Apresentação dos Planos regionais ao GTAE em final de fevereiro de 2009            Primeira Oficina conjunta em início de março / 2009.	1	47	2009-10-28 15:02:21.894276	2	2009-10-28 15:02:21.894276	2	249
250	.	- Recurso EP/SES	Apresentação dos Planos regionais a Coordenação Estadual de humanização na primeira semana de março de 2009.        Primeira Oficina conjunta em início de abril / 2009	1	47	2009-10-28 15:06:04.005259	2	2009-10-28 15:06:04.005259	2	250
251	1.3- Monitoramento e avaliação da execução dos planos Regionais de EP/2009	- EP/MS	de março a dezembro de 2009                                 Fevereiro a dezembro de 2009	1	47	2009-10-28 15:08:54.066803	2	2009-10-28 15:08:54.066803	2	251
252	2.1- Reforço da política de EP em saúde desde os CGR / CDQ/ETSUS até a CRH.	Transversal. Diária CRH.	março a dezembro de 2009.                Fevereiro a dezembro de 2008	1	47	2009-10-28 15:15:39.150412	2	2009-10-28 15:15:39.150412	2	252
253	2.2- Apoio técnico  ao conjunto dos CDQS/ETSUS enquanto responsáveis pela condução da política regional de EP em saúde.	- EP/SES	Retomada do curso em abril/2009                                   Março e abril de 2009.	1	47	2009-10-28 15:20:34.625769	2	2009-10-28 15:20:34.625769	2	253
254	.	- EP / MS.	Março a dezembro de 2009.                    Março a novembro / 2008	1	47	2009-10-28 15:22:12.005156	2	2009-10-28 15:22:12.005156	2	254
255	3.1 Fortalecer o papel das CIES junto às regiões de DRS e dos  CGR.	- EP / MS	Março a dezembro  de 2009.	1	47	2009-10-28 15:26:04.586811	2	2009-10-28 15:26:04.586811	2	255
256	.	- EP / MS	Março a dezembro  de 2009.	1	47	2009-10-28 15:28:03.746086	2	2009-10-28 15:28:03.746086	2	256
257	.	- EP / MS	- Fevereiro a abril de 2009	1	47	2009-10-28 15:29:45.812984	2	2009-10-28 15:29:45.812984	2	257
258	4.1 Definições de diretrizes norteadoras da política de EP na região do Estado de SP.	- EP/MS	- Fevereiro a dezembro de 2009	1	47	2009-10-28 15:31:52.701	2	2009-10-28 15:31:52.701	2	258
259	.	.	- Fevereiro a dezembro de 2009	1	47	2009-10-28 15:38:13.053051	2	2009-10-28 15:38:13.053051	2	259
260	.	.	- Fevereiro a dezembro de 2009	1	47	2009-10-28 15:39:54.779598	2	2009-10-28 15:39:54.779598	2	260
261	.	- EP/MS	- Fevereiro a dezembro de 2009	1	47	2009-10-28 15:42:07.806727	2	2009-10-28 15:42:07.806727	2	261
263	Desenhar e estabelecer a Rede de Atenção à Doença Falciforme e outras hemoglobinopatias.	R$ 180.000,00 - Recursos já existentes\r\n\r\nR$ 42.900,00 - Recursos já existentes	2º. Trimestre	1	101	2009-10-28 16:59:02.92892	2	2009-10-28 16:59:02.92892	2	263
264	Elaborar a Política Estadual de Atenção às Pessoas com DF e outras hemoglobinopatias.	Local para reuniões	2º. Trimestre	1	101	2009-10-28 17:01:06.581509	2	2009-10-28 17:01:06.581509	2	264
265	Fomentar a produção do conhecimento sobre a temática Saúde da População Negra.	R$ 250.000,00	2º. Trimestre	1	101	2009-10-28 17:02:29.849894	2	2009-10-28 17:02:29.849894	2	265
266	Apoio Técnico aos DRS  para  a construção dos planos regionais para a saúde da criança	orçamento	1º trimestre	1	102	2009-10-28 17:05:55.711804	2	2009-10-28 17:05:55.711804	2	266
267	Capacitação de recursos humanos para a qualificação  da assistência neonatal	orçamento	1º, 2º, 3º trimestres	1	102	2009-10-28 17:07:17.567226	2	2009-10-28 17:07:17.567226	2	267
268	Consolidação da rede de promoção proteção e apoio ao aleitamento materno	orçamento Aproximadamente\r\n R$ 50.000,00 para investimentos no BLH a ser transformado em centro de referência	4º trimestre	1	102	2009-10-28 17:09:44.536105	2	2009-10-28 17:09:44.536105	2	268
269	Capacitação de recursos humanos dos serviços estaduais de saúde  para estruturar a rede de assistência à saúde da criança vítima de violência	orçamento	4º trimestre	1	102	2009-10-28 17:12:43.349289	2	2009-10-28 17:12:43.349289	2	269
270	Estruturação da rede de triagem neonatal do estado de São Paulo	orçamento	1º trimestre	1	102	2009-10-28 17:14:33.617406	2	2009-10-28 17:14:33.617406	2	270
271	Implementar fluxo de informações  entre GVS/SGVS e DRS ao serviço de Banco de Leite do campo de ação da Vigilância Sanitária			1	102	2009-10-28 17:16:59.087447	2	2009-10-28 17:16:59.087447	2	271
272	Desenvolver as atividades do Programa Estadual de Vigilância em Saúde do Trabalhador – Exposto ao Amianto\r\nVISAT Amianto	Tesouro, recurso federal, RENAST	1º Semestre	1	113	2009-10-28 17:22:18.549918	2	2009-10-28 17:22:18.549918	2	272
273	Desenvolver as atividades do Programa Estadual de Vigilância em Saúde do Trabalhador – Exposto ao Benzeno -]\r\nVISAT Benzeno	Tesouro, recurso federal, RENAST	Dezembro - 2009	1	113	2009-10-28 17:25:37.714986	2	2009-10-28 17:25:37.714986	2	273
274	Desenvolver as atividades do Programa de Vigilância em Saúde dos Acidentes de Trabalho Graves e Fatais	Tesouro, recurso federal, RENAST	Dezembro - 2009	1	113	2009-10-28 17:31:19.11392	2	2009-10-28 17:31:19.11392	2	274
275	Desenvolver as atividades de controle de riscos à saúde dos trabalhadores que utilizam mercúrio metálico	Tesouro, recurso federal, RENAST	Dezembro - 2009	1	113	2009-10-28 17:34:16.627347	2	2009-10-28 17:34:16.627347	2	275
276	Implementar as atividades do Programa Paulista de Vigilância em Saúde do Trabalhador Canavieiro – PPVISAT Canavieiro	Tesouro, recurso federal, RENAST	Dezembro - 2009	1	113	2009-10-28 17:36:58.7679	2	2009-10-28 17:36:58.7679	2	276
277	Instituir um Comitê Técnico Assessor, com diversas áreas técnicas da SES,  Sociedades Científicas, Celafiscs, Associação de portadores, e alguns técnicos das Regionais de Saúde do Estado, que tenham ações específicas voltadas para a população de hipertensos e diabetes .		1º trimestre	1	108	2009-10-28 17:39:31.102147	2	2009-10-28 17:39:31.102147	2	277
278	Identificar em cada DRS um articulador/ Apoiador da Saúde do Adulto com  Diabetes, Hipertensão e seus Fatores de Risco (Sedentarismo, Obesidade , Tabaco, etc)		2º trimestre	1	108	2009-10-28 17:41:10.968548	2	2009-10-28 17:41:10.968548	2	278
279	Elaborar protocolos técnicos para Diabetes Tipo 1, Diabetes Tipo 2 Diabetes Gestacional e Hipertensão Arterial,		4º trimestre	1	108	2009-10-28 17:42:44.800484	2	2009-10-28 17:42:44.800484	2	279
280	Capacitar Recursos Humanos dos DRSs e municípios		3º. Trimestre	1	101	2009-10-28 17:45:42.334581	2	2009-10-28 17:45:42.334581	2	280
281	Acompanhamento das ações de desinstitucionalização apontadas no Relatório Final do Censo Psicossocial			1	92	2009-10-28 17:51:14.920955	2	2009-10-28 17:51:14.920955	2	281
282	Desenvolvimento de trabalho intersetorial voltado aos pacientes moradores dos hospitais psiquiátricos do Estado de São Paulo que não possuem documentos	Infra-estrutura para reuniões, transporte, diárias\r\nR$ 50.000,00 para contratação de profissionais para assessoria e trabalho de campo	1º, 2º, 3º e 4º trimestres	1	92	2009-10-28 17:53:19.375487	2	2009-10-28 17:53:19.375487	2	282
283	Apoio técnico aos municípios para implantação de Residências Terapêuticas	Infra-estrutura para reuniões, transporte, diárias.\r\nR$ 800.000,00 (Incentivo estadual para implantação das RT)	1º, 2º, 3º e 4º trimestres	1	92	2009-10-28 17:55:04.395119	2	2009-10-28 17:55:04.395119	2	283
284	Incentivo aos municípios para habilitação no PVC e acesso a novos beneficiários	Infra-estrutura para reuniões, transporte e diárias	1º, 2º, 3º e 4º trimestres	1	92	2009-10-28 17:56:26.706385	2	2009-10-28 17:56:26.706385	2	284
285	Promoção e apoio para a implantação de leitos de atenção integral à saúde mental em Hospital Geral	Recursos financeiros a serem definidos de acordo com cada região	1º, 2º, 3º e 4º trimestres	1	92	2009-10-28 17:57:43.273735	2	2009-10-28 17:57:43.273735	2	285
286	Desenvolvimento de trabalho conjunto com a Secretaria de Assistência Penitenciária (SAP)	Infra-estrutura para reuniões, transporte, diárias	1º e 2º trimestre	1	92	2009-10-28 17:59:17.064844	2	2009-10-28 17:59:17.064844	2	286
287	Avaliação e monitoramento da assistência nos hospitais psiquiátricos do Estado de São Paulo	Infra-estrutura para reuniões, transporte, diárias	2º e 3º trimestre	1	92	2009-10-28 18:00:22.683054	2	2009-10-28 18:00:22.683054	2	287
288	Capacitação das equipes dos CAPS do Estado de São Paulo	R$ 150.000,00	1º, 2º, 3º e 4º trimestres	1	92	2009-10-28 18:01:49.595971	2	2009-10-28 18:01:49.595971	2	288
289	Elaboração e publicação da Política Estadual de Saúde Mental	Recursos para publicação	2º e 3º trimestre	1	92	2009-10-28 18:03:49.659065	2	2009-10-28 18:03:49.659065	2	289
290	Realização de Encontro Estadual de Saúde Mental	R$ 60.000,00	3º e 4º trimestre	1	92	2009-10-28 18:04:51.046385	2	2009-10-28 18:04:51.046385	2	290
\.


--
-- TOC entry 2045 (class 0 OID 26375)
-- Dependencies: 1602
-- Data for Name: atividades; Type: TABLE DATA; Schema: public; Owner: planejamento
--

COPY atividades (id, descricao, operacao_id, valor, responsavel, intersecao, situacao_id, inclusao_data, inclusao_usuario_id, alteracao_data, alteracao_usuario_id, inicio_data, prazo_data) FROM stdin;
1	Descrição de teste	1	1312	reldksfj	inteaskdlfj	1	2009-10-28 23:21:48.644747	2	2009-10-28 23:21:48.644747	2	\N	\N
\.


--
-- TOC entry 2022 (class 0 OID 25927)
-- Dependencies: 1554
-- Data for Name: estrategias_acao; Type: TABLE DATA; Schema: public; Owner: postgres
--

COPY estrategias_acao (id, descricao, situacao_id, acao_id, objetivo_id, inclusao_data, inclusao_usuario_id, alteracao_data, alteracao_usuario_id) FROM stdin;
1	Escolha de pessoal  funcionário da SES	1	1	\N	2009-10-22 20:34:53.702256	2	2009-10-22 20:34:53.702256	2
2	Definição de adicional salarial referente ao desempenho da função de apoiador técnico da AB	1	1	\N	2009-10-22 20:35:23.517881	2	2009-10-22 20:35:23.517881	2
3	Pactuação junto ao COSEMS e Conselho Estadual de Saúde das normas para a organização, realização e participação.	1	2	\N	2009-10-23 13:56:22.568792	2	2009-10-23 13:56:22.568792	2
4	Atuação direta  dos apoiadores junto aos municípios	1	3	\N	2009-10-23 13:59:30.640644	2	2009-10-23 13:59:30.640644	2
5	Análise dos dados disponibilizados pelo núcleo de informação da SES	1	3	\N	2009-10-23 13:59:43.102371	2	2009-10-23 13:59:43.102371	2
6	Consultoria para monitoramento e avaliação periódica de AB	1	3	\N	2009-10-23 13:59:58.969977	2	2009-10-23 13:59:58.969977	2
7	Realizar Oficinas de sensibilização e capacitação para implantação da AMQ	1	3	3	2009-10-26 14:26:06.345437	2	2009-10-26 14:26:06.345437	2
8	Elaboração e Publicação de 8 fascículos de conteúdos norteadores da AB	1	4	\N	2009-10-26 14:29:35.4033	2	2009-10-26 14:29:35.4033	2
9	Elaboração de manuais e protocolos de atendimento e encaminhamento para linhas de cuidado desde a atenção básica	1	5	\N	2009-10-26 14:59:55.490348	2	2009-10-26 14:59:55.490348	2
10	Publicação do Relatório Final das Oficinas	1	6	\N	2009-10-26 15:03:42.799509	2	2009-10-26 15:03:42.799509	2
11	Definição de repasse financeiro á 402 municípios através de repasse Fundo á Fundo.	1	7	\N	2009-10-26 15:12:31.172544	2	2009-10-26 15:12:31.172544	2
12	Organizar oficinas de atenção básica em uma região prioritária no Estado para diagnóstico e apoio á equipes dos municípios, junto aos	1	8	\N	2009-10-26 15:24:34.209789	2	2009-10-26 15:24:34.209789	2
13	Organizar oficinas de atenção básica em uma região prioritária no Estado para diagnóstico e apoio á equipes dos municípios, junto aos DRS	1	8	\N	2009-10-26 15:27:12.883493	2	2009-10-26 15:27:12.883493	2
14	Definição de novos indicadores para acompanhamento do Projeto Qualis +	1	9	\N	2009-10-26 15:44:30.635428	2	2009-10-26 15:44:30.635428	2
15	Divulgação da proposta no CGR e Câmara Técnica do CGR	1	10	\N	2009-10-26 16:02:29.408745	2	2009-10-26 16:02:29.408745	2
25	Partindo de ....	1	11	\N	2009-10-26 16:10:49.10237	2	2009-10-26 16:10:49.10237	2
35	Definir características ........	1	12	\N	2009-10-26 16:15:21.394236	2	2009-10-26 16:15:21.394236	2
39	De uma população identificada ........	1	13	\N	2009-10-26 16:20:33.261994	2	2009-10-26 16:20:33.261994	2
45	Criação de um documento .......	1	14	\N	2009-10-26 16:26:39.27751	2	2009-10-26 16:26:39.27751	2
48	Verificação de necessidades........	1	16	\N	2009-10-26 16:30:11.774357	2	2009-10-26 16:30:11.774357	2
51	dentificar solução de simples instalação.......	1	18	\N	2009-10-26 16:32:08.772014	2	2009-10-26 16:32:08.772014	2
56	Apresentar a unidades pertencente a SES ......	1	19	\N	2009-10-26 16:35:51.76193	2	2009-10-26 16:35:51.76193	2
57	Estudar o que atualmente os estados que já conseguem esse recurso estão adotando como ferramenta; visualizar a real necessidade do gestor de acompanhamento	1	20	\N	2009-10-26 16:38:26.024314	2	2009-10-26 16:38:26.024314	2
58	Produção de material impresso e outras mídias.\nOficinas com prefeitos e secretários.\nOficinas de planejamento regionalizadas,\nOficinas temáticas regionalizadas	1	21	\N	2009-10-26 17:05:37.765357	2	2009-10-26 17:05:37.765357	2
63	GS - Reuniões periódicas com os Coordenadores de Programas/CPS........	1	22	\N	2009-10-26 17:07:43.249456	2	2009-10-26 17:07:43.249456	2
64	Articulação da CPS e demais Coordenadorias para monitorar andamento das responsabilidades sanitárias pactuadas.\nArticulação entre os apoiadores das Universidades e COSEMS e CGR	1	23	\N	2009-10-26 17:11:10.633932	2	2009-10-26 17:11:10.633932	2
65	Alimentar o SIMPA (SEPLAN). \nAlinhar PPA com os programas do POA 2009.	1	24	\N	2009-10-26 17:14:48.982454	2	2009-10-26 17:14:48.982454	2
66	GS - Reuniões periódicas com os Coordenadores de Programas/CPS.  Coordenação Técnica - Manutenção de grupo técnico com representação dos programas do PES, coordenado pela CPS\nAcompanhamento regional.	1	25	\N	2009-10-26 17:16:39.814648	2	2009-10-26 17:16:39.814648	2
67	Articulação com a equipe de monitoramento e avaliação do SUS. Articulação com as coordenadorias CRS, CGCSS, CSS, CCD.	1	26	\N	2009-10-26 17:18:35.501335	2	2009-10-26 17:18:35.501335	2
74	Articular as Pactuações CIB e CES - SISPACTO, POA 2009, Relatórios de Gestão.	1	28	\N	2009-10-26 17:26:10.31335	2	2009-10-26 17:26:10.31335	2
75	CGR - apoio por intermédio das universidades e outras consultorias.  Formação de especialistas em gestão pública de saúde.	1	29	\N	2009-10-26 17:29:32.21423	2	2009-10-26 17:29:32.21423	2
76	Apoio das instituições de ensino aos CGR.\nApoiadores COSEMS.\nRecepção aos novos gestores.\nInstrumentalização dos DRS e grupos de vigilância.	1	30	\N	2009-10-26 17:31:39.33165	2	2009-10-26 17:31:39.33165	2
77	Apoio das instituições de ensino aos CGR.\nApoiadores COSEMS	1	31	\N	2009-10-26 17:33:49.026815	2	2009-10-26 17:33:49.026815	2
78	Estabelecer o grupo de trabalho e suas principais atribuições	1	32	\N	2009-10-26 17:36:37.410699	2	2009-10-26 17:36:37.410699	2
82	Definição dos temas a serem abordados.....	1	33	\N	2009-10-26 17:38:47.412734	2	2009-10-26 17:38:47.412734	2
83	Elaboração de notas técnicas para todos os gestores de saúde municipais e estaduais	1	34	\N	2009-10-26 17:40:37.20997	2	2009-10-26 17:40:37.20997	2
84	Atualizar os dados e indicadores estabelecidos no POA 2008.\nElaborar publicação da matriz de indicadores em formato impresso e em meio eletrônico	1	35	\N	2009-10-26 17:42:16.321888	2	2009-10-26 17:42:16.321888	2
85	Realização de Oficinas Macro Regionais no Estado, contando com a presença da equipe técnica da SES/NAIS	1	36	\N	2009-10-26 17:44:02.067267	2	2009-10-26 17:44:02.067267	2
86	Publicação dos resultados da pesquisa realizada em 2008\n\nRealizar novas pesquisas ao longo de 2009	1	37	\N	2009-10-26 17:46:01.649986	2	2009-10-26 17:46:01.649986	2
87	Reuniões com as instâncias parceiras e monitoramento das taxas de mortalidade infantil e materna	1	38	\N	2009-10-26 17:48:36.447748	2	2009-10-26 17:48:36.447748	2
88	Avaliar maternidades nos Colegiados de Sorocaba, Itapeva, Itapetininga, Baixada Santista, e Jaú.	1	39	\N	2009-10-26 17:50:12.438342	2	2009-10-26 17:50:12.438342	2
90	Realizar 3 novos cursos do ALSO para médicos obstetras no DRS de Sorocaba e um para enfermeiras obstetrizes............	1	40	\N	2009-10-26 17:52:04.39852	2	2009-10-26 17:52:04.39852	2
91	Elaboração do diagnóstico a partir de dados secundários e realizar reuniões com DRS, CSS e Colegiados Regionais, para aprofundá-lo.	1	41	\N	2009-10-26 17:54:04.944681	2	2009-10-26 17:54:04.944681	2
92	Realizar reuniões com DRS, CSS e Colegiados Regionais, para a formulação de propostas.	1	42	\N	2009-10-26 17:56:31.979744	2	2009-10-26 17:56:31.979744	2
93	Reunião com os DRS para construção do instrumento.	1	44	\N	2009-10-26 19:17:24.503497	2	2009-10-26 19:17:24.503497	2
94	Reunião com os DRS para construção do instrumento.	1	44	\N	2009-10-26 19:48:32.515133	2	2009-10-26 19:48:32.515133	2
95	Avaliar trimestralmente as linhas de cuidado através de indicadores incorporando as Macro-regiões de saúde.	1	45	\N	2009-10-26 19:50:54.07211	2	2009-10-26 19:50:54.07211	2
96	Avaliar uma Especialidade por trimestre, estabelecendo correlação com a linha de cuidado	1	46	\N	2009-10-26 19:52:10.712754	2	2009-10-26 19:52:10.712754	2
97	Realizar avaliação sistemática dos prestadores através do SASC	1	47	\N	2009-10-26 19:53:13.884902	2	2009-10-26 19:53:13.884902	2
98	Definir no CGR a escolha dos prestadores, valores a receber e contrapartida de serviços a serem prestados.	1	48	\N	2009-10-26 21:23:44.764571	2	2009-10-26 21:23:44.764571	2
99	Atualizar convênios e contratos, adequando metas quantitativas de produção de serviços ao SUS, bem como definição e implantação de metas qualitativas.	1	49	\N	2009-10-26 21:25:11.14499	2	2009-10-26 21:25:11.14499	2
100	Consolidar e processar os bancos de dados de produção e enviar ao MS.\nPromover capacitação dos DRS para o processamento da produção dos serviços de saúde.	1	50	\N	2009-10-26 21:26:06.12876	2	2009-10-26 21:26:06.12876	2
101	Manter atualizados os bancos de dados do CNES – Cadastro Nacional de Estabelecimentos de Saúde, promover treinamento e elaboração de relatórios de acompanhamento.	1	51	\N	2009-10-26 21:27:07.07142	2	2009-10-26 21:27:07.07142	2
102	Realizar o Curso Básico de Capacitação de Regulação, Controle, Avaliação e Auditoria.\n\nPromover cursos de atualização e capacitação para os profissionais das equipes de auditoria	1	52	\N	2009-10-26 21:28:14.02872	2	2009-10-26 21:28:14.02872	2
103	Aplicação do roteiro de auditoria.	1	53	\N	2009-10-26 21:29:05.988052	2	2009-10-26 21:29:05.988052	2
104	Aplicação de roteiro de auditoria nos serviços credenciados, que compõem as redes de assistência em alta complexidade de TRS e Oncologia.	1	54	\N	2009-10-26 21:29:52.388327	2	2009-10-26 21:29:52.388327	2
105	Análise do Banco do SIHD para auditoria	1	55	\N	2009-10-26 21:30:49.192582	2	2009-10-26 21:30:49.192582	2
106	Auditar prontuários médicos para análise da priorização dentro da legislação	1	56	\N	2009-10-26 21:31:40.247734	2	2009-10-26 21:31:40.247734	2
107	Auditar as solicitações seguindo os instrumentos de controle interno estabelecidos	1	57	\N	2009-10-26 21:32:57.968122	2	2009-10-26 21:32:57.968122	2
108	Entrevista ao Usuário e auditoria de prontuário, AIH/APAC	1	58	\N	2009-10-26 21:34:13.700778	2	2009-10-26 21:34:13.700778	2
109	Auditar a gestão de municípios do Estado/SP	1	59	\N	2009-10-26 21:35:35.471619	2	2009-10-26 21:35:35.471619	2
110	Auditar “in loco”, 3 metas pactuadas do Plano Operativo do HE	1	60	\N	2009-10-26 21:36:52.594227	2	2009-10-26 21:36:52.594227	2
124	auditar os serviços credenciados em alta complexidade da rede de saúde auditiva, considerados insatisfatórios.	1	61	\N	2009-10-26 21:45:28.632147	2	2009-10-26 21:45:28.632147	2
125	Auditar as UTI avaliadas na auditoria de 2008 com condições inadequadas de funcionamento	1	61	\N	2009-10-26 21:45:56.383464	2	2009-10-26 21:45:56.383464	2
126	Incorporação de serviços novos para essas redes assistenciais	1	62	\N	2009-10-27 08:36:14.743064	2	2009-10-27 08:36:14.743064	2
127	Avaliar uma Especialidade por trimestre, estabelecendo correlação com a linha de cuidado	1	63	\N	2009-10-27 08:37:51.221691	2	2009-10-27 08:37:51.221691	2
128	Análise de dados de produção X metas pactuadas.	1	64	\N	2009-10-27 08:38:52.64976	2	2009-10-27 08:38:52.64976	2
129	Garantir o cumprimento das Portarias para cada especialidade que compõe a Rede	1	65	\N	2009-10-27 08:40:54.933973	2	2009-10-27 08:40:54.933973	2
130	Análise de dados de produção e cumprimento de metas pactuadas.	1	66	\N	2009-10-27 08:41:53.692321	2	2009-10-27 08:41:53.692321	2
131	Apresentação dos dados aos Hospitais	1	67	\N	2009-10-27 08:42:58.177704	2	2009-10-27 08:42:58.177704	2
132	Estabelecer fluxo de troca de informações acerca de capacidade operacional dos serviços baseado em avaliação da estrutura física, nº de equipamentos, capacidade operacional dos mesmos	1	68	\N	2009-10-27 08:44:40.619973	2	2009-10-27 08:44:40.619973	2
133	Análise da produção quantitativa.	1	69	\N	2009-10-27 08:45:42.791315	2	2009-10-27 08:45:42.791315	2
134	Estabelecer critérios de avaliação e monitoramento	1	70	\N	2009-10-27 08:46:54.331249	2	2009-10-27 08:46:54.331249	2
135	Otimizar os recursos instalados baseado na Política previamente estabelecida	1	71	\N	2009-10-27 08:47:54.470842	2	2009-10-27 08:47:54.470842	2
136	Analise de dados de produção X metas pactuadas.	1	72	\N	2009-10-27 08:49:05.217343	2	2009-10-27 08:49:05.217343	2
137	Reuniões com DRS e CGR	1	72	\N	2009-10-27 08:49:07.802213	2	2009-10-27 08:49:07.802213	2
138	Avaliar uma Especialidade por trimestre, estabelecendo correlação com a linha de cuidado	1	73	\N	2009-10-27 08:50:17.895719	2	2009-10-27 08:50:17.895719	2
139	Garantir o cumprimento das Portarias para cada especialidade que compõe a Rede	1	74	\N	2009-10-27 08:51:24.709545	2	2009-10-27 08:51:24.709545	2
140	Reuniões com CPS, CSS e FOSP, para organização dos mutirões.                                   Reunião com os DRS para operacionalização dos mutirões.	1	75	\N	2009-10-27 08:52:34.259215	2	2009-10-27 08:52:34.259215	2
141	Reuniões, seminários e oficinas.	1	76	\N	2009-10-27 08:53:52.280018	2	2009-10-27 08:53:52.280018	2
142	Adequação do espaço físico e infra-estrutura, aquisição de equipamentos e sistemas de informação, contratação de RH e capacitação.	1	77	\N	2009-10-27 08:55:32.578067	2	2009-10-27 08:55:32.578067	2
143	Adequação do espaço físico e infra-estrutura, aquisição de equipamentos e sistemas de informação, contratação de RH e capacitação.	1	78	\N	2009-10-27 08:57:06.576441	2	2009-10-27 08:57:06.576441	2
144	Adequação do espaço físico e infra-estrutura, aquisição de equipamentos e sistemas de informação, contratação de RH e capacitação.	1	79	\N	2009-10-27 08:58:45.572742	2	2009-10-27 08:58:45.572742	2
145	Desenvolvimento de software específico, padronização e interface com sistemas legados.	1	80	\N	2009-10-27 08:59:40.367781	2	2009-10-27 08:59:40.367781	2
146	Treinamento por cursos de RCAA.	1	81	\N	2009-10-27 09:01:04.809296	2	2009-10-27 09:01:04.809296	2
147	Oficinas de trabalho	1	81	\N	2009-10-27 09:01:07.065052	2	2009-10-27 09:01:07.065052	2
148	Utilizações de leitos de apoio.	1	82	\N	2009-10-27 09:02:12.570518	2	2009-10-27 09:02:12.570518	2
149	Treinamentos por cursos de RCAA	1	83	\N	2009-10-27 09:03:01.458669	2	2009-10-27 09:03:01.458669	2
150	Capacitação da equipe de saúde dos serviços de urgência e emergência	1	84	\N	2009-10-27 09:05:30.215921	2	2009-10-27 09:05:30.215921	2
151	Definição de local para sala de classificação de risco nos serviços	1	84	\N	2009-10-27 09:05:40.480125	2	2009-10-27 09:05:40.480125	2
152	Elaboração de protocolos\nImplantar inicialmente nos serviços de urgência e emergência de grande demanda ( 300 atendimentos por dia)	1	84	\N	2009-10-27 09:05:50.127636	2	2009-10-27 09:05:50.127636	2
153	Definir fluxos e rotinas de atendimento;	1	85	\N	2009-10-27 09:07:08.188165	2	2009-10-27 09:07:08.188165	2
154	Fornecer alimentação e instalações adequadas para presença do acompanhante.	1	85	\N	2009-10-27 09:07:13.547167	2	2009-10-27 09:07:13.547167	2
155	Conte Comigo	1	86	\N	2009-10-27 09:13:30.700469	2	2009-10-27 09:13:30.700469	2
156	Ouvidoria	1	86	\N	2009-10-27 09:13:35.455256	2	2009-10-27 09:13:35.455256	2
157	Pesquisa de Satisfação do Usuário	1	86	\N	2009-10-27 09:13:37.706892	2	2009-10-27 09:13:37.706892	2
158	Contrato programa	1	87	\N	2009-10-27 09:14:49.455972	2	2009-10-27 09:14:49.455972	2
159	Informatizar os processos de trabalho	1	88	\N	2009-10-27 09:15:56.019016	2	2009-10-27 09:15:56.019016	2
160	Emitir relatórios com indicadores de produção, desempenho e qualidade de todos os serviços da administração direta e contratualizada.	1	88	\N	2009-10-27 09:15:58.246657	2	2009-10-27 09:15:58.246657	2
161	Contratação de serviços de gerenciamento de materiais através de agrupamento de unidades, considerando a lógica da regionalização.	1	89	\N	2009-10-27 09:17:06.89143	2	2009-10-27 09:17:06.89143	2
162	Contratação de serviços de manutenção predial através de agrupamento de unidades, considerando a lógica da regionalização.	1	90	\N	2009-10-27 09:17:58.337991	2	2009-10-27 09:17:58.337991	2
163	Realizar aquisições de acordo com as necessidades levantadas	1	91	\N	2009-10-27 09:19:01.186637	2	2009-10-27 09:19:01.186637	2
164	Implantar novos serviços de acordo com as necessidades regionais	1	92	\N	2009-10-27 09:20:41.409677	2	2009-10-27 09:20:41.409677	2
165	Ampliar o Centro Estadual de Reabilitação “Dr. Arnaldo Pezzuti Cavalcanti”.	1	93	\N	2009-10-27 09:21:31.223276	2	2009-10-27 09:21:31.223276	2
166	Ampliar leitos de UTI Infantil de crônicos no Hospital infantil Candido Fontoura	1	93	\N	2009-10-27 09:21:33.478166	2	2009-10-27 09:21:33.478166	2
167	Aperfeiçoar o sistema de monitoramento dos projetos de pesquisa disponível na SES-SP, por meio da Rede de Informação e Conhecimento e implementá-lo nas instituições de pesquisa. Implementar um sistema que oriente e facilite o encaminhamento de patentes para as Instituições.\nOrganizar palestras, seminários e cursos de interesse à agenda de CT&I em Saúde, no âmbito do SES/SP.	1	94	\N	2009-10-27 09:25:23.728369	2	2009-10-27 09:25:23.728369	2
168	Incentivar a Inovação Tecnológica por meio da realização de cursos, em parceria com Universidades e Instituições de Pesquisa e desenvolvimento, com a finalidade de capacitar  gestores e pesquisadores em temas relevantes como: gestão estratégica da tecnologia e da inovação; empreendedorismo; inovação aberta; técnicas para monitoramento tecnológico; gestão do conhecimento; obtenção de recursos para inovação; alianças tecnológicas.	1	95	\N	2009-10-27 09:27:16.018456	2	2009-10-27 09:27:16.018456	2
169	Concluir ou realizar reformas de adequação de estruturas físicas	1	96	\N	2009-10-27 09:31:16.951195	2	2009-10-27 09:31:16.951195	2
170	Identificar, cadastrar e promover parcerias com entidades com expertise relacionadas à agenda de prioridades em C,T&I para o SUS-SP.	1	97	\N	2009-10-27 09:32:45.351534	2	2009-10-27 09:32:45.351534	2
171	Análise das informações e dados sobre a execução do Programa. Pactuação regional entre Colegiados e DRS segundo as necessidades referenciadas.	1	101	\N	2009-10-27 09:38:28.157468	2	2009-10-27 09:38:28.157468	2
172	Elaboração de projeto para inclusão dos 9 municípios do DRS da Baixada Santista e Registro.	1	101	\N	2009-10-27 09:38:38.978797	2	2009-10-27 09:38:38.978797	2
173	Realização de oficina estadual de saúde bucal na atenção básica, dando ênfase às instalações físicas quanto a VISA, ergonomia e biossegurança	1	102	\N	2009-10-27 09:39:57.084971	2	2009-10-27 09:39:57.084971	2
174	Sistematização das informações identificadas nos DRS.	1	103	\N	2009-10-27 09:41:07.731053	2	2009-10-27 09:41:07.731053	2
175	Reunião com a CRS e FOSP para identificação da oferta e demanda.	1	103	\N	2009-10-27 09:41:13.557218	2	2009-10-27 09:41:13.557218	2
176	Criar mecanismos para aumentar a oferta de serviços em Câncer Bucal.	1	103	\N	2009-10-27 09:41:15.619436	2	2009-10-27 09:41:15.619436	2
177	Sistematização das informações identificadas nos DRS.	1	104	\N	2009-10-27 09:42:18.660943	2	2009-10-27 09:42:18.660943	2
178	Curso em sistemas de informação para os municípios avaliados (Poa2008).	1	105	\N	2009-10-27 09:43:41.852118	2	2009-10-27 09:43:41.852118	2
179	Reprodução em 7 DRS.	1	106	\N	2009-10-27 09:44:48.805848	2	2009-10-27 09:44:48.805848	2
180	Formação de um grupo técnico para elaboração da política.	1	107	\N	2009-10-27 09:45:58.942936	2	2009-10-27 09:45:58.942936	2
181	Constituição de grupo de trabalho para elaboração de projeto de levantamento epidemiológico.	1	108	\N	2009-10-27 09:46:54.162353	2	2009-10-27 09:46:54.162353	2
182	Realização do curso de gestão em saúde bucal	1	109	\N	2009-10-27 09:48:02.348574	2	2009-10-27 09:48:02.348574	2
183	Formação de grupo técnico para formular o projeto dos centros de referência integral às pessoas com fissura labiopalatina.	1	110	\N	2009-10-27 09:49:06.431031	2	2009-10-27 09:49:06.431031	2
184	2ª fase do projeto:\n1- aquisição de equipamentos para dosagem de flúor e para determinação do íon fluoreto em laboratório. \n2-Realização de 4  oficinas  para os municípios pertencentes ao Projeto para elaboração de um projeto técnico que atenda à conformação do sistema de abastecimento de água, garantindo a cobertura total de fluoretação nos SAA, bem como a adequada operação dos mesmos.	1	111	\N	2009-10-27 09:50:30.268886	2	2009-10-27 09:50:30.268886	2
185	Realização de 5 Oficinas de Trabalho, com conselheiros estaduais de saúde, conselheiros municipais de saúde, representantes dos DRS e colegiados de gestão regional.Será realizada uma Oficina por macro região (total de 5 macros)	1	114	\N	2009-10-27 10:09:01.340086	2	2009-10-27 10:09:01.340086	2
186	Realização de 2 Seminários Temáticos em Saúde da Mulher e Atenção Básica.	1	115	\N	2009-10-27 10:10:13.335214	2	2009-10-27 10:10:13.335214	2
187	Apoio logístico, ressarcimento financeiro aos usuários, apoio técnico na redação das atas, agendamento e disponibilização de salas de reuniões e garantir o fluxo dos documentos	1	116	\N	2009-10-27 10:11:25.788097	2	2009-10-27 10:11:25.788097	2
188	Realização de Encontros de Trabalho com representantes das Ouvidorias das Direções Regionais de Saúde envolvendo dos hospitais, institutos e centros de referência, além de Ouvidorias de Municípios	1	120	\N	2009-10-27 10:13:41.067777	2	2009-10-27 10:13:41.067777	2
189	Participação da Ouvidoria do DRS I nas reuniões dos Colegiados	1	121	\N	2009-10-27 10:14:53.291642	2	2009-10-27 10:14:53.291642	2
190	Avaliação dos serviços por meio de protocolo específico.\nApresentação e discussão da proposta de reorganização nos CGR.	1	127	\N	2009-10-27 10:22:27.919482	2	2009-10-27 10:22:27.919482	2
191	Padronização de procedimentos de dispensação da Rede de Reabilitação Física\nElaboração de ficha de controle de fila de espera de OPM\nImplantação e implementação de oficinas ortopédicas	1	128	\N	2009-10-27 10:23:49.9488	2	2009-10-27 10:23:49.9488	2
192	Curso sobre procedimentos para compra de OPM\nTreinamento para utilização dos formulários de prescrição e dos instrumentos de gestão.	1	129	\N	2009-10-27 10:26:01.984767	2	2009-10-27 10:26:01.984767	2
193	Realizar curso de capacitação para qualificação do gerenciamento dos serviços.	1	130	\N	2009-10-27 10:27:25.135092	2	2009-10-27 10:27:25.135092	2
194	Reformulação do Grupo de Trabalho para acompanhamento e supervisão das ações.	1	131	\N	2009-10-27 10:28:25.099247	2	2009-10-27 10:28:25.099247	2
195	Aplicação de projeto de avaliação de instituição que abriga DI graves.	1	132	\N	2009-10-27 10:29:19.615718	2	2009-10-27 10:29:19.615718	2
196	Aprovação e divulgação da Política Estadual relativa aos usuários de álcool e outras drogas aos gestores, profissionais de saúde e instituições diversas governamentais e não-governamentais.	1	133	\N	2009-10-27 10:30:52.736416	2	2009-10-27 10:30:52.736416	2
197	Reuniões com os Articuladores de Saúde Mental e articulação com os municípios, via Colegiados de Gestão Regionais para apoio técnico e viabilização dos processos de implantação.\nApresentação de proposta ao Gabinete da SES/SP para a criação de incentivo estadual para a implantação de CAPS-AD	1	134	\N	2009-10-27 10:32:04.786501	2	2009-10-27 10:32:04.786501	2
198	Implantação e implementação de serviços extra-hospitalares às crianças e adolescentes usuários de álcool e outras drogas.	1	135	\N	2009-10-27 10:50:54.609731	2	2009-10-27 10:50:54.609731	2
199	Realizar o curso de capacitação sobre rastreamento, diagnóstico sindrômico, intervenção breve e encaminhamento e acompanhamento terapêutico.	1	136	\N	2009-10-27 10:52:06.336743	2	2009-10-27 10:52:06.336743	2
200	Implantação e implementação de leitos de atenção integral aos usuários de álcool e outras drogas em hospital geral de gestão estadual.\nCriação de incentivos estaduais para municípios e Santas Casas implantarem leitos de atenção integral aos usuários de álcool e outras drogas.	1	137	\N	2009-10-27 10:53:58.396165	2	2009-10-27 10:53:58.396165	2
201	Desenvolvimento da pesquisa, no Estado de São Paulo, nos 45 CAPS ad cadastrados na data de outubro de 2008.	1	138	\N	2009-10-27 10:55:05.302432	2	2009-10-27 10:55:05.302432	2
202	Identificação das ações de outras Secretarias do Estado e mapeamento das organizações não governamentais relacionadas ao uso do álcool e outras drogas e redução de danos Reuniões com outras secretarias e organizações não governamentais para a realização de projetos conjuntos visando a redução de danos e inclusão social das pessoas usuárias de álcool e outras drogas nas políticas públicas e outros setores.	1	139	\N	2009-10-27 10:56:08.497709	2	2009-10-27 10:56:08.497709	2
203	Articulação com municípios e CGR, via DRS, para apoio técnico e viabilização dos processos de implantação e cadastramento;\nProposta de criação de incentivo financeiro estadual para a implantação de CAPS I, II e III	1	140	\N	2009-10-27 10:57:34.442667	2	2009-10-27 10:57:34.442667	2
204	Articulação com municípios e CGR, via DRS, para apoio técnico e viabilização dos processos de implantação e cadastramento;\nProposta de criação de incentivo financeiro estadual para a implantação de CAPS Infantil	1	141	\N	2009-10-27 10:58:36.742581	2	2009-10-27 10:58:36.742581	2
205	Reuniões com diretoria dos serviços indicados e lideranças espirituais indígenas para estudo de viabilidade/ necessidade de implementação, implantação;\n- Envolver gestor de Saúde Indígena. Equipe multidisciplinar de Saúde Indígena.\n- Fazer adaptações nos serviços da rede SUS-SP indicados pelas lideranças	1	144	\N	2009-10-27 11:02:06.280931	2	2009-10-27 11:02:06.280931	2
206	Capacitar técnicos do nível central dos DRS-SMS e RH de serviços de saúde do SUS-SP que atendem populações indígenas.	1	145	\N	2009-10-27 11:03:16.677352	2	2009-10-27 11:03:16.677352	2
207	Divulgar a Lei do Sub-sistema indígena entre  trabalhadores das várias instâncias (do nível central ao local do SUS-SP ( público e conveniado)	1	146	\N	2009-10-27 11:04:16.208461	2	2009-10-27 11:04:16.208461	2
208	Reuniões	1	147	\N	2009-10-27 11:05:39.612228	2	2009-10-27 11:05:39.612228	2
209	• Incorporação de novas tecnologias no processo de produção	1	166	\N	2009-10-28 10:14:08.296161	2	2009-10-28 10:14:08.296161	2
210	• Capacitação de pessoal	1	166	\N	2009-10-28 10:14:19.092446	2	2009-10-28 10:14:19.092446	2
211	• Incorporação de novas tecnologias no processo de produção	1	167	\N	2009-10-28 10:17:04.391957	2	2009-10-28 10:17:04.391957	2
212	• Capacitação de pessoal	1	167	\N	2009-10-28 10:17:12.969255	2	2009-10-28 10:17:12.969255	2
213	• Incorporação de novas tecnologias no processo de produção	1	168	\N	2009-10-28 10:23:24.725888	2	2009-10-28 10:23:24.725888	2
214	• Capacitação de pessoal	1	168	\N	2009-10-28 10:23:42.715482	2	2009-10-28 10:23:42.715482	2
215	Reuniões com COSEMS	1	169	\N	2009-10-28 10:30:48.96278	2	2009-10-28 10:30:48.96278	2
216	Pactuação na CIB	1	169	\N	2009-10-28 10:31:08.937924	2	2009-10-28 10:31:08.937924	2
217	Oficina de Assistência Farmacêutica na Atenção Básica	1	169	\N	2009-10-28 10:31:24.216416	2	2009-10-28 10:31:24.216416	2
218	Desenvolvimento de Protocolos Clínicos para agravos  prevalentes da Atenção Básica à Saúde como: Hipertensão Diabetes, Dislipidemia e Epilepsia.	1	170	\N	2009-10-28 10:34:16.93328	2	2009-10-28 10:34:16.93328	2
219	Realização de uma oficina com representantes dos municípios indicados pelo COSEMS	1	171	\N	2009-10-28 10:36:31.894285	2	2009-10-28 10:36:31.894285	2
220	Sensibilizar e envolver os Diretores das Regionais	1	172	\N	2009-10-28 10:39:01.239005	2	2009-10-28 10:39:01.239005	2
221	Ampliar parcerias com Organizações Sociais	1	172	\N	2009-10-28 10:39:12.683628	2	2009-10-28 10:39:12.683628	2
222	Aquisição de equipamentos; adequação da Logística /Informática	1	173	\N	2009-10-28 10:40:39.841294	2	2009-10-28 10:40:39.841294	2
223	Reuniões com técnicos dos DRS’s e CCTIES	1	174	\N	2009-10-28 10:43:10.461143	2	2009-10-28 10:43:10.461143	2
224	Planejamento, aquisição e distribuição centralizada para todas as Farmácias.	1	175	\N	2009-10-28 10:45:45.096397	2	2009-10-28 10:45:45.096397	2
225	Trabalho integrado com DRSs	1	176	\N	2009-10-28 10:48:06.334504	2	2009-10-28 10:48:06.334504	2
226	Aprovar a PPI da Hemoterapia na CIB/SP	1	177	\N	2009-10-28 10:51:04.854735	2	2009-10-28 10:51:04.854735	2
227	Pactuar com Hemocentros e Hemonúcleos a regionalização	1	178	\N	2009-10-28 10:52:35.807129	2	2009-10-28 10:52:35.807129	2
228	Submeter a apreciação e aprovação dos grupos de trabalho da CAT	1	179	\N	2009-10-28 10:55:31.34175	2	2009-10-28 10:55:31.34175	2
229	Publicações e eventos	1	180	\N	2009-10-28 10:57:18.795382	2	2009-10-28 10:57:18.795382	2
230	Cursos teórico-práticos	1	181	\N	2009-10-28 10:59:27.197651	2	2009-10-28 10:59:27.197651	2
231	Sensibilizar os pesquisadores do quadro e buscar parcerias para o financiamento	1	182	\N	2009-10-28 11:00:52.653995	2	2009-10-28 11:00:52.653995	2
232	Reuniões de sensibilização	1	183	\N	2009-10-28 11:06:48.936816	2	2009-10-28 11:06:48.936816	2
233	Reuniões com gerentes de projetos e sub-projetos	1	184	\N	2009-10-28 11:11:55.260424	2	2009-10-28 11:11:55.260424	2
234	Reuniões do escritório de projetos, gerentes dos projetos e Secretaria de Gestão Pública	1	185	\N	2009-10-28 11:14:24.145357	2	2009-10-28 11:14:24.145357	2
235	Reuniões do escritório de projetos, gerentes dos projetos e Secretaria de Gestão Pública.	1	186	\N	2009-10-28 11:16:07.022916	2	2009-10-28 11:16:07.022916	2
236	Curso de capacitação em Gestão de Projetos	1	187	\N	2009-10-28 11:20:01.823144	2	2009-10-28 11:20:01.823144	2
237	Palestras na SES	1	188	\N	2009-10-28 12:21:52.466715	2	2009-10-28 12:21:52.466715	2
238	Divulgação do Blog por vários meios de comunicação	1	189	\N	2009-10-28 12:24:05.895096	2	2009-10-28 12:24:05.895096	2
239	Reuniões com profissionais	1	190	\N	2009-10-28 12:26:25.586445	2	2009-10-28 12:26:25.586445	2
240	Reuniões de articulação	1	191	\N	2009-10-28 12:28:09.81916	2	2009-10-28 12:28:09.81916	2
241	Reuniões	1	192	\N	2009-10-28 12:30:11.4986	2	2009-10-28 12:30:11.4986	2
242	Reuniões	1	193	\N	2009-10-28 12:31:42.307674	2	2009-10-28 12:31:42.307674	2
243	10 reuniões  por ano, enfatizando relatos de experiências - intervenções da Política de Humanização  nas DRS (s), mesclando com discussões teóricos -práticas de temas previamente acordados entre os participantes	1	194	\N	2009-10-28 12:34:51.97228	2	2009-10-28 12:34:51.97228	2
244	Reuniões periódicas Trimestrais, agrupando os Hospitais por regiões (norte, sul, leste e oeste) ou por especificidade (saúde mental, saúde da mulher, pediatria, saúde do idoso).	1	195	\N	2009-10-28 12:37:19.677426	2	2009-10-28 12:37:19.677426	2
245	4 Encontros Temáticos	1	196	\N	2009-10-28 12:39:32.542728	2	2009-10-28 12:39:32.542728	2
246	10 Encontros loco- regionais	1	197	\N	2009-10-28 12:42:07.577687	2	2009-10-28 12:42:07.577687	2
247	II Encontros Estaduais	1	198	\N	2009-10-28 13:03:59.380335	2	2009-10-28 13:03:59.380335	2
248	Formação de grupos em humanização em 30% dos municípios do estado  e formação de 10 colegiados loco - regionais de Humanização .	1	199	\N	2009-10-28 13:07:21.989207	2	2009-10-28 13:07:21.989207	2
249	Participação de 500 trabalhadores em saúde no estado de SP contribuindo com discussões e trabalhos.	1	200	\N	2009-10-28 13:12:00.31492	2	2009-10-28 13:12:00.31492	2
250	Estabelecer rotinas de elaboração do Relatório Mensal pela equipe do CGD, incluindo análise de série histórica;	1	201	\N	2009-10-28 13:17:13.196481	2	2009-10-28 13:17:13.196481	2
251	Instituir indicadores de gestão de RH: rotatividade e custo, para as diferentes unidades e classes de cargos	1	201	\N	2009-10-28 13:17:17.336774	2	2009-10-28 13:17:17.336774	2
252	Organizar a Equipe do Observatório de RH da SES para a elaboração de boletim mensal.	1	202	\N	2009-10-28 13:20:46.845008	2	2009-10-28 13:20:46.845008	2
253	Instituir processo de qualificação dos gestores de RH das Unidades para análise das informações disponibilizadas pelo sistema;	1	203	\N	2009-10-28 13:22:59.18653	2	2009-10-28 13:22:59.18653	2
254	Treinamento para operação do sistema;	1	203	\N	2009-10-28 13:23:17.950726	2	2009-10-28 13:23:17.950726	2
255	Definição dos níveis de acesso e administração de senhas	1	203	\N	2009-10-28 13:23:29.178437	2	2009-10-28 13:23:29.178437	2
256	Analisar dados obtidos em estudos e relatórios das Oficinas realizadas pela CPS e CRH	1	204	\N	2009-10-28 13:28:45.731773	2	2009-10-28 13:28:45.731773	2
257	Identificar por meio de análise de dados secundários os municípios mais necessitados.	1	204	\N	2009-10-28 13:28:55.493871	2	2009-10-28 13:28:55.493871	2
258	Seleção de regiões para elaboração de projetos próprios	1	205	\N	2009-10-28 13:30:33.504211	2	2009-10-28 13:30:33.504211	2
259	Realização de Oficinas Regionais de Gestão do Trabalho delineamento de projetos de intervenção	1	205	\N	2009-10-28 13:30:42.394024	2	2009-10-28 13:30:42.394024	2
260	Reuniões do grupo de avaliação e acompanhamento	1	205	\N	2009-10-28 13:30:57.838752	2	2009-10-28 13:30:57.838752	2
261	Montagem de base de dados em Oracle contendo as relações entre as tabelas 4, 18 e 21 do CNES e as tabelas auxiliares;	1	206	\N	2009-10-28 13:33:08.979242	2	2009-10-28 13:33:08.979242	2
262	Montagem de base de dados em Oracle. Meta: Finalizar a montagem da base de dados até março/ 2009.	1	207	\N	2009-10-28 13:34:36.86746	2	2009-10-28 13:34:36.86746	2
263	Grupo de trabalho para analisar a qualidade da base de dados (validação) e para a elaboração de análises e proposição de indicadores de RH	1	208	\N	2009-10-28 13:35:57.349107	2	2009-10-28 13:35:57.349107	2
264	Instituir Grupo de trabalho para elaborar análises	1	209	\N	2009-10-28 13:38:47.435797	2	2009-10-28 13:38:47.435797	2
265	Levantamento de dados dos fluxos de referência nas Centrais de Regulação/Plantão Controlador; Entrevistas com gestores/ gerentes das centrais de regulação.	1	210	\N	2009-10-28 13:40:02.437031	2	2009-10-28 13:40:02.437031	2
266	Realização de Fóruns Regionais com representantes das DRS, das Unidades de Saúde e dos representantes de segmentos de  população nos Conselhos Municipais de Saúde e Conselhos Gestores de outras esferas.	1	211	\N	2009-10-28 13:48:27.105449	2	2009-10-28 13:48:27.105449	2
267	Realização de Curso Piloto para Capacitação de Conselheiros Estaduais	1	212	\N	2009-10-28 13:49:41.294845	2	2009-10-28 13:49:41.294845	2
268	Realização de Curso Piloto para Capacitação de Conselheiros Estaduais	1	212	\N	2009-10-28 13:49:42.219946	2	2009-10-28 13:49:42.219946	2
269	Estabelecer parceria com a BIREME .\nIdentificar e conhecer a situação dos títulos .\nUtilizar a metodologia SciELO nas revistas dos Institutos de Pesquisa da SES-SP\nPromover melhorias no atual fluxo de trabalho para operação descentralizada das fontes de informação do Portal, incluindo a operação e publicação dos acervos das instituições que integram a Rede	1	213	\N	2009-10-28 13:51:36.725586	2	2009-10-28 13:51:36.725586	2
270	Divulgação da proposta no CGR e Câmara Técnica	1	214	\N	2009-10-28 13:54:54.294894	2	2009-10-28 13:54:54.294894	2
271	Constituição de Grupo de Trabalho com representantes da CRH, CSS, CRS, CCD e SindSaúde que deverá elaborar diagnóstico de situação e propor ações em qualidade de vida para o servidor da SES, nos hospitais, institutos  e nos DRS	1	215	\N	2009-10-28 13:56:43.249113	2	2009-10-28 13:56:43.249113	2
272	Utilizar espaço das Oficinas de RH regionais para discussões acerca de saúde do trabalhador e qualidade de vida; levantamento de situação e de recursos disponíveis para a implantação das ações	1	216	\N	2009-10-28 14:02:00.453308	2	2009-10-28 14:02:00.453308	2
273	Utilizar espaço das Oficinas de RH dos hospitais para discussões acerca de saúde do trabalhador e qualidade de vida;	1	217	\N	2009-10-28 14:04:38.063739	2	2009-10-28 14:04:38.063739	2
274	Utilizar o GT de Qualidade de Vida no Trabalho para acompanhamento e apoio às ações; levantamento de situação e de recursos disponíveis para a implantação das ações;	1	217	\N	2009-10-28 14:04:46.325688	2	2009-10-28 14:04:46.325688	2
275	Realizar visitas técnicas de acompanhamento das ações de Qualidade de Vida no Trabalho.	1	217	\N	2009-10-28 14:04:55.894533	2	2009-10-28 14:04:55.894533	2
276	 Constituição de Grupo de Trabalho	1	218	\N	2009-10-28 14:07:19.695858	2	2009-10-28 14:07:19.695858	2
277	Constituição de Grupo de Trabalho	1	219	\N	2009-10-28 14:08:43.740513	2	2009-10-28 14:08:43.740513	2
278	Instituir Grupo de trabalho para revisão de práticas e emissão de relatório	1	220	\N	2009-10-28 14:13:35.780338	2	2009-10-28 14:13:35.780338	2
279	Instituir Grupo de trabalho para revisão de práticas e emissão de relatório	1	221	\N	2009-10-28 14:15:17.256433	2	2009-10-28 14:15:17.256433	2
280	Instituir Grupo de trabalho	1	222	\N	2009-10-28 14:19:00.943812	2	2009-10-28 14:19:00.943812	2
281	Capacitação dos dirigentes de RH das unidades de saúde da SES para a utilização do novo instrumento	1	223	\N	2009-10-28 14:21:23.426279	2	2009-10-28 14:21:23.426279	2
282	Capacitação dos operadores para a utilização do aplicativo	1	224	\N	2009-10-28 14:22:58.795925	2	2009-10-28 14:22:58.795925	2
283	Analise antecipada de previsão de aposentadorias	1	226	\N	2009-10-28 14:24:28.864134	2	2009-10-28 14:24:28.864134	2
284	Realizar diagnóstico operacional da atenção ginecológica, identificando necessidades regionais por meio de discussões com CGRs	1	228	\N	2009-10-28 14:25:32.704439	2	2009-10-28 14:25:32.704439	2
285	Identificação e preparação de profissionais mais experientes e seu envolvimento  em atividades de qualificação	1	229	\N	2009-10-28 14:25:52.126067	2	2009-10-28 14:25:52.126067	2
286	Identificar os serviços próprios credenciados com portencialidade para aumentar a realização do procedimento;	1	230	\N	2009-10-28 14:27:22.971985	2	2009-10-28 14:27:22.971985	2
287	Ampliar/otimizar a capacidade instalada;	1	230	\N	2009-10-28 14:27:33.54734	2	2009-10-28 14:27:33.54734	2
288	Divulgar a lista de serviços próprios credenciados para realização de esterilização cirúrgica.	1	230	\N	2009-10-28 14:27:39.842582	2	2009-10-28 14:27:39.842582	2
289	Instituir Grupo de Trabalho que sintetize informação e apresente relatório	1	232	\N	2009-10-28 14:28:35.121621	2	2009-10-28 14:28:35.121621	2
290	Solicitar atualização do MS	1	231	\N	2009-10-28 14:28:40.66432	2	2009-10-28 14:28:40.66432	2
291	Atualizar manuais com GT de experts	1	231	\N	2009-10-28 14:28:42.824384	2	2009-10-28 14:28:42.824384	2
292	Elaborar resolução sobre o tema, que atenda à Legislação	1	233	\N	2009-10-28 14:30:19.878076	2	2009-10-28 14:30:19.878076	2
293	Realizar reuniões com diretores e equipes dos serviços e respectivas DRS	1	233	\N	2009-10-28 14:30:32.365266	2	2009-10-28 14:30:32.365266	2
294	Realização de encontros macro-regionais com profissionais de saúde sobre o tema	1	234	\N	2009-10-28 14:31:26.97368	2	2009-10-28 14:31:26.97368	2
295	Formação de Grupo de Trabalho para elaboração de Projeto de conjunto SES/SSP	1	235	\N	2009-10-28 14:32:29.412022	2	2009-10-28 14:32:29.412022	2
296	Produção de cartazes/ folders/ spots para rádio (conteúdo testado em grupos focais)	1	237	\N	2009-10-28 14:33:20.03326	2	2009-10-28 14:33:20.03326	2
297	Comissão instituída com representação das coordenadorias	1	236	\N	2009-10-28 14:34:33.461533	2	2009-10-28 14:34:33.461533	2
298	Reuniões de trabalho com os parceiros envolvidos.	1	238	\N	2009-10-28 14:35:53.608252	2	2009-10-28 14:35:53.608252	2
299	Discussão do Plano com s colegiados onde se localizam os presídios	1	238	\N	2009-10-28 14:36:00.698242	2	2009-10-28 14:36:00.698242	2
300	Promoção de reuniões junto ao CVS e/ou VISAS municipais	1	238	\N	2009-10-28 14:36:12.539394	2	2009-10-28 14:36:12.539394	2
301	Sensibilizar os Municípios que possuem penitenciárias em seu território para a discussão de saúde no sistema penitenciário	1	238	\N	2009-10-28 14:36:16.04111	2	2009-10-28 14:36:16.04111	2
302	Projeto piloto em 3 unidades da SES	1	239	\N	2009-10-28 14:36:30.398354	2	2009-10-28 14:36:30.398354	2
303	Organização / contratação de instituições para realização de diagnósticos.	1	240	\N	2009-10-28 14:37:55.789208	2	2009-10-28 14:37:55.789208	2
304	Discussão dos dados obtidos no perfil epidemiológico com os diversos atores desta área e os CGR e DRS envolvidos\nGVS e GVE	1	240	\N	2009-10-28 14:38:00.233706	2	2009-10-28 14:38:00.233706	2
305	Reuniões de trabalho com os DRS, CGR e regionais da SAP para discussão dos temas	1	241	\N	2009-10-28 14:39:21.854294	2	2009-10-28 14:39:21.854294	2
306	Reunião com a CSS e OSS  e Hospital do Mandaqui da região do entorno das Penitenciárias de Santana e da Capital	1	242	\N	2009-10-28 14:40:57.14108	2	2009-10-28 14:40:57.14108	2
307	Reuniões DRS/CRS/SES/ /COSEMS/SP e CASA	1	243	\N	2009-10-28 14:42:08.638086	2	2009-10-28 14:42:08.638086	2
308	Discussão  nos Colegiados  de Gestão Regional que possuem unidades da Fundação Casa	1	243	\N	2009-10-28 14:42:23.436109	2	2009-10-28 14:42:23.436109	2
309	- Interlocução sistemática com os respectivos protagonistas.	1	244	\N	2009-10-28 14:50:25.463681	2	2009-10-28 14:50:25.463681	2
310	Desenvolvimento de um aplicativo que gerencie as informações sobre os diversos processos educacionais realizados no âmbito da SES/SP	1	245	\N	2009-10-28 14:52:35.969271	2	2009-10-28 14:52:35.969271	2
311	▪ Realização de Oficinas de Trabalho entre equipe da CRH e experts  da área de educação para identificar e desenvolver estratégias e metodologias de avaliação de processos educacionais	1	246	\N	2009-10-28 14:54:50.10616	2	2009-10-28 14:54:50.10616	2
312	- Continuidade do Curso de formação de Facilitadores de EP para os CDQS/ETSUS e representantes dos 64 CGR.	1	247	\N	2009-10-28 14:57:12.115048	2	2009-10-28 14:57:12.115048	2
313	         Encontros técnicos regionais e centrais de apoio aos CDQS/ETSUS e aos NEPs dos CGR para identificação/socialização de parcerias bem sucedidas em 2008.         • Participação presencial nas CIES para apoio na discussão da execução (identificação de parcerias) dos PAREPS tanto para propostas da região como da macro região.                       Estratégia	1	248	\N	2009-10-28 15:00:27.031694	2	2009-10-28 15:00:27.031694	2
314	Reuniões técnicas de pactuação GTAE / CRH / COSEMS.          Realizar Oficinas envolvendo Coordenação de EP dos CDQS e técnicos do GTAE para definições conjuntas de aspectos que envolvem os temas específicos: conteúdo mínimo prioritário; referencias técnicas; parcerias recomendadas	1	249	\N	2009-10-28 15:04:42.862579	2	2009-10-28 15:04:42.862579	2
315	Apresentação  dos Planos Regionais de EP dos Colegiados a Coordenação Estadual de humanização.  Realização Oficinas aproximando coordenação estadual da EP, da humanização e CDQS para discutir a inclusão da Humanização nas propostas apresentadas.     Discutir estratégias conjuntas de implementação da EP e da humanização junto às regiões de Colegiados.	1	250	\N	2009-10-28 15:06:28.540918	2	2009-10-28 15:06:28.540918	2
316	Em abril de 2009, no Curso de facilitadores de EP em 2009 definir e pactuar o processo e os instrumentos de monitoramento / avaliação dos planos de EP dos respectivos CGR.         Pactuar periodicidade de entrega e etapas presenciais de acompanhamento da execução dos respectivos planos.         Apoiar CDQS/ETSUS na superação de dificuldades identificadas nas avaliações sistemáticas dos PAREPS/2009	1	251	\N	2009-10-28 15:09:26.482811	2	2009-10-28 15:09:26.482811	2
317	   Interlocução / apoio técnico sistemático com os respectivos protagonistas. Participação presencial da CRH / Coordenação das ETSUS nos eventos regionais e macros regionais de EP.	1	252	\N	2009-10-28 15:19:11.725558	2	2009-10-28 15:19:11.725558	2
318	Programação de continuidade do Curso de formação de facilitadores de EP em saúde.                     Programação de quatro etapas do Curso de Facilitadores de EP voltadas ao conteúdo teórico / prático de avaliação dos PAREPS/2009.	1	253	\N	2009-10-28 15:21:03.286594	2	2009-10-28 15:21:03.286594	2
319	Cronograma de visitas. Articulação com o COSEMS/CGR/municípios.Socialização de experiências bem sucedidas na implantação de NEPS.                  Realização de Oficinas macro regionais para identificação/negociação de parcerias e socialização de parcerias bem sucedidas.	1	254	\N	2009-10-28 15:22:38.988282	2	2009-10-28 15:22:38.988282	2
320	- Realização de Oficinas centrais com coordenadores / participantes das CIES / CDQS para efetivação do papel da CIES na política de EP.	1	255	\N	2009-10-28 15:26:24.14677	2	2009-10-28 15:26:24.14677	2
321	- Realização de Oficinas regionais com coordenadores / participantes das CIES / CDQS para construção de novos processos de trabalho nas CIES que respondam as necessidades / expectativas de todos os protagonistas do cenário atual.	1	256	\N	2009-10-28 15:28:22.327288	2	2009-10-28 15:28:22.327288	2
322	- Reunião técnica das 03 regiões de DRS para identificação dos motivos da não articulação dessa CIES no ano de 2008.	1	257	\N	2009-10-28 15:30:32.951016	2	2009-10-28 15:30:32.951016	2
323	- Reuniões técnicas de socialização das facilidades / dificuldades na implantação da EP no Estado em 2008 e definição de estratégias / diretrizes para 2009.	1	258	\N	2009-10-28 15:32:55.660123	2	2009-10-28 15:32:55.660123	2
324	Reuniões técnicas para:    fortalecimento do papel/responsabilidade do grupo técnico em face de política de EP no Estado; identificação de processos de trabalho conjuntos necessários ao apoio/execução/monitoramento dos PAREPS 2009; construção de cronograma de trabalho conjunto p/ o ano 2009.	1	259	\N	2009-10-28 15:38:46.778609	2	2009-10-28 15:38:46.778609	2
325	- Reunião técnica com a secretária executiva do CES para articulação de datas e apoio a implementação do trabalho da Comissão de Integração do CES.	1	260	\N	2009-10-28 15:40:41.522648	2	2009-10-28 15:40:41.522648	2
326	- Oficinas / reuniões técnicas regionais para articulação / implementação de papéis representativos.	1	261	\N	2009-10-28 15:42:26.861208	2	2009-10-28 15:42:26.861208	2
327	Após a identificação das instit. contratadas que realizam a Triagem Neo-natal e do número de crianças diagnosticadas POA/2008, realizar entrevistas, identificar os serv. utilizados na att a DF na Macro Região de São José do Rio Preto.	1	263	\N	2009-10-28 16:59:26.490591	2	2009-10-28 16:59:26.490591	2
328	Cadastrar pessoas com Anemia Falciforme e outras hemoglobinopatias no programa SIGA	1	263	\N	2009-10-28 16:59:35.364387	2	2009-10-28 16:59:35.364387	2
329	Discutir a rede de atenção nas Câmaras Técnicas de Hemoglobinopatias da Hemorrede	1	264	\N	2009-10-28 17:01:47.087404	2	2009-10-28 17:01:47.087404	2
330	Publicação de estudos e pesquisas sobre o tema saúde da população negra.	1	265	\N	2009-10-28 17:03:05.692387	2	2009-10-28 17:03:05.692387	2
331	Apoiar o desenvolvimento de projetos de pesquisa do Curso de Metodologia de Pesquisa em Saúde da População Negra.	1	265	\N	2009-10-28 17:03:08.328757	2	2009-10-28 17:03:08.328757	2
332	Reuniões com articuladores dos DRS;	1	266	\N	2009-10-28 17:06:26.81148	2	2009-10-28 17:06:26.81148	2
333	Discussão nos CGR	1	266	\N	2009-10-28 17:06:28.753809	2	2009-10-28 17:06:28.753809	2
334	Curso de reanimação neonatal da SBP	1	267	\N	2009-10-28 17:08:14.747889	2	2009-10-28 17:08:14.747889	2
335	Curso de assistência  ao recém-nascido de baixo peso ( Método Mãe Canguru)	1	267	\N	2009-10-28 17:08:22.617768	2	2009-10-28 17:08:22.617768	2
336	Apoiar tecnicamente os DRS e os serviços na implantação e implementação  da RDC 36	1	267	\N	2009-10-28 17:08:34.433032	2	2009-10-28 17:08:34.433032	2
337	Constituir a comissão perinatal do estado de são Paulo	1	267	\N	2009-10-28 17:08:45.082923	2	2009-10-28 17:08:45.082923	2
338	Implantar e implementar o terceiro centro de referência de BLH do estado de São Paulo na cidade de  Marília	1	268	\N	2009-10-28 17:10:38.859917	2	2009-10-28 17:10:38.859917	2
339	Sensibilizar os novos gestores para a  importância do aleitamento materno como ação estratégica para a redução da mortalidade infantil	1	268	\N	2009-10-28 17:10:47.682587	2	2009-10-28 17:10:47.682587	2
340	Apoiar tecnicamente os serviços que postulam o título de hospital amigo da criança	1	268	\N	2009-10-28 17:11:00.411246	2	2009-10-28 17:11:00.411246	2
341	Implantar e implementar a rede de aleitamento materno na atenção básica (rede amamenta Brasil)	1	268	\N	2009-10-28 17:11:09.30581	2	2009-10-28 17:11:09.30581	2
342	Oficinas para capacitar recursos humanos para identificação, acolhimento,tratamento e encaminhamentos dos casos de violência contra a criança	1	269	\N	2009-10-28 17:13:45.956907	2	2009-10-28 17:13:45.956907	2
343	Oficialização do grupo de trabalho de triagem neonatal como espaço de discussão e elaboração das recomendações técnicas	1	270	\N	2009-10-28 17:15:20.330966	2	2009-10-28 17:15:20.330966	2
344	Elaboração de instrumento de monitoramento dos Serviços de Referência	1	270	\N	2009-10-28 17:15:30.380699	2	2009-10-28 17:15:30.380699	2
345	Mapeamento das dificuldades de acesso ao serviço	1	270	\N	2009-10-28 17:15:46.432834	2	2009-10-28 17:15:46.432834	2
346	Estabelecer fluxo de troca de informações	1	271	\N	2009-10-28 17:17:21.884799	2	2009-10-28 17:17:21.884799	2
347	Pactuar ações de VISA com gestores municipais.	1	272	\N	2009-10-28 17:24:03.577989	2	2009-10-28 17:24:03.577989	2
348	Compatibilizar agendas entre gestores estaduais e municipais para realização dos eventos de capacitação de profissionais de vigilância sanitária.	1	272	\N	2009-10-28 17:24:11.71292	2	2009-10-28 17:24:11.71292	2
349	Constituir Grupos de Trabalho com profissionais de VISA para aperfeiçoar indicadores e instrumentos de avaliação de qualidade	1	272	\N	2009-10-28 17:24:24.139951	2	2009-10-28 17:24:24.139951	2
350	Estabelecer prazo e fluxo de informação para viabilizar a divulgação dos diagnósticos de situação sanitária	1	272	\N	2009-10-28 17:24:29.406484	2	2009-10-28 17:24:29.406484	2
351	Constituir Grupo de Trabalho para sistematizar e disseminar os conhecimentos produzidos pelas equipes de VISA	1	272	\N	2009-10-28 17:24:34.630249	2	2009-10-28 17:24:34.630249	2
352	Realizar reuniões	1	272	\N	2009-10-28 17:24:37.059314	2	2009-10-28 17:24:37.059314	2
353	Pactuar ações de VISA com gestores municipais.	1	273	\N	2009-10-28 17:27:16.99405	2	2009-10-28 17:27:16.99405	2
354	Compatibilizar agendas entre gestores estaduais e municipais para realização dos eventos de capacitação de profissionais de vigilância sanitária.	1	273	\N	2009-10-28 17:27:31.441686	2	2009-10-28 17:27:31.441686	2
355	Constituir Grupos de Trabalho com profissionais de VISA para aperfeiçoar indicadores e instrumentos de avaliação de qualidade	1	273	\N	2009-10-28 17:27:39.135571	2	2009-10-28 17:27:39.135571	2
356	Estabelecer prazo e fluxo de informação para viabilizar a divulgação dos diagnósticos de situação sanitária	1	273	\N	2009-10-28 17:27:46.926453	2	2009-10-28 17:27:46.926453	2
357	Constituir Grupo de Trabalho para sistematizar e disseminar os conhecimentos produzidos pelas equipes de VISA	1	273	\N	2009-10-28 17:28:09.120997	2	2009-10-28 17:28:09.120997	2
358	Realizar reuniões para fomentar a produção de conhecimento.	1	273	\N	2009-10-28 17:28:17.361341	2	2009-10-28 17:28:17.361341	2
359	Definir relatórios de saída para o SIVISA para análise e avaliação das ações de VISA pelos gestores regionais e municipais	1	273	\N	2009-10-28 17:28:29.285933	2	2009-10-28 17:28:29.285933	2
360	Definir roteiros de inspeção padronizados para implementar o módulo de procedimentos do SIVISA	1	273	\N	2009-10-28 17:28:35.464456	2	2009-10-28 17:28:35.464456	2
361	Definir cronograma de inspeções nos estabelecimentos dos referidos prestadores de serviços sob competência de atuação da VISA estadual	1	273	\N	2009-10-28 17:28:42.691947	2	2009-10-28 17:28:42.691947	2
362	Definir relatórios de saída para o SIVISA para análise e avaliação das ações de VISA pelos gestores regionais e municipais	1	272	\N	2009-10-28 17:30:08.48892	2	2009-10-28 17:30:08.48892	2
363	Definir roteiros de inspeção padronizados para implementar o módulo de procedimentos do SIVISA	1	272	\N	2009-10-28 17:30:15.615379	2	2009-10-28 17:30:15.615379	2
364	Definir cronograma de inspeções nos estabelecimentos dos referidos prestadores de serviços sob competência de atuação da VISA estadual	1	272	\N	2009-10-28 17:30:20.617799	2	2009-10-28 17:30:20.617799	2
365	Pactuar ações de VISA com gestores municipais.	1	274	\N	2009-10-28 17:32:24.522432	2	2009-10-28 17:32:24.522432	2
366	Compatibilizar agendas entre gestores estaduais e municipais para realização dos eventos de capacitação de profissionais de vigilância sanitária.	1	274	\N	2009-10-28 17:32:33.63201	2	2009-10-28 17:32:33.63201	2
367	Constituir Grupos de Trabalho com profissionais de VISA para aperfeiçoar indicadores e instrumentos de avaliação de qualidade	1	274	\N	2009-10-28 17:32:41.385315	2	2009-10-28 17:32:41.385315	2
368	Estabelecer prazo e fluxo de informação para viabilizar a divulgação dos diagnósticos de situação sanitária	1	274	\N	2009-10-28 17:33:10.013624	2	2009-10-28 17:33:10.013624	2
369	Constituir Grupo de Trabalho para sistematizar e disseminar os conhecimentos produzidos pelas equipes de VISA	1	274	\N	2009-10-28 17:33:17.287935	2	2009-10-28 17:33:17.287935	2
370	Realizar reuniões para fomentar a produção de conhecimento.	1	274	\N	2009-10-28 17:33:23.165573	2	2009-10-28 17:33:23.165573	2
371	Definir relatórios de saída para o SIVISA para análise e avaliação das ações de VISA pelos gestores regionais e municipais	1	274	\N	2009-10-28 17:33:29.634215	2	2009-10-28 17:33:29.634215	2
372	Definir roteiros de inspeção padronizados para implementar o módulo de procedimentos do SIVISA	1	274	\N	2009-10-28 17:33:35.321861	2	2009-10-28 17:33:35.321861	2
373	Definir cronograma de inspeções nos estabelecimentos dos referidos prestadores de serviços sob competência de atuação da VISA estadual	1	274	\N	2009-10-28 17:33:37.42126	2	2009-10-28 17:33:37.42126	2
374	Pactuar ações de VISA com gestores municipais.	1	275	\N	2009-10-28 17:35:08.802355	2	2009-10-28 17:35:08.802355	2
375	Compatibilizar agendas entre gestores estaduais e municipais para realização dos eventos de capacitação de profissionais de vigilância sanitária.	1	275	\N	2009-10-28 17:35:20.47754	2	2009-10-28 17:35:20.47754	2
376	Constituir Grupos de Trabalho com profissionais de VISA para aperfeiçoar indicadores e instrumentos de avaliação de qualidade	1	275	\N	2009-10-28 17:35:27.949483	2	2009-10-28 17:35:27.949483	2
377	Estabelecer prazo e fluxo de informação para viabilizar a divulgação dos diagnósticos de situação sanitária	1	275	\N	2009-10-28 17:35:33.534254	2	2009-10-28 17:35:33.534254	2
378	Constituir Grupo de Trabalho para sistematizar e disseminar os conhecimentos produzidos pelas equipes de VISA	1	275	\N	2009-10-28 17:35:44.530904	2	2009-10-28 17:35:44.530904	2
379	Realizar reuniões para fomentar a produção de conhecimento.	1	275	\N	2009-10-28 17:35:50.183946	2	2009-10-28 17:35:50.183946	2
380	Definir relatórios de saída para o SIVISA para análise e avaliação das ações de VISA pelos gestores regionais e municipais	1	275	\N	2009-10-28 17:35:56.166579	2	2009-10-28 17:35:56.166579	2
381	Definir roteiros de inspeção padronizados para implementar o módulo de procedimentos do SIVISA	1	275	\N	2009-10-28 17:36:02.960268	2	2009-10-28 17:36:02.960268	2
382	Definir cronograma de inspeções nos estabelecimentos dos referidos prestadores de serviços sob competência de atuação da VISA estadual	1	275	\N	2009-10-28 17:36:07.516764	2	2009-10-28 17:36:07.516764	2
383	Pactuar ações de VISA com gestores municipais.	1	276	\N	2009-10-28 17:37:53.537141	2	2009-10-28 17:37:53.537141	2
384	Compatibilizar agendas entre gestores estaduais e municipais para realização dos eventos de capacitação de profissionais de vigilância sanitária.	1	276	\N	2009-10-28 17:37:59.222883	2	2009-10-28 17:37:59.222883	2
385	Constituir Grupos de Trabalho com profissionais de VISA para aperfeiçoar indicadores e instrumentos de avaliação de qualidade	1	276	\N	2009-10-28 17:38:04.913444	2	2009-10-28 17:38:04.913444	2
386	Estabelecer prazo e fluxo de informação para viabilizar a divulgação dos diagnósticos de situação sanitária	1	276	\N	2009-10-28 17:38:10.255603	2	2009-10-28 17:38:10.255603	2
387	Constituir Grupo de Trabalho para sistematizar e disseminar os conhecimentos produzidos pelas equipes de VISA	1	276	\N	2009-10-28 17:38:15.14665	2	2009-10-28 17:38:15.14665	2
388	Realizar reuniões para fomentar a produção de conhecimento.	1	276	\N	2009-10-28 17:38:22.40847	2	2009-10-28 17:38:22.40847	2
389	Definir relatórios de saída para o SIVISA  para análise e avaliação das ações de VISA pelos gestores regionais e municipais	1	276	\N	2009-10-28 17:38:27.842642	2	2009-10-28 17:38:27.842642	2
390	Definir roteiros de inspeção padronizados para implementar o módulo de procedimentos do SIVISA	1	276	\N	2009-10-28 17:38:32.691169	2	2009-10-28 17:38:32.691169	2
391	Definir cronograma de inspeções nos estabelecimentos dos referidos prestadores de serviços sob competência de atuação da VISA estadual	1	276	\N	2009-10-28 17:38:34.972518	2	2009-10-28 17:38:34.972518	2
392	Oficinas de Trabalho para elaboração da Política Estadual de atenção à Hipertensão e Diabetes mellitus	1	277	\N	2009-10-28 17:40:14.237277	2	2009-10-28 17:40:14.237277	2
393	Reuniões bimestrais do Comitê Assessor.	1	277	\N	2009-10-28 17:40:17.216489	2	2009-10-28 17:40:17.216489	2
394	Reuniões bimensais com todos os parceiros regionais, para discussão na implantação /implementação da política estadual de Saúde do Adulto	1	278	\N	2009-10-28 17:42:00.164668	2	2009-10-28 17:42:00.164668	2
395	Apoiar tecnicamente os DRS para implantação da Política estadual	1	278	\N	2009-10-28 17:42:07.351528	2	2009-10-28 17:42:07.351528	2
396	Constituir um Comitê Técnico Operacional para Saúde do Adulto no Estado de São Paulo	1	278	\N	2009-10-28 17:42:14.541279	2	2009-10-28 17:42:14.541279	2
397	Capacitar 100%( todas) as equipes dos DRSs e posteriormente auxilia-los na capacitação das equipes dos municípios dos DRSs, utilizando para isso parceiros das Universidades e Sociedades Científicas, e outros profissionais envolvidos  em todos os Pólos Regionais para implantação dos protocolos técnicos de DM e HÁ	1	279	\N	2009-10-28 17:43:41.789474	2	2009-10-28 17:43:41.789474	2
398	Sensibilizar os novos gestores para a  importância do diagnóstico precoce , monitoramente e avaliação da Hipertensão e Diabetes Mellitus	1	279	\N	2009-10-28 17:43:52.636971	2	2009-10-28 17:43:52.636971	2
399	Realizar oficina de capacitação do quesito raça/cor nos municípios dos DRS prioritários	1	280	\N	2009-10-28 17:48:23.573666	2	2009-10-28 17:48:23.573666	2
400	Disponibilizar aos DRSs o Projeto “Saúde com Cultura” (história e cultura africana; Griot; tambores e danças brasileiras; bonecas de pano makena e a semente que veio da África).	1	280	\N	2009-10-28 17:48:33.557888	2	2009-10-28 17:48:33.557888	2
401	Realizar Seminário Estadual de Saúde da População Negra e dois Seminários Regionais de Saúde da População Negra	1	280	\N	2009-10-28 17:48:38.700477	2	2009-10-28 17:48:38.700477	2
402	Sensibilização dos municípios para a implantação de RT;	1	281	\N	2009-10-28 17:52:06.395707	2	2009-10-28 17:52:06.395707	2
403	Pactuação em CIB de transferências de teto correspondentes aos valores de AIHs dos pacientes desinstitucionalizados;	1	281	\N	2009-10-28 17:52:13.533147	2	2009-10-28 17:52:13.533147	2
404	Localização de familiares;	1	281	\N	2009-10-28 17:52:18.083891	2	2009-10-28 17:52:18.083891	2
405	Apoio técnico às equipes da rede de atenção à saúde mental dos municípios	1	281	\N	2009-10-28 17:52:20.240573	2	2009-10-28 17:52:20.240573	2
406	Articulação com cartórios de registro civil, OAB, Ministério Público, Defensoria Pública e demais orgãos competentes para a regularização de documentação dos pacientes “moradores” dos hospitais psiquiátricos do Estado de São Paulo	1	282	\N	2009-10-28 17:53:40.884053	2	2009-10-28 17:53:40.884053	2
407	Articulação com os municípios e CGR, por meio dos DRS, para viabilizar a implantação das RT;	1	283	\N	2009-10-28 17:55:26.801829	2	2009-10-28 17:55:26.801829	2
408	Proposta de criação de incentivo financeiro estadual para a implantação de RT	1	283	\N	2009-10-28 17:55:28.844129	2	2009-10-28 17:55:28.844129	2
409	Articulação e sensibilização dos municípios para a habilitação no PVC \n400 novos beneficiários ao PVC	1	284	\N	2009-10-28 17:57:00.403796	2	2009-10-28 17:57:00.403796	2
410	Articulação com as Coordenadorias responsáveis pelos HG da gestão estadual e Santas Casas para viabilizar a implantação de leitos em DRS prioritários: Grande São Paulo, Baixada Santista, Registro e Taubaté.	1	285	\N	2009-10-28 17:58:13.361728	2	2009-10-28 17:58:13.361728	2
411	Articulação entre articuladores de saúde mental dos DRS com as Centrais de Reintegração Social da SAP; Desenvolvimento de protocolo intersetorial para o acompanhamento dos casos comuns	1	286	\N	2009-10-28 17:59:41.345974	2	2009-10-28 17:59:41.345974	2
412	Realização de avaliação hospitalar segundo diretrizes do PNASH	1	287	\N	2009-10-28 18:00:47.106121	2	2009-10-28 18:00:47.106121	2
413	Articulação com CRH para planejamento de curso de capacitação;	1	288	\N	2009-10-28 18:02:21.478491	2	2009-10-28 18:02:21.478491	2
414	Estabelecimento de curso de capacitação para trabalhadores dos CAPS;	1	288	\N	2009-10-28 18:02:29.428621	2	2009-10-28 18:02:29.428621	2
415	Divulgação	1	288	\N	2009-10-28 18:02:34.580884	2	2009-10-28 18:02:34.580884	2
416	Discussão e pactuação da política estadual de saúde mental na CIB e CES	1	289	\N	2009-10-28 18:04:07.161915	2	2009-10-28 18:04:07.161915	2
417	Realização de encontros preparatórios macroregionais;	1	290	\N	2009-10-28 18:05:14.36556	2	2009-10-28 18:05:14.36556	2
418	Criação de Comissão organizadora; Publicação de anais	1	290	\N	2009-10-28 18:05:16.143601	2	2009-10-28 18:05:16.143601	2
\.


--
-- TOC entry 2023 (class 0 OID 25935)
-- Dependencies: 1556
-- Data for Name: grupos; Type: TABLE DATA; Schema: public; Owner: postgres
--

COPY grupos (id, grupo, descricao) FROM stdin;
4	operadores	Operadores do sistema
5	analistas	Analistas de sistema
2	gerentes	Gerente
3	coordenador	Coordenadores de projetos
19	teste	teste de grupo
6	anonimo	Usuário anônimo
20	usuario	Usuário Comum
1	administradores	Administrador do Sistema
\.


--
-- TOC entry 2024 (class 0 OID 25940)
-- Dependencies: 1558
-- Data for Name: grupos_permissoes; Type: TABLE DATA; Schema: public; Owner: postgres
--

COPY grupos_permissoes (id, grupo_id, pagina_id) FROM stdin;
8	1	3
9	5	3
10	3	3
11	2	3
12	1	4
13	5	4
14	3	4
15	2	4
16	4	4
17	20	4
18	6	4
19	1	5
20	5	5
21	3	5
22	2	5
23	4	5
24	20	5
25	1	6
26	5	6
27	3	6
28	2	6
29	4	6
30	20	6
\.


--
-- TOC entry 2025 (class 0 OID 25945)
-- Dependencies: 1560
-- Data for Name: indicador_config; Type: TABLE DATA; Schema: public; Owner: postgres
--

COPY indicador_config (id, indicador_id, tipo_periodo_id) FROM stdin;
\.


--
-- TOC entry 2026 (class 0 OID 25950)
-- Dependencies: 1562
-- Data for Name: indicadores; Type: TABLE DATA; Schema: public; Owner: postgres
--

COPY indicadores (id, descricao, inclusao_data, inclusao_usuario_id, alteracao_data, alteracao_usuario_id) FROM stdin;
1	municípios com menos de 100 mil hab. apoiados/ total de municípios com menos de 100 mil hab.;	2009-10-19 01:01:04.657081	2	2009-10-19 01:01:04.657081	2
2	nº de ações para implantação do sistema de monitoramento e avaliação realizadas / nº de ações planejadas;	2009-10-19 01:01:20.668967	2	2009-10-19 01:01:20.668967	2
3	nº de programas monitorados/nº total de programas do POA 2009	2009-10-19 01:02:16.646648	2	2009-10-19 01:02:16.646648	2
4	1 - Porcentagem dos municípios monitorados pela SES / total de municípios do Estado;	2009-10-19 01:10:13.057748	2	2009-10-19 01:10:13.057748	2
5	2 – Porcentagem de cobertura PSF em municípios com menos de 100 mil. hab.	2009-10-19 01:10:34.826771	2	2009-10-19 01:10:34.826771	2
6	Numero de ações completadas / total de ações propostas * 100	2009-10-19 01:14:13.771826	2	2009-10-19 01:14:13.771826	2
7	% atendido	2009-10-19 01:18:13.228591	2	2009-10-19 01:18:13.228591	2
8	Número de doses produzidas	2009-10-19 01:23:34.214204	2	2009-10-19 01:23:34.214204	2
9	nº de profissionais qualificados, n° de pessoas beneficiadas	2009-10-19 01:26:50.450115	2	2009-10-19 01:26:50.450115	2
10	1 - % dos profissionais da CRH envolvidos no processo de mudança do modelo gerencial de projetos a partir do “Banco de Idéias da CRH”	2009-10-19 01:29:28.219324	2	2009-10-19 01:29:28.219324	2
11	2 - % dos projetos no Sistema de Gerenciamento de Projetos da CRH. % dos gerentes de projetos e escritório de projetos capacitados no Curso de Gestão de Projetos	2009-10-19 01:29:39.547851	2	2009-10-19 01:29:39.547851	2
12	3 - % dos profissionais da SES participantes no Ciclo de Socialização do Conhecimento. Aumento nos acessos ao BLOG www.redeintegrarh.org\n% de profissionais da CRH envolvidos nas Rodas de Conversa da Rede IntegraRH	2009-10-19 01:29:47.189954	2	2009-10-19 01:29:47.189954	2
13	4 –aumento na articulação e apoio ao desenvolvimento gerencial para os cargos de comando  dos hospitais de administração direta da SES/SP	2009-10-19 01:30:02.059387	2	2009-10-19 01:30:02.059387	2
14	% de diretores certificados e  planos de desenvolvimento individual  implementados	2009-10-19 01:34:08.922907	2	2009-10-19 01:34:08.922907	2
15	% - projetos monitorados/total de projetos do POA 2009, %- planos regionais de desenvolvimento elaborados/total de regiões de saúde, %- propostas da PPI monitoradas/ total de propostas da PPI, %- indicadores do Pacto monitorados/total de indicadores do Pacto	2009-10-19 14:10:03.544791	2	2009-10-19 14:10:03.544791	2
16	nº de ações para implantação do sistema de monitoramento e avaliação realizadas / nº de ações planejadas	2009-10-19 14:14:15.356059	2	2009-10-19 14:14:15.356059	2
17	Taxa de mortalidade infantil e taxa de mortalidade materna	2009-10-19 14:17:19.355499	2	2009-10-19 14:17:19.355499	2
18	Número de avaliações macro regionais trimestrais realizadas/ número total de avaliações trimestrais macro regionais	2009-10-19 14:25:34.365489	2	2009-10-19 14:25:34.365489	2
19	Percentual de instituições monitoradas mensalmente em relação ao total de instituições no programa	2009-10-19 14:35:07.035392	2	2009-10-19 14:35:07.035392	2
20	nº de serviço contratado/nº de serviço existente	2009-10-19 14:39:21.130157	2	2009-10-19 14:39:21.130157	2
21	nº. de auditores capacitados / nº. de auditores designados	2009-10-21 10:15:45.246684	2	2009-10-21 10:15:45.246684	2
22	Metas atingidas de subprojetos/total demetas propostas de todos os subprojetos	2009-10-21 10:18:38.152967	2	2009-10-21 10:18:38.152967	2
23	número de redes monitoradas/ número de redes implantadas	2009-10-21 10:20:57.669612	2	2009-10-21 10:20:57.669612	2
24	Número de Hospitais de Ensino Contratualizados/numero de Hospitais de Ensino Certificados	2009-10-21 10:28:42.393886	2	2009-10-21 10:28:42.393886	2
25	Apresentação da Política Estadual para Hospitais de Pequeno Porte	2009-10-21 10:40:50.559152	2	2009-10-21 10:40:50.559152	2
26	Numero de AME implantado/ Numero de AME programados para implantação	2009-10-21 10:54:51.302086	2	2009-10-21 10:54:51.302086	2
27	Número de redes monitoradas/ número de redes implantadas	2009-10-21 10:59:43.949008	2	2009-10-21 10:59:43.949008	2
28	Total de mulheres com 40 anos ou mais / Total de mulheres que realizaram exames de mamografia /Total de mulheres de realizaram USG / Total de mulheres com resultados BI_RADIS 0 e 3.	2009-10-21 11:02:42.489881	2	2009-10-21 11:02:42.489881	2
29	Número de Complexos Reguladores implantados	2009-10-21 11:06:34.924742	2	2009-10-21 11:06:34.924742	2
30	Número de Complexos Reguladores implantados	2009-10-21 11:08:34.465203	2	2009-10-21 11:08:34.465203	2
31	1) nº de serviços novos.	2009-10-21 13:50:26.245585	2	2009-10-21 13:50:26.245585	2
32	2) % de serviços com Acolhimento com Avaliação de Risco.	2009-10-21 13:50:38.100602	2	2009-10-21 13:50:38.100602	2
33	3) Implantação do Contrato Programa	2009-10-21 13:50:50.126756	2	2009-10-21 13:50:50.126756	2
34	Número de Complexos Reguladores implantados	2009-10-21 14:03:20.502312	2	2009-10-21 14:03:20.502312	2
35	% de atendimento	2009-10-21 14:09:32.878787	2	2009-10-21 14:09:32.878787	2
36	Percentual de pacientes cadastrados/ atendidos	2009-10-21 14:13:00.15162	2	2009-10-21 14:13:00.15162	2
37	Percentual de serviços cadastrados	2009-10-21 14:16:58.979367	2	2009-10-21 14:16:58.979367	2
38	% de publicações e eventos realizados em relação aos previstos em 2009	2009-10-21 14:21:47.271598	2	2009-10-21 14:21:47.271598	2
39	% de unidades com acolhimento com avaliação de risco implantado	2009-10-21 14:33:28.184941	2	2009-10-21 14:33:28.184941	2
40	.	2009-10-21 14:36:23.43569	2	2009-10-21 14:36:23.43569	2
41	1) Número de serviços novos.	2009-10-21 15:16:48.832012	2	2009-10-21 15:16:48.832012	2
42	2) % de leitos ampliados.	2009-10-21 15:17:05.223525	2	2009-10-21 15:17:05.223525	2
43	Fomento da tríplice  inclusão: Trabalhadores, Gestores e Usuários na Atenção e Gestão das práticas de saúde.	2009-10-21 15:22:15.457394	2	2009-10-21 15:22:15.457394	2
44	Propostas de intervenção e ações pactuadas	2009-10-21 15:25:35.822883	2	2009-10-21 15:25:35.822883	2
45	nº de Relatórios elaborados; nº de Boletins Informativos elaborados; percentual de Unidades capacitadas para utilizar o sistema de informações	2009-10-21 15:30:38.311752	2	2009-10-21 15:30:38.311752	2
46	nº de projetos apresentados	2009-10-21 15:32:23.211585	2	2009-10-21 15:32:23.211585	2
47	relatórios produzidos	2009-10-21 15:39:36.000305	2	2009-10-21 15:39:36.000305	2
48	.	2009-10-21 15:50:26.295446	2	2009-10-21 15:50:26.295446	2
49	Carreira de gestor aprovada, normas de processos revistos e publicados, aposentadorias e reposições realizadas, novos sistemas de incentivos desenvolvidos.	2009-10-21 15:55:00.574385	2	2009-10-21 15:55:00.574385	2
50	.	2009-10-21 15:57:44.000606	2	2009-10-21 15:57:44.000606	2
51	Carreira de gestor aprovada, normas de processos revistos e publicados, aposentadorias e reposições realizadas, novos sistemas de incentivos desenvolvidos.	2009-10-21 16:01:16.071266	2	2009-10-21 16:01:16.071266	2
52	vagas criadas e concurso realizado	2009-10-21 16:03:22.79585	2	2009-10-21 16:03:22.79585	2
53	duração do processo de contagem de tempo para ratificação do tempo de contribuição (em meses)	2009-10-21 16:10:03.272146	2	2009-10-21 16:10:03.272146	2
54	nº de profissionais e categorias  contemplados	2009-10-21 16:19:54.157258	2	2009-10-21 16:19:54.157258	2
55	nº de PAREPS em desenvolvimento; sistema de registro implantado; nº salas de EAD implantadas; nº especialistas em gestão em Saúde formados, nº de formadores em EP formados; nº de formadores de nível médio formados	2009-10-21 16:33:05.505565	2	2009-10-21 16:33:05.505565	2
56	nº de PAREPS em desenvolvimento; sistema de registro implantado; nº salas de EAD implantadas; nº especialistas em gestão em Saúde formados, nº de formadores em EP formados; nº de formadores de nível médio formados	2009-10-21 16:34:53.47057	2	2009-10-21 16:34:53.47057	2
57	Número de propostas executadas	2009-10-21 16:46:36.053083	2	2009-10-21 16:46:36.053083	2
58	% de técnicos capacitados, frente à demanda apresentada	2009-10-21 16:50:02.124832	2	2009-10-21 16:50:02.124832	2
59	% de salas instaladas e plataforma implantada.	2009-10-21 16:53:42.155891	2	2009-10-21 16:53:42.155891	2
60	nº de gestores formados	2009-10-21 16:58:41.87621	2	2009-10-21 16:58:41.87621	2
61	Número de profissionais formados	2009-10-21 17:05:53.234126	2	2009-10-21 17:05:53.234126	2
62	Número de técnicos formados	2009-10-21 17:11:50.825175	2	2009-10-21 17:11:50.825175	2
63	Número de técnicos formados	2009-10-21 17:14:24.008413	2	2009-10-21 17:14:24.008413	2
64	1 - % de implantação dos gerenciadores da atenção básica em atividade .	2009-10-21 17:29:36.746307	2	2009-10-21 17:29:36.746307	2
65	2. nº de gestores qualificados	2009-10-21 17:29:47.119902	2	2009-10-21 17:29:47.119902	2
66	3  nº de enfermeiros qualificados	2009-10-21 17:29:59.044817	2	2009-10-21 17:29:59.044817	2
67	4. nº de escolas implantadas e em funcionamento	2009-10-21 17:30:11.535804	2	2009-10-21 17:30:11.535804	2
68	5. relatório de estudo apresentado	2009-10-21 17:30:20.758016	2	2009-10-21 17:30:20.758016	2
69	6. boas formas de gestão do trabalho desenvolvidas e discutidas	2009-10-21 17:30:31.570531	2	2009-10-21 17:30:31.570531	2
70	% de gerentes e enfermeiros qualificados	2009-10-21 17:45:50.750199	2	2009-10-21 17:45:50.750199	2
71	% de gerentes e enfermeiros qualificados	2009-10-21 17:45:51.014486	2	2009-10-21 17:45:51.014486	2
72	% de gerentes e enfermeiros qualificados	2009-10-21 17:46:58.789886	2	2009-10-21 17:46:58.789886	2
73	1 – estudos desenhados e desenvolvidos	2009-10-21 17:51:29.930673	2	2009-10-21 17:51:29.930673	2
74	2 - % de crescimento de bolsas em áreas prioritárias	2009-10-21 17:52:06.921279	2	2009-10-21 17:52:06.921279	2
75	3 - % de bolsas assumidas em projetos de financiamento global da instituição	2009-10-21 17:53:07.925311	2	2009-10-21 17:53:07.925311	2
76	4. % de incorporação de projetos de tutoria, bem como novas formas de financiamento adotadas	2009-10-21 17:53:33.365712	2	2009-10-21 17:53:33.365712	2
77	1 – estudos desenhados e desenvolvidos	2009-10-22 14:42:36.322838	2	2009-10-22 14:42:36.322838	2
78	2 - % de crescimento de bolsas em áreas prioritárias	2009-10-22 14:42:49.68529	2	2009-10-22 14:42:49.68529	2
79	3 - % de bolsas assumidas em projetos de financiamento global da instituição	2009-10-22 14:43:01.3821	2	2009-10-22 14:43:01.3821	2
80	4. % de incorporação de projetos de tutoria, bem como novas formas de financiamento adotadas	2009-10-22 14:43:14.108779	2	2009-10-22 14:43:14.108779	2
81	5. % de instituições avaliadas e modificações/integrações propostas	2009-10-22 14:43:27.033944	2	2009-10-22 14:43:27.033944	2
82	% de programas avaliados, % de recomendações propostas e propostas de integração implementadas.	2009-10-22 14:46:54.398177	2	2009-10-22 14:46:54.398177	2
83	Metodologias novas desenvolvidas no período. Número de patentes solicitadas. Inovações e tecnologias desenvolvidas para insumos, produtos e procedimentos médicos publicados, publicações científicas em revistas indexadas, Ações de capacitação	2009-10-22 14:51:18.956425	2	2009-10-22 14:51:18.956425	2
84	1. TX de Investigação = No. Doenças/Agravos Investigadas x 100\n                                                                                                                                     No. Doenças/Agravos Notificados	2009-10-22 15:50:13.64852	2	2009-10-22 15:50:13.64852	2
85	2.  Nº de municípios do estado de SP com Plano de Ação em Vigilância Sanitária pactuado x 100\nNº de municípios do estado de SP	2009-10-22 15:50:47.526431	2	2009-10-22 15:50:47.526431	2
86	Taxa de alcance de indicadores = nº. de indicadores com meta alcançada no período X 100\n                                                                                                             Nº. total de indicadores estabelecidos	2009-10-22 15:55:56.953172	2	2009-10-22 15:55:56.953172	2
87	1 - TX de Notificação de casos de PFA: No. Casos PFA notificados / Nº menores de 15 anos x 100 mil;	2009-10-22 15:59:30.846653	2	2009-10-22 15:59:30.846653	2
88	2 - Nº. casos suspeitos de sarampo e rubéola investigados adequadamente / Total de casos suspeitos notificados de sarampo e rubéola X 100; 3 - CV = doses aplicadas / população menor de um ano de idade x 100.	2009-10-22 15:59:42.750617	2	2009-10-22 15:59:42.750617	2
89	3 - CV = doses aplicadas / população menor de um ano de idade x 100.\nPara a CV de TV utilizar a população de um ano de idade; Homogeneidade = % de municípios que atingiram a meta/ nº total de municípios	2009-10-22 16:00:17.950458	2	2009-10-22 16:00:17.950458	2
90	2 - Nº. casos suspeitos de sarampo e rubéola investigados adequadamente / Total de casos suspeitos notificados de sarampo e rubéola X 100;	2009-10-22 16:02:13.185928	2	2009-10-22 16:02:13.185928	2
91	3 - CV = doses aplicadas / população menor de um ano de idade x 100.\nPara a CV de TV utilizar a população de um ano de idade; Homogeneidade = % de municípios que atingiram a meta/ nº total de municípios	2009-10-22 16:02:37.342009	2	2009-10-22 16:02:37.342009	2
92	Nº de hospitais notificantes / total de hospitais com critério para notificação X 100	2009-10-22 16:06:05.29838	2	2009-10-22 16:06:05.29838	2
93	nº de casos de meningites bacterianas com etiologia identificada/ nº total de meningites bacterianas	2009-10-22 16:07:46.384678	2	2009-10-22 16:07:46.384678	2
94	1 - Nº. de surtos investigados X 100 /nº total de surtos notificados/ registrados (CVE/ DTA);	2009-10-22 16:11:46.745978	2	2009-10-22 16:11:46.745978	2
95	2 - Tx de realização de exames/ diagnóstico etiológico;	2009-10-22 16:11:59.372856	2	2009-10-22 16:11:59.372856	2
96	3 - Nº. surtos com realização de testes laboratoriais X 100/ Nº total de surtos investigados	2009-10-22 16:12:12.906704	2	2009-10-22 16:12:12.906704	2
97	1 - letalidade da FHD e Leptospirose (nº óbitos pelo agravo X 100/ nº total casos;	2009-10-22 16:15:36.248637	2	2009-10-22 16:15:36.248637	2
98	2 - Incidência (nº casos novos X 100/população exposta;	2009-10-22 16:16:08.275212	2	2009-10-22 16:16:08.275212	2
99	3 - Nº. de exames realizados X 100/ nº total de amostras encaminhadas	2009-10-22 16:16:29.30675	2	2009-10-22 16:16:29.30675	2
100	1 - % de sintomáticos respiratório (SR) examinados;	2009-10-22 16:20:45.933129	2	2009-10-22 16:20:45.933129	2
101	2 - % de cura de B K;	2009-10-22 16:21:01.611689	2	2009-10-22 16:21:01.611689	2
102	3- Coeficiente de mortalidade (nº óbitos por TBC/ nº total de óbitos)	2009-10-22 16:21:29.137461	2	2009-10-22 16:21:29.137461	2
103	1 - Coeficiente de Prevalência no período de 2009 por município (nº casos novos e antigos/ população exposta);	2009-10-22 16:25:01.651409	2	2009-10-22 16:25:01.651409	2
104	2 - Proporção de Cura das Coortes MB2007 e PB2008;	2009-10-22 16:25:16.722271	2	2009-10-22 16:25:16.722271	2
105	3 - Coeficiente de Detecção em menores de 15 anos (nº casos detectados/ população	2009-10-22 16:25:47.38538	2	2009-10-22 16:25:47.38538	2
106	1 -  Número total de óbitos por Aids/ ano;	2009-10-22 16:32:40.471253	2	2009-10-22 16:32:40.471253	2
107	2 - Uma UBS com pontuação cinco em cada um dos municípios habilitados na política de incentivo;	2009-10-22 16:33:12.396818	2	2009-10-22 16:33:12.396818	2
108	3 - Número de UBS realizando triagem sorológica para hepatites B e C /Numero total de UBS	2009-10-22 16:33:50.898415	2	2009-10-22 16:33:50.898415	2
109	número de GVE com notificação implantada / total de GVE x 100	2009-10-22 16:38:38.507878	2	2009-10-22 16:38:38.507878	2
110	Nº de municípios do estado de SP com Plano de Ação em Vigilância Sanitária pactuado x 100\nNº de municípios do estado de SP	2009-10-22 16:41:18.190735	2	2009-10-22 16:41:18.190735	2
111	Nº de Serviços Hemoterápicos cadastrados no SIVSA pelo gestor municipal x 100\nNº de Serviços Hemoterápicos cadastrados no SIVSA	2009-10-22 16:45:20.822861	2	2009-10-22 16:45:20.822861	2
112	Nº de Serviços de Saúde e de Interesse da Saúde cadastrados no SIVSA pelo gestor municipal    X   100\nNº de Serviços de Saúde e de Interesse da Saúde cadastrados no SIVSA	2009-10-22 16:47:43.441496	2	2009-10-22 16:47:43.441496	2
113	Nº de estabelecimentos que comercializam produtos de interesse da saúde cadastrados no SIVSA pelo gestor municipal   x   100\nNº de estabelecimentos que comercializam produtos de interesse da saúde cadastrados no SIVSA	2009-10-22 16:50:36.621762	2	2009-10-22 16:50:36.621762	2
114	1 - Nº de GVS + SGVS do estado de SP capacitados no Módulo 1 do Programa Estadual de      x   100\n                                                                                                    Toxicovigilância	2009-10-22 16:55:24.726425	2	2009-10-22 16:55:24.726425	2
115	2 - Nº. de GVS + SGVS do estado de SP	2009-10-22 16:55:36.564786	2	2009-10-22 16:55:36.564786	2
116	Nº de análises realizadas pelo PROÁGUA com resultados adequados para o parâmetro flúor     x   100\nNº de análises realizadas pelo PROÁGUA para o parâmetro flúor	2009-10-22 16:58:28.929631	2	2009-10-22 16:58:28.929631	2
117	1 - Nº. listas mestras/ Nº UOS (Meta 60%);	2009-10-22 17:02:08.82794	2	2009-10-22 17:02:08.82794	2
118	2 - Nº. de unidades laboratoriais emitindo informações/ Nº de unidades laboratoriais existentes;	2009-10-22 17:02:21.816719	2	2009-10-22 17:02:21.816719	2
119	3 - Nº. de novas tecnologias implantadas	2009-10-22 17:02:33.704476	2	2009-10-22 17:02:33.704476	2
120	Nº de análises realizadas pelo PROÁGUA com resultados adequados para o parâmetro flúor     x   100\nNº de análises realizadas pelo PROÁGUA para o parâmetro flúor	2009-10-22 17:07:28.780753	2	2009-10-22 17:07:28.780753	2
121	1 - Nº. listas mestras/ Nº UOS (Meta 60%);	2009-10-22 17:09:35.811449	2	2009-10-22 17:09:35.811449	2
122	2 - Nº. de unidades laboratoriais emitindo informações/ Nº de unidades laboratoriais existentes;	2009-10-22 17:10:50.791285	2	2009-10-22 17:10:50.791285	2
123	3 - Nº. de novas tecnologias implantadas	2009-10-22 17:11:01.966025	2	2009-10-22 17:11:01.966025	2
124	Nº. de resultados emitidos/ nº de amostras cadastradas	2009-10-22 17:13:21.2845	2	2009-10-22 17:13:21.2845	2
125	Nº. técnicas implantadas/  nº. Técnicas previstas	2009-10-22 17:15:30.24261	2	2009-10-22 17:15:30.24261	2
126	Processo de certificação implantado auditorias realizadas e aprovadas	2009-10-22 17:16:46.65651	2	2009-10-22 17:16:46.65651	2
127	Número de serviços implantados e credenciados\nÍndices de cobertura populacional para o Estado de São Paulo	2009-10-22 17:35:09.993725	2	2009-10-22 17:35:09.993725	2
128	Acesso a primeira consulta odontológica.	2009-10-22 17:37:47.514072	2	2009-10-22 17:37:47.514072	2
129	Número de serviços recredenciados	2009-10-22 17:53:45.986905	2	2009-10-22 17:53:45.986905	2
130	0,50 de cobertura CAPS/ 100.000 habitantes no Estado de São Paulo	2009-10-22 17:57:00.732882	2	2009-10-22 17:57:00.732882	2
131	Índice de cobertura CAPS/ 100.000 habitantes no Estado de São Paulo	2009-10-22 18:01:18.175872	2	2009-10-22 18:01:18.175872	2
132	Número de projetos cadastrados, publicações, metodologias e tecnologias desenvolvidas e \nincorporadas pelo sistema.	2009-10-22 22:37:37.124052	2	2009-10-22 22:37:37.124052	2
133	Número de projetos para inovação apresentados e cadastrados nas Instituições de Pesquisa e relacionadas à agenda de prioridades em CT&I para o SUS-SP.	2009-10-23 09:27:50.816706	2	2009-10-23 09:27:50.816706	2
134	Número de projetos cadastrados  realizados em parcerias com entidades com expertise em C&T relacionadas à agenda de prioridades em C&T para o SUS-SP.	2009-10-23 09:29:30.563641	2	2009-10-23 09:29:30.563641	2
135	Operação descentralizada das fontes de informação do Portal, incluindo a operação e publicação dos acervos das instituições que integram a Rede; Obtenção de Portal de acesso aos textos completos de 4 periódicos científicos dos Institutos de Pesquisa da SES-SP operando com a metodologia SciELO e integrado com o Portal da Rede de Informação e Conhecimento da SES-SP	2009-10-23 09:32:25.115893	2	2009-10-23 09:32:25.115893	2
136	Capacitação de Recursos Humanos	2009-10-23 09:39:32.643286	2	2009-10-23 09:39:32.643286	2
137	Nº de serviços credenciados	2009-10-23 09:42:47.530274	2	2009-10-23 09:42:47.530274	2
138	nº de serviços avaliados e contratados/credenciados	2009-10-23 09:46:13.688391	2	2009-10-23 09:46:13.688391	2
139	Mortalidade Infantil	2009-10-23 09:49:47.070259	2	2009-10-23 09:49:47.070259	2
140	Número de ações/procedimentos realizados pela Secretaria de Estado da Saúde voltadas a estas populações	2009-10-23 09:54:38.561043	2	2009-10-23 09:54:38.561043	2
141	Numero de Vigilâncias Municipais envolvidas em ações nos processos produtivos prioritários em relação com o número total de municípios que apresentam os  processos produtivos prioritários	2009-10-23 09:58:13.453817	2	2009-10-23 09:58:13.453817	2
142	Morbidade Hospitalar por AVC,na população  40 anos, \n                                                  Morbidade Hospitalar por Diabetes na população  30 anos	2009-10-23 10:14:14.256565	2	2009-10-23 10:14:14.256565	2
143	Morbidade Hospitalar por AVC,na população  40 anos, \n Morbidade Hospitalar por Diabetes na população  30 anos	2009-10-23 10:14:58.018435	2	2009-10-23 10:14:58.018435	2
144	Morbidade Hospitalar por AVC,na população  40 anos, \n                                                  Morbidade Hospitalar por Diabetes na população  30 anos	2009-10-23 10:17:39.333192	2	2009-10-23 10:17:39.333192	2
145	Fórum realizado	2009-10-23 10:20:42.913824	2	2009-10-23 10:20:42.913824	2
146	número de interlocutores da DRS capacitados / total de DRSs x 100	2009-10-23 10:25:05.594264	2	2009-10-23 10:25:05.594264	2
147	número de Municípios com interlocutores capacitados / total de Municípios x 100	2009-10-23 10:28:32.50307	2	2009-10-23 10:28:32.50307	2
148	Oficinas de Participação Popular e Ouvidoria no Estado de São Paulo realizadas; seminários temáticos realizados; reuniões de comissões técnicas, grupos de trabalho e reuniões do Pleno do CES realizadas e Curso Piloto para conselheiros  estaduais realizado.	2009-10-23 10:33:17.589639	2	2009-10-23 10:33:17.589639	2
149	Oficinas de Participação Popular e Ouvidoria no Estado de São Paulo realizadas; seminários temáticos realizados; reuniões de comissões técnicas, grupos de trabalho e reuniões do Pleno do CES realizadas e Curso Piloto realizado.	2009-10-23 10:36:18.31483	2	2009-10-23 10:36:18.31483	2
150	Resultados dos Encontros	2009-10-23 10:39:13.609259	2	2009-10-23 10:39:13.609259	2
151	Número de GVS e SGVS do Estado de São Paulo capacitados para a execução das ações do PPVISAT-Canavieiro / Número de GVSs e SGVSs do Estado de São Paulo X 100	2009-10-23 10:57:57.704579	2	2009-10-23 10:57:57.704579	2
\.


--
-- TOC entry 2042 (class 0 OID 26321)
-- Dependencies: 1596
-- Data for Name: indicadores_programa; Type: TABLE DATA; Schema: public; Owner: postgres
--

COPY indicadores_programa (id, programa_id, indicador_id) FROM stdin;
1	3	1
2	3	2
3	3	3
4	5	7
5	6	9
6	7	31
7	7	32
8	7	33
9	8	83
10	9	84
11	9	85
12	10	127
13	11	145
14	12	148
\.


--
-- TOC entry 2043 (class 0 OID 26339)
-- Dependencies: 1598
-- Data for Name: indicadores_projeto; Type: TABLE DATA; Schema: public; Owner: postgres
--

COPY indicadores_projeto (id, projeto_id, indicador_id) FROM stdin;
1	1	4
2	1	5
3	2	6
4	4	8
5	5	10
6	5	11
7	5	12
8	5	13
9	6	14
10	7	15
11	8	16
12	9	17
13	10	18
14	11	19
15	12	20
16	13	21
17	14	22
18	15	23
19	16	24
20	17	25
21	18	26
22	19	27
23	20	28
26	23	34
27	24	35
28	25	36
29	27	37
30	29	38
31	30	39
32	31	40
33	32	41
34	32	42
35	33	43
36	34	44
37	35	45
38	36	46
39	37	47
40	38	48
41	39	49
42	40	50
43	41	51
44	42	52
45	43	53
46	44	54
47	45	55
48	46	56
49	47	57
50	48	58
51	49	59
52	50	60
53	51	61
54	52	62
55	53	63
56	54	64
57	54	65
58	54	66
59	54	67
60	54	68
61	54	69
62	55	70
63	55	71
64	55	72
65	56	73
66	56	74
67	56	75
68	56	76
69	57	77
70	57	78
71	57	79
72	57	80
73	57	81
74	58	82
75	65	86
76	66	87
77	66	88
78	66	89
79	66	90
80	66	91
81	67	92
82	68	93
83	69	94
84	69	95
85	69	96
86	70	97
87	70	98
88	70	99
89	71	100
90	71	101
91	71	102
92	72	103
93	72	104
94	72	105
95	73	106
96	73	107
97	73	108
98	74	109
99	75	110
100	76	111
101	77	112
102	78	113
103	79	114
104	79	115
105	80	116
106	81	117
107	81	118
108	81	119
109	82	120
110	83	121
111	83	122
112	83	123
113	84	124
114	85	125
115	86	126
116	87	128
117	90	129
118	91	130
119	92	131
120	95	132
121	96	133
122	97	134
123	98	135
124	99	136
125	100	137
126	101	138
127	102	139
128	103	140
129	104	141
130	107	142
131	107	143
132	108	144
133	109	146
134	110	147
135	111	149
136	112	150
137	113	151
\.


--
-- TOC entry 2027 (class 0 OID 25970)
-- Dependencies: 1564
-- Data for Name: metas_acao; Type: TABLE DATA; Schema: public; Owner: postgres
--

COPY metas_acao (id, descricao, situacao_id, acao_id, objetivo_id, inclusao_data, inclusao_usuario_id, alteracao_data, alteracao_usuario_id) FROM stdin;
1	Definição de 81 apoiadores	1	1	\N	2009-10-22 20:35:43.05941	2	2009-10-22 20:35:43.05941	2
2	Distribuição dos 81 gerenciadores pelos 64 Colegiados de Gestão Regional\n( CGR)	1	1	\N	2009-10-22 20:36:04.703484	2	2009-10-22 20:36:04.703484	2
3	Participação dos gestores municipais e técnicos da SES	1	2	\N	2009-10-23 13:56:41.484342	2	2009-10-23 13:56:41.484342	2
4	Divulgação trimestral  dos resultados	1	3	\N	2009-10-23 14:00:09.590632	2	2009-10-23 14:00:09.590632	2
5	CRH	1	3	\N	2009-10-23 14:00:27.131083	2	2009-10-23 14:00:27.131083	2
6	Implantar AMQ em 30% dos municípios com Qualis Mais	1	3	\N	2009-10-26 14:27:01.891726	2	2009-10-26 14:27:01.891726	2
8	Divulgação dos 8 fascículos:\n1.Documento conceitual sobre a AB;\n2. Unidades Básicas de Saúde no estado de SP;\n3. Propostas de modalidades de organização da AB\n4.Estrutura de uma Unidade Básica de saúde;\n5.Funcionamento de uma UBS\n6. Referência e Contra-referência\n7.Aspectos operacionais do RH\n8.Gestão do sistema municipal de saúde	1	4	\N	2009-10-26 14:30:41.816182	2	2009-10-26 14:30:41.816182	2
9	- Implantação dos manuais e protocolos de riscos  nos serviços de AB	1	5	\N	2009-10-26 15:00:11.562268	2	2009-10-26 15:00:11.562268	2
10	Distribuição do relatório á todos os gestoras dos municípios do Estado.	1	6	\N	2009-10-26 15:03:58.568468	2	2009-10-26 15:03:58.568468	2
11	Reorganização da AB em pelo menos 20% dos municípios que estão recebendo verba Qualis Mais;\nIncentivar o aumento da cobertura do PSF em 10%.	1	7	\N	2009-10-26 15:21:13.233906	2	2009-10-26 15:21:13.233906	2
12	Realizar  5 oficinas em cada Região de Saúde de Presidente Prudente	1	8	\N	2009-10-26 15:24:49.129874	2	2009-10-26 15:24:49.129874	2
13	100% dos indicadores adequados para acompanhamento do Qualis +	1	9	\N	2009-10-26 15:45:16.471216	2	2009-10-26 15:45:16.471216	2
14	100% dos gestores sensibilizados	1	10	\N	2009-10-26 16:02:44.466583	2	2009-10-26 16:02:44.466583	2
15	Ter em abril a capacidade de exibir todos os indicadores como existentes na Matriz de Indicadores de São Paulo existente em papel e em outubro a capacidade de expandir os dados por município.	1	11	\N	2009-10-26 16:10:24.188936	2	2009-10-26 16:10:24.188936	2
16	Ter clara a política de privacidade em toda a secretaria e ter sistemas transferidos para ambiente seguro de privacidade da informação.	1	12	\N	2009-10-26 16:15:40.993356	2	2009-10-26 16:15:40.993356	2
17	Implementar base de cadastramento descentralizada e fornecer serviço web para cadastramento e emissão de Cartão SUS	1	13	\N	2009-10-26 16:21:43.65105	2	2009-10-26 16:21:43.65105	2
18	Conseguir identificar dez marcos de qualidade e verificar em pelo menos três sistemas de informação	1	14	\N	2009-10-26 16:27:01.301809	2	2009-10-26 16:27:01.301809	2
19	Atingir 50.000 page views por mês	1	16	\N	2009-10-26 16:30:24.606764	2	2009-10-26 16:30:24.606764	2
20	Ter capacidade de montar web conference entre pelo menos 5 participantes trocando imagens, voz e apresentação	1	18	\N	2009-10-26 16:33:06.491961	2	2009-10-26 16:33:06.491961	2
21	Colocar mas 5000 caixas postais disponíveis	1	19	\N	2009-10-26 16:36:47.288192	2	2009-10-26 16:36:47.288192	2
22	Ter o sistema montado e em operação	1	20	\N	2009-10-26 16:38:38.929012	2	2009-10-26 16:38:38.929012	2
23	100% dos municípios com PMS desenvolvido e agendas do Pacto pela Saúde estabelecida e pactuada nos CMS e CGR.\n\n100% dos CGR com agenda de prioridades para 2009.	1	21	\N	2009-10-26 17:05:49.818303	2	2009-10-26 17:05:49.818303	2
24	100% dos projetos do POA 2009 acompanhados.	1	22	\N	2009-10-26 17:08:24.510548	2	2009-10-26 17:08:24.510548	2
25	100% da agenda estadual do TCGE para 2009 monitorada\n\n100% das agendas dos TCGM pactuadas nos CGR realizadas.	1	23	\N	2009-10-26 17:11:31.633295	2	2009-10-26 17:11:31.633295	2
26	100% das metas do SIMPA acompanhadas e revisadas.\n100% dos programas alinhados à PPA	1	24	\N	2009-10-26 17:14:58.546596	2	2009-10-26 17:14:58.546596	2
27	Relatório de Gestão elaborado de acordo com os POA 2008 e apresentado ao CES e Assembléia Legislativa	1	25	\N	2009-10-26 17:17:09.507358	2	2009-10-26 17:17:09.507358	2
28	Divulgação de 2 estudos sobre a rede e necessidades.	1	26	\N	2009-10-26 17:18:44.128036	2	2009-10-26 17:18:44.128036	2
29	50% da PPI organizada segundo a lógica de redes de atenção à saúde\n\n100% dos recursos municipais e estaduais informados na PPI  Assistência de Média e Alta Complexidade.	1	27	\N	2009-10-26 17:23:58.85769	2	2009-10-26 17:23:58.85769	2
30	SISPACTO, POA 2009 e Relatórios de Gestão pactuados -  CIB e CES	1	28	\N	2009-10-26 17:26:19.272238	2	2009-10-26 17:26:19.272238	2
31	Parcerias firmadas com as instituições de ensino.	1	29	\N	2009-10-26 17:29:44.467289	2	2009-10-26 17:29:44.467289	2
32	PDR consolidado no Estado.	1	30	\N	2009-10-26 17:31:51.404711	2	2009-10-26 17:31:51.404711	2
33	PDI elaborado em 100% das regiões de saúde.	1	31	\N	2009-10-26 17:33:57.307594	2	2009-10-26 17:33:57.307594	2
34	Publicação em Diário Oficial dos representantes do Núcleo e de suas principais atribuições em janeiro de 2009	1	32	\N	2009-10-26 17:36:45.487601	2	2009-10-26 17:36:45.487601	2
35	Produção de 1 Nota técnica por bimestre	1	33	\N	2009-10-26 17:38:50.206295	2	2009-10-26 17:38:50.206295	2
36	Envio de notas técnicas a 100% dos gestores de saúde municipais e estaduais	1	34	\N	2009-10-26 17:40:46.132599	2	2009-10-26 17:40:46.132599	2
37	Divulgação de indicadores para conhecimento e avaliação no site da SES e elaboração de formatos impressos a serem entregues a 100% dos gestores do SUS	1	35	\N	2009-10-26 17:42:25.964718	2	2009-10-26 17:42:25.964718	2
38	Realização de 5 Oficinas macro regionais	1	36	\N	2009-10-26 17:44:09.896572	2	2009-10-26 17:44:09.896572	2
39	1 relatório publicado e divulgado a 100% dos gestores SUS\n\n\nElaboração de 1 relatório para divulgação em 2010	1	37	\N	2009-10-26 17:46:12.384631	2	2009-10-26 17:46:12.384631	2
40	Medidas avaliadas e novas proposições formuladas	1	38	\N	2009-10-26 17:48:49.934858	2	2009-10-26 17:48:49.934858	2
41	10 maternidades avaliadas	1	39	\N	2009-10-26 17:50:20.156939	2	2009-10-26 17:50:20.156939	2
42	72 médicos obstetras e 24 enfermeiras obstetrizes capacitados nos DRS de Sorocaba. \n144 médicos obstetras capacitados na Baixada Santista.\nCapacitar 30 médicos pediatras no DRS de Sorocaba.\nCapacitar 30 pediatras na Baixada Santista.	1	40	\N	2009-10-26 17:52:36.844326	2	2009-10-26 17:52:36.844326	2
43	Diagnósticos realizados e reuniões concluídas	1	41	\N	2009-10-26 17:54:13.449381	2	2009-10-26 17:54:13.449381	2
44	Propostas formuladas e sua implementação iniciada.	1	42	\N	2009-10-26 17:56:45.069732	2	2009-10-26 17:56:45.069732	2
45	Conclusão do instrumento conforme cronograma	1	44	\N	2009-10-26 19:17:35.7204	2	2009-10-26 19:17:35.7204	2
46	Conclusão do instrumento conforme cronograma	1	44	\N	2009-10-26 19:48:43.94859	2	2009-10-26 19:48:43.94859	2
47	Avaliação de 100 % das linhas de cuidado, conforme cronograma	1	45	\N	2009-10-26 19:51:02.114675	2	2009-10-26 19:51:02.114675	2
48	Avaliação de 100 % da assistência de alta complexidade, conforme cronograma	1	46	\N	2009-10-26 19:52:18.056304	2	2009-10-26 19:52:18.056304	2
49	Monitorar 100% das instituições participantes.	1	47	\N	2009-10-26 19:53:22.758397	2	2009-10-26 19:53:22.758397	2
50	Implantação das ações do programa em 100% dos prestadores definidos	1	48	\N	2009-10-26 21:23:53.025452	2	2009-10-26 21:23:53.025452	2
51	Manter 100% das unidades prestadoras de serviços de saúde, sob Gestão do governo do estado de São Paulo, com convênios/contratos atualizados.	1	49	\N	2009-10-26 21:25:20.39103	2	2009-10-26 21:25:20.39103	2
52	Processar e monitorar 100% da produção ambulatorial e hospitalar.\nPromover treinamento sobre processamento nos 17 DRS (100%).	1	50	\N	2009-10-26 21:26:15.357457	2	2009-10-26 21:26:15.357457	2
53	Identificar as inconsistências, propor correções, promover treinamento de atualização de cadastro em pelo menos 50% dos 17 DRS.	1	51	\N	2009-10-26 21:27:15.019264	2	2009-10-26 21:27:15.019264	2
54	Capacitação de 100 % dos auditores membros das Comissões Técnicas de Auditoria Regional – CTAR	1	52	\N	2009-10-26 21:28:24.905593	2	2009-10-26 21:28:24.905593	2
55	Auditar dois serviços por DRS ao ano.	1	53	\N	2009-10-26 21:29:13.792321	2	2009-10-26 21:29:13.792321	2
56	Auditar 100 % dos serviços credenciados que compõem as redes de assistência em alta complexidade de TRS e Oncologia.	1	54	\N	2009-10-26 21:30:00.311889	2	2009-10-26 21:30:00.311889	2
57	-Auditar 100% dos bloqueios\n\n-Implementar fluxo de informações entre auditoria e GVS/SGVS	1	55	\N	2009-10-26 21:30:58.252567	2	2009-10-26 21:30:58.252567	2
58	Auditar 100% dos transplantes priorizados	1	56	\N	2009-10-26 21:31:48.547601	2	2009-10-26 21:31:48.547601	2
59	80% das demandas no prazo estabelecido	1	57	\N	2009-10-26 21:33:08.737077	2	2009-10-26 21:33:08.737077	2
60	Auditar 100% das respostas positivas, ou seja, aquelas decorrentes da não realização do procedimento apontado ou do pagamento pelo atendimento recebido no SUS	1	58	\N	2009-10-26 21:34:22.695509	2	2009-10-26 21:34:22.695509	2
61	2º. Ano – 34 municípios	1	59	\N	2009-10-26 21:35:57.950353	2	2009-10-26 21:35:57.950353	2
62	Auditar 100% dos HE contratualizados com o SUS	1	60	\N	2009-10-26 21:37:00.223314	2	2009-10-26 21:37:00.223314	2
63	Auditar 100 % dos serviços credenciados da rede de Saúde Auditiva, considerados insatisfatórios.\n\n\nAuditar 100% das UTI avaliadas na auditoria de 2008, com condições inadequadas de funcionamento	1	61	\N	2009-10-26 21:39:49.471021	2	2009-10-26 21:39:49.471021	2
64	100% de incorporação de serviços novos habilitados pelas respectivas portarias	1	62	\N	2009-10-27 08:36:24.896082	2	2009-10-27 08:36:24.896082	2
65	Avaliação de 100 % das especialidades conforme cronograma	1	63	\N	2009-10-27 08:37:59.648477	2	2009-10-27 08:37:59.648477	2
66	50% dos serviços	1	64	\N	2009-10-27 08:39:02.623619	2	2009-10-27 08:39:02.623619	2
67	100% dos serviços habilitados para Rede	1	65	\N	2009-10-27 08:41:04.576768	2	2009-10-27 08:41:04.576768	2
68	Avaliação trimestral de 100% dos serviços contratualizados	1	66	\N	2009-10-27 08:42:01.171289	2	2009-10-27 08:42:01.171289	2
69	Monitoramento de 100 % dos dados	1	67	\N	2009-10-27 08:43:09.936808	2	2009-10-27 08:43:09.936808	2
70	Adequação de 100 % da avaliação da capacidade operacional dos serviços contratados baseado inclusive na avaliação do risco sanitário	1	68	\N	2009-10-27 08:44:49.911449	2	2009-10-27 08:44:49.911449	2
71	100 % dos hospitais de pequeno porte	1	69	\N	2009-10-27 08:45:53.357305	2	2009-10-27 08:45:53.357305	2
72	Concluir a Política Estadual de Hospitais de Pequeno Porte para 100 % das regiões de saúde	1	70	\N	2009-10-27 08:47:03.2194	2	2009-10-27 08:47:03.2194	2
73	Implantar a Política em 25 % das regiões de saúde	1	71	\N	2009-10-27 08:48:01.538168	2	2009-10-27 08:48:01.538168	2
74	100% dos AME implantados	1	72	\N	2009-10-27 08:49:16.368315	2	2009-10-27 08:49:16.368315	2
75	Avaliação de 100 % das redes	1	73	\N	2009-10-27 08:50:25.868681	2	2009-10-27 08:50:25.868681	2
76	100% dos serviços habilitados para Rede	1	74	\N	2009-10-27 08:51:32.771029	2	2009-10-27 08:51:32.771029	2
77	Realizar exames de mamografia para 100% das mulheres na faixa etária de 40 anos ou +. Realizar exames de USG para 100% das mulheres com resultado BI_RADIS 0 e 3 de mamografia (durante a campanha).	1	75	\N	2009-10-27 08:52:45.630813	2	2009-10-27 08:52:45.630813	2
78	Divulgação do conhecimento em 100% de sua área de atuação.	1	76	\N	2009-10-27 08:54:00.009568	2	2009-10-27 08:54:00.009568	2
79	Implementação de 100 % dos CMRR nos locais de abrangência.	1	77	\N	2009-10-27 08:55:45.107186	2	2009-10-27 08:55:45.107186	2
80	Efetivação de 100 % dos Plantões Controladores em São Paulo.	1	78	\N	2009-10-27 08:57:15.159102	2	2009-10-27 08:57:15.159102	2
81	Estruturação de 100 % das Centrais de Regulação dos DRS.	1	79	\N	2009-10-27 08:58:52.816525	2	2009-10-27 08:58:52.816525	2
82	Implantação do Sistema de Informação em 100 % dos Complexos e Centrais de Regulação.	1	80	\N	2009-10-27 08:59:47.294581	2	2009-10-27 08:59:47.294581	2
83	Capacitação de 100% das equipes dos DRS.	1	81	\N	2009-10-27 09:01:15.615744	2	2009-10-27 09:01:15.615744	2
84	Otimização de leitos de 50% dos PS priorizados.	1	82	\N	2009-10-27 09:02:19.842519	2	2009-10-27 09:02:19.842519	2
85	100% corpo técnico capacitados	1	83	\N	2009-10-27 09:03:10.016644	2	2009-10-27 09:03:10.016644	2
86	100% das unidades da capital e região metropolitana	1	84	\N	2009-10-27 09:05:57.150362	2	2009-10-27 09:05:57.150362	2
87	100% das unidades	1	85	\N	2009-10-27 09:07:22.81691	2	2009-10-27 09:07:22.81691	2
88	Implantar canais de escuta para usuário	1	85	\N	2009-10-27 09:08:29.935126	2	2009-10-27 09:08:29.935126	2
89	100% das unidades	1	86	\N	2009-10-27 09:13:45.713335	2	2009-10-27 09:13:45.713335	2
90	Implantar em 3 unidades: Hospital Geral de Taipas, Hospital Regional Sul e Hospital infantil Candido Fontoura	1	87	\N	2009-10-27 09:14:59.092533	2	2009-10-27 09:14:59.092533	2
91	100% das unidades	1	88	\N	2009-10-27 09:16:07.325876	2	2009-10-27 09:16:07.325876	2
92	Unidades da Zona Norte da Capital	1	89	\N	2009-10-27 09:17:14.432095	2	2009-10-27 09:17:14.432095	2
93	Unidades da capital e região metropolitana	1	90	\N	2009-10-27 09:18:04.942685	2	2009-10-27 09:18:04.942685	2
94	Equipamentos de hemodiálise	1	91	\N	2009-10-27 09:19:16.77031	2	2009-10-27 09:19:16.77031	2
95	Equipamentos de diagnóstico por imagem	1	91	\N	2009-10-27 09:19:27.313825	2	2009-10-27 09:19:27.313825	2
96	Equipamentos para endoscopia	1	91	\N	2009-10-27 09:19:47.326819	2	2009-10-27 09:19:47.326819	2
97	Equipamentos para Terapia Intensiva	1	91	\N	2009-10-27 09:19:52.810442	2	2009-10-27 09:19:52.810442	2
98	Inaugurar o Hospital de Caieiras	1	92	\N	2009-10-27 09:20:44.124142	2	2009-10-27 09:20:44.124142	2
99	Ampliar em 20% leitos para UTI de crônicos	1	93	\N	2009-10-27 09:21:41.248432	2	2009-10-27 09:21:41.248432	2
100	Obter o cadastramento de 95% dos projetos, novos e em andamento, no Sistema de Gerência de Projetos da SES-SP.	1	94	\N	2009-10-27 09:25:44.837303	2	2009-10-27 09:25:44.837303	2
101	Realizar no mínimo 4 palestras, 2 seminários e 2 cursos durante o ano de 2009.	1	94	\N	2009-10-27 09:25:47.251228	2	2009-10-27 09:25:47.251228	2
102	Promover  pelo menos 2 cursos de capacitação em gestão estratégica da inovação.	1	95	\N	2009-10-27 09:27:28.8538	2	2009-10-27 09:27:28.8538	2
103	Aplicação dos conceitos de inovação, \ncriação de ambientes inovadores na instituição,\nrealização do planejamento da inovação e inserção na gestão estratégica das instituições.	1	95	\N	2009-10-27 09:27:46.803102	2	2009-10-27 09:27:46.803102	2
104	Conjunto Hospitalar do Mandaqui	1	96	\N	2009-10-27 09:31:30.414926	2	2009-10-27 09:31:30.414926	2
105	Conjunto Hospitalar de Sorocaba	1	96	\N	2009-10-27 09:31:38.055097	2	2009-10-27 09:31:38.055097	2
106	Concluir obras do CEDEME	1	96	\N	2009-10-27 09:31:42.135569	2	2009-10-27 09:31:42.135569	2
107	Concluir obras do novo Hospital de Franco da Rocha	1	96	\N	2009-10-27 09:31:44.498985	2	2009-10-27 09:31:44.498985	2
108	Estabelecer prioridades de parcerias para o desenvolvimento e inovação. Identificar e elaborar propostas às entidades  de C&T que desenvolvem pesquisas e inovação tecnológica em saúde.	1	97	\N	2009-10-27 09:32:53.180374	2	2009-10-27 09:32:53.180374	2
109	100% de manutenção da verba de custeio nos 203 municípios.\nInclusão de 9 municípios  do DRS IV - Baixada Santista no “Programa Sorria São Paulo”.	1	101	\N	2009-10-27 09:38:47.473315	2	2009-10-27 09:38:47.473315	2
110	Realização de oficina.	1	102	\N	2009-10-27 09:40:04.147491	2	2009-10-27 09:40:04.147491	2
111	Oferta identificada em 2 DRS avaliados.	1	103	\N	2009-10-27 09:41:24.049389	2	2009-10-27 09:41:24.049389	2
112	Rede identificada em 7 DRS.	1	104	\N	2009-10-27 09:42:25.434772	2	2009-10-27 09:42:25.434772	2
113	Curso realizado nos 2 DRS avaliados.	1	105	\N	2009-10-27 09:43:50.335354	2	2009-10-27 09:43:50.335354	2
114	7 DRS avaliados.	1	106	\N	2009-10-27 09:44:55.90867	2	2009-10-27 09:44:55.90867	2
115	Documento pactuado em CIB e aprovado pelo Conselho Estadual de Saúde.	1	107	\N	2009-10-27 09:46:05.545529	2	2009-10-27 09:46:05.545529	2
116	Projeto elaborado e em desenvolvimento.	1	108	\N	2009-10-27 09:47:01.556574	2	2009-10-27 09:47:01.556574	2
117	Curso realizado	1	109	\N	2009-10-27 09:48:00.822603	2	2009-10-27 09:48:00.822603	2
118	Projeto elaborado.	1	110	\N	2009-10-27 09:49:13.57574	2	2009-10-27 09:49:13.57574	2
119	100% dos Sistemas Públicos de Abastecimento de Água com fluoretação.	1	111	\N	2009-10-27 09:50:43.790384	2	2009-10-27 09:50:43.790384	2
120	Cinco (5) Oficinas de Participação Popular no Estado de São Paulo realizadas	1	114	\N	2009-10-27 10:09:09.657354	2	2009-10-27 10:09:09.657354	2
121	Dois Seminários Temáticos realizados	1	115	\N	2009-10-27 10:10:22.189335	2	2009-10-27 10:10:22.189335	2
122	66 reuniões de Comissões Técnicas e Grupos de Trabalho; e 11 reuniões do Pleno do CES realizadas	1	116	\N	2009-10-27 10:11:33.345373	2	2009-10-27 10:11:33.345373	2
123	Dois Encontros realizados	1	120	\N	2009-10-27 10:13:49.594586	2	2009-10-27 10:13:49.594586	2
124	06 (seis) participações	1	121	\N	2009-10-27 10:15:01.071169	2	2009-10-27 10:15:01.071169	2
125	50% dos serviços da Rede recredenciados.	1	127	\N	2009-10-27 10:22:35.041736	2	2009-10-27 10:22:35.041736	2
126	Procedimentos padronizados.	1	128	\N	2009-10-27 10:24:17.846049	2	2009-10-27 10:24:17.846049	2
127	Ficha de controle de fila de espera elaborada.	1	128	\N	2009-10-27 10:24:23.63693	2	2009-10-27 10:24:23.63693	2
128	3 oficinas em funcionamento	1	128	\N	2009-10-27 10:24:25.570637	2	2009-10-27 10:24:25.570637	2
129	Curso e treinamentos realizados em 100% dos serviços recredenciados.	1	129	\N	2009-10-27 10:26:09.185199	2	2009-10-27 10:26:09.185199	2
130	100% dos gerentes de unidade capacitados	1	130	\N	2009-10-27 10:27:33.909324	2	2009-10-27 10:27:33.909324	2
131	Dois serviços implantados.\nCapacitação de 100% dos serviços que realizam TAN na Rede.	1	131	\N	2009-10-27 10:28:31.941995	2	2009-10-27 10:28:31.941995	2
132	Proposta de modelo de atenção à saúde de DI grave elaborada e apresentada.	1	132	\N	2009-10-27 10:29:35.442801	2	2009-10-27 10:29:35.442801	2
133	Aprovada no CES\nPactuada na CIB\nPublicar 1000 exemplares	1	133	\N	2009-10-27 10:31:02.744525	2	2009-10-27 10:31:02.744525	2
134	Implantados 06 CAPS ad.\nMunicípios	1	134	\N	2009-10-27 10:32:21.379838	2	2009-10-27 10:32:21.379838	2
135	Implantados 05 novos serviços em DRSs que apresentem demanda emergencial para a atenção integral às crianças e adolescentes usuários de álcool e outras drogas.	1	135	\N	2009-10-27 10:51:05.988593	2	2009-10-27 10:51:05.988593	2
136	Curso realizado nos 17 DRSs.	1	136	\N	2009-10-27 10:52:19.976674	2	2009-10-27 10:52:19.976674	2
137	50 leitos implantados	1	137	\N	2009-10-27 10:54:06.776559	2	2009-10-27 10:54:06.776559	2
138	Pesquisa Realizada	1	138	\N	2009-10-27 10:55:17.613327	2	2009-10-27 10:55:17.613327	2
139	Estabelecer parcerias com organizações governamentais e não governamentais.	1	139	\N	2009-10-27 10:56:16.648711	2	2009-10-27 10:56:16.648711	2
140	Implantação de 8 CAPS I, 8 CAPS II e 6 CAPS III	1	140	\N	2009-10-27 10:57:46.765489	2	2009-10-27 10:57:46.765489	2
141	4 CAPS Infantil implantados	1	141	\N	2009-10-27 10:58:48.773315	2	2009-10-27 10:58:48.773315	2
142	Atender 50% das solicitações das lideranças indígenas (espirituais, de saúde, e outras)	1	144	\N	2009-10-27 11:02:14.17294	2	2009-10-27 11:02:14.17294	2
143	1 (uma) capacitação no ano por DRS que possuem aldeias	1	145	\N	2009-10-27 11:03:28.39298	2	2009-10-27 11:03:28.39298	2
144	01 (um) no ano	1	146	\N	2009-10-27 11:04:28.617112	2	2009-10-27 11:04:28.617112	2
145	Realização de reuniões  bimensais na DRS IV	1	147	\N	2009-10-27 11:05:45.88392	2	2009-10-27 11:05:45.88392	2
146	Produção Vacinas\n\nDupla Adulto:33.000.000\nTríplice: 28.000.000\nRaiva:   1.400.000\nInfluenza:   19.100.000\nHepatite: 20.000.000\nSoros Hiperim.:363.730	1	166	\N	2009-10-28 10:14:41.510984	2	2009-10-28 10:14:41.510984	2
147	mplantar 100% do sistema	1	167	\N	2009-10-28 10:17:28.722367	2	2009-10-28 10:17:28.722367	2
148	mplantar 100% do sistema	1	168	\N	2009-10-28 10:24:59.651999	2	2009-10-28 10:24:59.651999	2
149	Implantar a pactuação da reestruturação da Assistência Farmacêutica na Atenção Básica-Dose Certa, em 100% dos municípios do Estado de São Paulo	1	169	\N	2009-10-28 10:31:41.061523	2	2009-10-28 10:31:41.061523	2
150	Publicação de 4 Protocolos Clínicos.\nPublicação da Relação revisada	1	170	\N	2009-10-28 10:34:43.599902	2	2009-10-28 10:34:43.599902	2
151	Definição do elenco complementar de medicamentos	1	171	\N	2009-10-28 10:36:45.659837	2	2009-10-28 10:36:45.659837	2
152	4 novas farmácias com espaço físico adequado	1	172	\N	2009-10-28 10:39:24.906021	2	2009-10-28 10:39:24.906021	2
153	Implantação do Sistema de Informação em 100% das Farmácias	1	173	\N	2009-10-28 10:40:47.574186	2	2009-10-28 10:40:47.574186	2
154	Publicação do Manual de Procedimentos em Assistência Farmacêutica	1	174	\N	2009-10-28 10:43:22.620411	2	2009-10-28 10:43:22.620411	2
155	100% dos pacientes cadastrados no Programa	1	175	\N	2009-10-28 10:46:02.856506	2	2009-10-28 10:46:02.856506	2
156	100% dos profissionais capacitados	1	176	\N	2009-10-28 10:48:43.894827	2	2009-10-28 10:48:43.894827	2
157	100% dos serviços sob gestão estadual	1	177	\N	2009-10-28 10:51:18.155813	2	2009-10-28 10:51:18.155813	2
158	Concluir a regionalização das DRSs	1	178	\N	2009-10-28 10:53:01.18985	2	2009-10-28 10:53:01.18985	2
159	Resolução SS estabelecendo critérios de habilitação	1	179	\N	2009-10-28 10:55:41.680561	2	2009-10-28 10:55:41.680561	2
160	Publicação de 4 Boletins (BIS); publicação de 2 livros; realização de 70 eventos técnico-científicos	1	180	\N	2009-10-28 10:57:33.091275	2	2009-10-28 10:57:33.091275	2
161	Capacitar 30% do quadro técnico do IS e realizar 8 cursos de extensão	1	181	\N	2009-10-28 10:59:35.971762	2	2009-10-28 10:59:35.971762	2
162	5 projetos	1	182	\N	2009-10-28 11:01:02.325812	2	2009-10-28 11:01:02.325812	2
163	Envio de idéias sugestões de projetos por profissionais de todas as áreas da CRH	1	183	\N	2009-10-28 11:06:57.699511	2	2009-10-28 11:06:57.699511	2
164	100% de apoio à construção do POA 2009 Programa V	1	184	\N	2009-10-28 11:12:17.741398	2	2009-10-28 11:12:17.741398	2
165	Implantação do Sistema de Gerenciamento de Projetos	1	185	\N	2009-10-28 11:14:44.006281	2	2009-10-28 11:14:44.006281	2
166	Implantação do “filtro de projetos” da CRH	1	186	\N	2009-10-28 11:16:18.124911	2	2009-10-28 11:16:18.124911	2
167	100% de gerentes de projetos e escritório de projetos capacitados	1	187	\N	2009-10-28 11:22:05.59591	2	2009-10-28 11:22:05.59591	2
168	Ter a presença de profissionais das diferentes Coordenadorias da SES	1	188	\N	2009-10-28 12:22:05.499316	2	2009-10-28 12:22:05.499316	2
169	50% de aumento nos acessos ao BLOG www.redeintegrarh.org	1	189	\N	2009-10-28 12:24:29.226904	2	2009-10-28 12:24:29.226904	2
170	Ter a presença de profissionais das diferentes áreas da CRH nas Rodas de Conversa da Rede Integra RH	1	190	\N	2009-10-28 12:26:38.430685	2	2009-10-28 12:26:38.430685	2
171	Desenvolvimento de plano gerencial para os cargos de comando dos hospitais de administração direta da SES/SP	1	191	\N	2009-10-28 12:28:22.603283	2	2009-10-28 12:28:22.603283	2
172	100%  das reuniões	1	192	\N	2009-10-28 12:30:23.820539	2	2009-10-28 12:30:23.820539	2
173	100% de reuniões e 70% de planos desenvolvidos	1	193	\N	2009-10-28 12:31:52.1622	2	2009-10-28 12:31:52.1622	2
174	Qualificar e estimular  os profissionais dos Núcleos de Humanização do CDQ/SUS e Coordenadores da Atenção Básica	1	194	\N	2009-10-28 12:35:05.206791	2	2009-10-28 12:35:05.206791	2
175	Qualificar os GTHs para implantação e dinamização dos dispositivos da Política de Humanização	1	195	\N	2009-10-28 12:37:41.107058	2	2009-10-28 12:37:41.107058	2
176	Suporte teórico -conceitual em Humanização	1	196	\N	2009-10-28 12:39:48.157845	2	2009-10-28 12:39:48.157845	2
177	Capilarização da Política de Humanização em todas as regiões do Estado	1	197	\N	2009-10-28 12:42:17.093299	2	2009-10-28 12:42:17.093299	2
178	Difundir experiências exitosas em Humanização	1	198	\N	2009-10-28 13:04:12.573151	2	2009-10-28 13:04:12.573151	2
179	Constituição de Comissões loco-regionais	1	199	\N	2009-10-28 13:07:39.8873	2	2009-10-28 13:07:39.8873	2
180	Difundir a participação dos trabalhadores de saúde na rede virtual de Humanização	1	200	\N	2009-10-28 13:12:36.566705	2	2009-10-28 13:12:36.566705	2
181	..	1	201	\N	2009-10-28 13:17:29.654344	2	2009-10-28 13:17:29.654344	2
182	Elaboração de Boletim Mensal (12 números) no ano de 2009, com versão em papel e no site da CRH	1	202	\N	2009-10-28 13:21:00.373244	2	2009-10-28 13:21:00.373244	2
183	Capacitar 100% dos RH dos hospitais e DRS	1	203	\N	2009-10-28 13:26:49.273971	2	2009-10-28 13:26:49.273971	2
184	Elaboração de relatórios até julho/2009	1	204	\N	2009-10-28 13:29:03.812053	2	2009-10-28 13:29:03.812053	2
185	pactuar projetos de intervenção até 12/2009	1	205	\N	2009-10-28 13:31:05.97794	2	2009-10-28 13:31:05.97794	2
186	Finalizar a montagem da base de dados até fevereiro/2009.	1	206	\N	2009-10-28 13:33:26.17792	2	2009-10-28 13:33:26.17792	2
187	..	1	207	\N	2009-10-28 13:34:52.625668	2	2009-10-28 13:34:52.625668	2
188	Elaboração de Relatório com diagnóstico do CNES e análise/proposição de indicadores até junho/ 09.	1	208	\N	2009-10-28 13:36:45.505798	2	2009-10-28 13:36:45.505798	2
189	Elaborar relatório – diagnóstico da formação escolar dos servidores da SES até julho/ 2009	1	209	\N	2009-10-28 13:38:55.682453	2	2009-10-28 13:38:55.682453	2
190	Elaboração do projeto até final de março/2009; conclusão do projeto até dezembro/2009,	1	210	\N	2009-10-28 13:40:11.368289	2	2009-10-28 13:40:11.368289	2
191	Pelo menos um Fórum em 2009, por Regional	1	211	\N	2009-10-28 13:48:34.883512	2	2009-10-28 13:48:34.883512	2
192	Curso Piloto realizado	1	212	\N	2009-10-28 13:49:46.280036	2	2009-10-28 13:49:46.280036	2
193	Disponibilizar de forma eletrônica os artigos das revistas dos Institutos de Pesquisa da Secretaria.	1	213	\N	2009-10-28 13:51:57.461444	2	2009-10-28 13:51:57.461444	2
194	Automação e integração das Bibliotecas dos Institutos de Pesquisa da SES-SP.	1	213	\N	2009-10-28 13:52:05.137205	2	2009-10-28 13:52:05.137205	2
195	Instalar, configurar e customizar uma instância (coleção) SciELO para operar como Portal dos artigos científicos dos periódicos dos Institutos de Pesquisa da SES-SP.	1	213	\N	2009-10-28 13:52:09.809734	2	2009-10-28 13:52:09.809734	2
196	100%dos profissionais em Saúde Bucal capacitados	1	214	\N	2009-10-28 13:55:00.222115	2	2009-10-28 13:55:00.222115	2
197	10 reuniões em 2009	1	215	\N	2009-10-28 13:57:03.116147	2	2009-10-28 13:57:03.116147	2
198	Estimular as Unidades para o planejamento de ações em Qualidade de Vida no Trabalho, até dezembro/2009	1	216	\N	2009-10-28 14:02:12.201374	2	2009-10-28 14:02:12.201374	2
199	Realizar visita técnica em 70 % dos hospitais com SESMT em funcionamento até dezembro/2009	1	217	\N	2009-10-28 14:05:24.079367	2	2009-10-28 14:05:24.079367	2
200	 Normas internas desenvolvidas	1	218	\N	2009-10-28 14:07:28.937958	2	2009-10-28 14:07:28.937958	2
201	Concurso realizado	1	219	\N	2009-10-28 14:08:59.829562	2	2009-10-28 14:08:59.829562	2
202	Elaborar relatório situacional	1	220	\N	2009-10-28 14:13:44.90318	2	2009-10-28 14:13:44.90318	2
203	Elaborar relatório situacional	1	221	\N	2009-10-28 14:15:33.432854	2	2009-10-28 14:15:33.432854	2
204	Apresentação de novo instrumento	1	222	\N	2009-10-28 14:19:12.546669	2	2009-10-28 14:19:12.546669	2
205	Capacitar dirigentes	1	223	\N	2009-10-28 14:21:32.403453	2	2009-10-28 14:21:32.403453	2
206	Capacitar operadores	1	224	\N	2009-10-28 14:23:11.334577	2	2009-10-28 14:23:11.334577	2
207	Descritivo de setores/categorias com maior previsão de aposentadorias no tempo	1	226	\N	2009-10-28 14:24:43.01318	2	2009-10-28 14:24:43.01318	2
208	Diagnóstico realizado em 4 DRS (Sorocaba/Baixada Santista/Taubaté e Bauru).	1	228	\N	2009-10-28 14:25:45.196871	2	2009-10-28 14:25:45.196871	2
209	Construir plano regional com colegiados para incorporação/ampliação/qualificação/ da atenção ginecológica na AB, nos 4 DRS prioritários	1	228	\N	2009-10-28 14:25:47.439483	2	2009-10-28 14:25:47.439483	2
210	Utilização de profissionais mais experientes em atividades de mentoring	1	229	\N	2009-10-28 14:26:01.499562	2	2009-10-28 14:26:01.499562	2
211	Aumentar a realização do procedimento em 10% nos serviços próprios credenciados	1	230	\N	2009-10-28 14:27:48.395522	2	2009-10-28 14:27:48.395522	2
212	Produzir relatório para análise até fevereiro de 2009	1	232	\N	2009-10-28 14:28:43.733095	2	2009-10-28 14:28:43.733095	2
213	2 manuais (versão gestor/versão profissional de saúde)	1	231	\N	2009-10-28 14:28:54.550296	2	2009-10-28 14:28:54.550296	2
214	Um serviço  para Atenção Integral a Adolescentes e Mulheres Vítimas de Violência Sexual  implantado em cada macro-regiao.	1	233	\N	2009-10-28 14:30:39.091238	2	2009-10-28 14:30:39.091238	2
215	1 Encontro Macro-regional realizado	1	234	\N	2009-10-28 14:31:31.402063	2	2009-10-28 14:31:31.402063	2
216	Projeto elaborado e pactuado entre as Secretarias	1	235	\N	2009-10-28 14:32:34.092627	2	2009-10-28 14:32:34.092627	2
217	Peças com 4 versões macro-regionais	1	237	\N	2009-10-28 14:33:25.989527	2	2009-10-28 14:33:25.989527	2
218	Relatório em setembro de 2009	1	236	\N	2009-10-28 14:34:54.102995	2	2009-10-28 14:34:54.102995	2
219	Plano atualizado	1	238	\N	2009-10-28 14:35:25.286641	2	2009-10-28 14:35:25.286641	2
220	Relatório em dezembro/ 2009	1	239	\N	2009-10-28 14:36:45.090833	2	2009-10-28 14:36:45.090833	2
221	Diagnóstico realizado\n\nAções da saúde priorizadas a estas populações	1	240	\N	2009-10-28 14:38:25.611534	2	2009-10-28 14:38:25.611534	2
222	Acesso garantido a contracepção;	1	241	\N	2009-10-28 14:39:38.203438	2	2009-10-28 14:39:38.203438	2
223	Vacinação de rotina completada	1	241	\N	2009-10-28 14:39:43.927678	2	2009-10-28 14:39:43.927678	2
224	Partos redistribuídos, de maneira a priorizar que os partos de alto risco  sejam realizados no H.Mandaqui e os demais em hospitais da região de abrangência ou no Centro Hospitalar	1	242	\N	2009-10-28 14:41:08.889052	2	2009-10-28 14:41:08.889052	2
225	Política aprovada em CIB e no CES	1	243	\N	2009-10-28 14:42:29.383062	2	2009-10-28 14:42:29.383062	2
226	Acompanhamento da implantação dos Planos Regionais de educação Permanente em saúde nos CGR, DRS, CIES e Condensado estadual.	1	244	\N	2009-10-28 14:50:43.033582	2	2009-10-28 14:50:43.033582	2
227	Ter o aplicativo pronto para teste até dez/2008 (Para entrada de dados e emissão de relatório)	1	245	\N	2009-10-28 14:52:47.965261	2	2009-10-28 14:52:47.965261	2
228	▪ avaliar impacto da formação em cursos de longa duração – especialização e em atualizações realizadas sob diferentes metodologias. Realizar amostra da avaliação de forma experimental em todas as CIES do estado	1	246	\N	2009-10-28 14:55:02.052158	2	2009-10-28 14:55:02.052158	2
229	Até final de novembro de 2008 os 64 planos regionais construídos e entregues.	1	247	\N	2009-10-28 14:57:27.52695	2	2009-10-28 14:57:27.52695	2
230	Participação de 100% dos CGR e dos respectivos CDQS na discussão da operacionalização dos Planos Regionais. Participação de 100% das CIES na execução dos Planos regionais.         100% dos conteúdos técnicos	1	248	\N	2009-10-28 15:00:38.712147	2	2009-10-28 15:00:38.712147	2
231	das propostas de Desenvolvimento de RH dos Planos Regionais construídos de forma articulada com GTAE.	1	249	\N	2009-10-28 15:04:58.468152	2	2009-10-28 15:04:58.468152	2
232	- 100% das propostas de Desenvolvimento de RH dos Planos Regionais construídos de forma articulada com a coordenação estadual de humanização e a coordenação de humanização dos CDQS.	1	250	\N	2009-10-28 15:06:42.778424	2	2009-10-28 15:06:42.778424	2
233	Alcançar 100% de avaliação dos 64 PAREPS de EP 2009.        100% de intervenção nas dificuldades identificadas.	1	251	\N	2009-10-28 15:09:36.903618	2	2009-10-28 15:09:36.903618	2
234	100% das propostas apresentadas e executadas na região tenham construção participativa nos respectivos NEPS dos CGR.              Atender 100% dos convites de participação feitos.	1	252	\N	2009-10-28 15:19:21.165219	2	2009-10-28 15:19:21.165219	2
235	Realizar 100% das etapas de qualificação técnica dos coordenadores de EP.                            Alcançar a construção de Plano de Avaliação e monitoramento dos PAREPS 2009 pelos CDQS/ETSUS.	1	253	\N	2009-10-28 15:21:14.52534	2	2009-10-28 15:21:14.52534	2
236	Instalar referencia técnica de EP nos 64 CGR.                     Socializar 100% dos 64 PAREPS junto a potenciais parceiros de execução.	1	254	\N	2009-10-28 15:22:58.633044	2	2009-10-28 15:22:58.633044	2
237	- Conseguir 100% das CIES articuladas e com protagonismo.	1	255	\N	2009-10-28 15:26:34.063825	2	2009-10-28 15:26:34.063825	2
238	- Conseguir 100% das CIES articuladas e com protagonismo.	1	256	\N	2009-10-28 15:28:31.472855	2	2009-10-28 15:28:31.472855	2
239	- Novo desenho ou rearticulação da CIES Sudoeste paulista.	1	257	\N	2009-10-28 15:30:41.808185	2	2009-10-28 15:30:41.808185	2
240	- 100% do processo negociado e pactuado com o COSEMS.	1	258	\N	2009-10-28 15:33:05.343078	2	2009-10-28 15:33:05.343078	2
241	- COSEMS	1	258	\N	2009-10-28 15:33:14.279906	2	2009-10-28 15:33:14.279906	2
242	- 100% do processo negociado e pactuado com o COSEMS.	1	259	\N	2009-10-28 15:38:56.166936	2	2009-10-28 15:38:56.166936	2
243	- Participação do grupo técnico bipartite para EP em 100% das reuniões da Comissão de integração em 2009.	1	260	\N	2009-10-28 15:40:53.063278	2	2009-10-28 15:40:53.063278	2
244	- 100% de articulação e otimização dos respectivos papéis: CGR/NEPS/CDQS/ETSUS/CIES/Apoiador do COSEMS.	1	261	\N	2009-10-28 15:42:34.667	2	2009-10-28 15:42:34.667	2
245	Estabelecer a Rede de Atenção às pessoas com Doença Falciforme do ESP.	1	263	\N	2009-10-28 17:00:00.981002	2	2009-10-28 17:00:00.981002	2
246	Cadastrar 70% dos pacientes usuários dos hemocentros do ESP.	1	263	\N	2009-10-28 17:00:03.563972	2	2009-10-28 17:00:03.563972	2
247	Apresentação da  política no CES e aprovação na CIB.	1	264	\N	2009-10-28 17:01:56.726349	2	2009-10-28 17:01:56.726349	2
248	Apoiar a publicação da PNDS-2006 com recorte racial/étnico.	1	265	\N	2009-10-28 17:03:35.742202	2	2009-10-28 17:03:35.742202	2
249	Apoiar o desenvolvimento de no máximo 5 projetos de pesquisa oriundos do “I Curso Metodologia de Pesquisa em Saúde da População Negra”	1	265	\N	2009-10-28 17:03:42.80591	2	2009-10-28 17:03:42.80591	2
250	Implantar e implementar uma agenda de compromissos para a saúde da criança	1	266	\N	2009-10-28 17:06:39.998945	2	2009-10-28 17:06:39.998945	2
251	Capacitar 75% dos profissionais envolvidos  com a assistência ao recém nascido nos hospitais de referência das regiões prioritárias	1	267	\N	2009-10-28 17:08:53.259542	2	2009-10-28 17:08:53.259542	2
252	Escrever e divulgar protocolos de assistência ao recém-nascido	1	267	\N	2009-10-28 17:08:58.751902	2	2009-10-28 17:08:58.751902	2
253	Divulgar a legislação vigente relativa ao tema.	1	267	\N	2009-10-28 17:09:02.285706	2	2009-10-28 17:09:02.285706	2
254	Aumentar em 10% o número de BLH cadastrados na Rede Brasileira de BLH	1	268	\N	2009-10-28 17:11:42.247653	2	2009-10-28 17:11:42.247653	2
255	Aumentar em 20% o número de Hospitais Amigos da Criança no Estado	1	268	\N	2009-10-28 17:11:46.318051	2	2009-10-28 17:11:46.318051	2
256	profissionais dos Pronto Socorros Infantis de serviços estaduais capacitados	1	269	\N	2009-10-28 17:13:55.056244	2	2009-10-28 17:13:55.056244	2
257	Rede estruturada	1	270	\N	2009-10-28 17:15:53.082267	2	2009-10-28 17:15:53.082267	2
258	Realizar o monitoramento dos serviços no segundo semestre de 2009	1	270	\N	2009-10-28 17:15:55.228141	2	2009-10-28 17:15:55.228141	2
259	100% do Programa Estadual de Vigilância implementado	1	272	\N	2009-10-28 17:23:23.307622	2	2009-10-28 17:23:23.307622	2
260	100% do Programa Estadual de Vigilância\nImplementado	1	273	\N	2009-10-28 17:26:09.54275	2	2009-10-28 17:26:09.54275	2
261	100% do Programa Estadual de Vigilância implementado	1	274	\N	2009-10-28 17:32:01.369699	2	2009-10-28 17:32:01.369699	2
262	Fazer o cadastro das empresas e dos trabalhadores expostos e estabelecer fluxograma para os CRST	1	275	\N	2009-10-28 17:34:44.047367	2	2009-10-28 17:34:44.047367	2
263	100% do Programa Estadual de Vigilância implementado	1	276	\N	2009-10-28 17:37:31.738429	2	2009-10-28 17:37:31.738429	2
264	Implantar e implementar a Política Estadual de atenção à Hipertensão e Diabetes mellitus	1	277	\N	2009-10-28 17:40:32.999442	2	2009-10-28 17:40:32.999442	2
265	Realizar 100% de reuniões com coordenadores regionais para implantação da política estadual, durante o ano de 2009.	1	278	\N	2009-10-28 17:41:39.986646	2	2009-10-28 17:41:39.986646	2
266	Capacitar 100% das equipes regionais (equipe multidisciplinar) e auxilia-los com apoio das sociedades científicas e universidades para capacitar todas as equipes municipais, para atendimento de alta qualidade,  até dezembro de 2009.	1	279	\N	2009-10-28 17:44:10.865256	2	2009-10-28 17:44:10.865256	2
267	Elaborar diagnóstico situacional e apresentá-los para todos os gestores dos municípios que compõe as regionais de saúde.	1	279	\N	2009-10-28 17:44:13.492384	2	2009-10-28 17:44:13.492384	2
268	Realizar oficina “Plano de Ação Quilombola” para 250 pessoas sendo elas profissionais de equipes de saúde da família, hospitais e ambulatórios que atendem as comunidades quilombolas dos DRSs de Registro, Taubaté e Sorocaba.	1	280	\N	2009-10-28 17:49:07.368112	2	2009-10-28 17:49:07.368112	2
269	Realizar oficina para 45 pessoas sendo elas profissionais de equipes de saúde da rede básica  para serem multiplicadores	1	280	\N	2009-10-28 17:49:17.752183	2	2009-10-28 17:49:17.752183	2
270	Realização de 1 oficina do Projeto “Saúde com Cultura” para multiplicadores de cada DRS.	1	280	\N	2009-10-28 17:49:22.34855	2	2009-10-28 17:49:22.34855	2
271	Realizar o V Seminário Estadual de Saúde da População Negra e dois Seminários Regionais nos DRS prioritários	1	280	\N	2009-10-28 17:49:24.45036	2	2009-10-28 17:49:24.45036	2
272	25% da população moradora desinstitucionalizada	1	281	\N	2009-10-28 17:52:28.926181	2	2009-10-28 17:52:28.926181	2
273	50% dos moradores sem documentos com registro civil localizado e/ou processos de certidão tardia desencadeados	1	282	\N	2009-10-28 17:53:55.895676	2	2009-10-28 17:53:55.895676	2
274	80 Residências Terapêuticas implantadas	1	283	\N	2009-10-28 17:55:39.015079	2	2009-10-28 17:55:39.015079	2
275	100 leitos psiquiátricos implantados em HG	1	285	\N	2009-10-28 17:58:38.223867	2	2009-10-28 17:58:38.223867	2
276	100 leitos psiquiátricos implantados em HG	1	285	\N	2009-10-28 17:58:39.22985	2	2009-10-28 17:58:39.22985	2
277	Protocolo desenvolvido	1	286	\N	2009-10-28 17:59:47.33642	2	2009-10-28 17:59:47.33642	2
278	PNASH realizado	1	287	\N	2009-10-28 18:00:52.68942	2	2009-10-28 18:00:52.68942	2
279	Capacitação realizada	1	288	\N	2009-10-28 18:03:26.065505	2	2009-10-28 18:03:26.065505	2
280	Política pactuada e publicada	1	289	\N	2009-10-28 18:04:17.25404	2	2009-10-28 18:04:17.25404	2
281	Encontros macroregionais e estadual realizados	1	290	\N	2009-10-28 18:05:29.041463	2	2009-10-28 18:05:29.041463	2
\.


--
-- TOC entry 2028 (class 0 OID 25978)
-- Dependencies: 1566
-- Data for Name: metas_programa; Type: TABLE DATA; Schema: public; Owner: postgres
--

COPY metas_programa (id, descricao, programa_id) FROM stdin;
1	Apoiar a gestão da atenção básica em 100% dos municípios com menos de 100 mil habitantes;	3
2	Monitorar e avaliar o POA 2009, coordenar a elaboração do Plano Diretor de Investimento 2009, Implantar sistema de monitoramento e avaliação contínuo	3
3	Atendimento a 100% da demanda	5
4	projetos de qualificação desenvolvidos, projetos de humanização implantados, instrumentos de gestão implementados, inovações gerencias incorporadas	6
5	1) Implantar Acolhimento com avaliação de risco.	7
6	2) Implantar Contrato Programa nos Hospitais de Taipas, Regional Sul e Candido Fontoura.	7
7	3)Ampliar leitos serviços.	7
8	Fortalecimento das Instituições e Desenvolvimento de projetos de pesquisa nas Instituições, em consonância com a agenda de prioridades elencadas pela SES-SP.	8
9	1. Garantir a investigação de pelo menos 80% dos agravos notificados	9
10	2. 100% dos municípios do estado de São Paulo com ações de vigilância sanitária pactuadas com o gestor estadual	9
11	Políticas elaboradas e aprovadas\nReorganização de serviços das Redes de Atenção dos Projetos relacionados ao Programa	10
12	Realizar um fórum estadual de promoção de saúde	11
13	Realização de: Cinco (5) Oficinas de Participação Popular no Estado de São Paulo; Dois Seminários Temáticos; 66 reuniões de Comissões Técnicas e Grupos de Trabalho e 11 reuniões do Pleno do CES; Curso Piloto para conselheiros estaduais de saúde; Dois (2) Encontros sobre Ouvidoria.	12
\.


--
-- TOC entry 2029 (class 0 OID 25986)
-- Dependencies: 1568
-- Data for Name: metas_projeto; Type: TABLE DATA; Schema: public; Owner: postgres
--

COPY metas_projeto (id, descricao, projeto_id) FROM stdin;
1	81 gerenciadores da Atenção Básica instituídos, 4 avaliações/ano para 415 municípios do projeto Qualis Mais	1
2	Implantar 100% dos sistemas propostos	2
3	Atingir 100% das solicitações do MS	4
4	1. Efetivar  processo de mudança do modelo gerencial da CRH:\n-  Implantar “Banco de Idéias da CRH”	5
5	2. Organizar o processo de trabalho a partir de gerenciamento de projetos.  Apoiar à construção do POA 2009 – programa V. Acompanhar e monitorar o POA 2009 programa V. Finalizar implantação de sistema de gerenciamento de projetos em parceria com a Secretaria de Gestão Pública\n- Implantar “ sistema de apoio a de projetos” da CRH. Realizar capacitação em Gestão de Projetos	5
6	3. Estabelecer ações voltadas à Gestão de Conhecimento. Realizar “Ciclo de Socialização do  Conhecimento”.  Fortalecer o trabalho em rede por meio do Blog da Rede IntegraRH.  Realizar Rodas de conversa da Rede IntegraRH	5
7	4. Articular e Apoiar os planos de desenvolvimento Gerencial. \n- Articular e dar suporte à um plano de desenvolvimento gerencial para os cargos de comando dos hospitais de administração direta da SES/SP	5
8	Certificar Diretores de Hospitais e Diretores de Regionais de Saúde e realizar o plano de desenvolvimento individual quando necessário	6
9	Monitoramento de 100% dos programas do Plano Estadual de Saúde – POA 2009, monitoramento de 100% dos indicadores do Pacto pela Saúde, elaboração de planos de desenvolvimento em 100% das  regiões de saúde, PPI consolidada e com explicitação de recursos tripartites.	7
10	mplantar sistema de monitoramento e avaliação contínuo	8
11	Taxas de mortalidade infantil e materna ns em 2009, DRS Sorocaba e da Baixada Santista, menores do que as registradas em 2008	9
12	Construção do instrumento / Avaliação trimestral de 20% das Macro Regionais	10
13	Monitorar 100% das instituições participantes até o final de 2009	11
14	100% dos serviços com convênios/contratos; 100% das faturas processadas e 100% dos serviços cadastrados.	12
15	100% da capacitação dos auditores, 100 % das auditorias das Redes de Assistência	13
16	Cumprir acima de 70 % das metas estabelecidas em cada subprojeto	14
17	Monitoramento de 80 % das redes implantadas	15
18	Parâmetros técnicos e administrativos para os Hospitais de Ensino	16
19	Monitorar o desempenho e elaborar Política Estadual para Hospitais de Pequeno Porte	17
20	100% dos AME implantados	18
21	Monitoramento de 80% das redes implantadas	19
22	Atendimento a 100% das mulheres na faixa etária de 40 anos ou mais / Atendimento por USG a 100% das mulheres com resultado BI_RADIS 0 e 3 de mamografia	20
25	Implementação de 100% dos Complexos Macro-Reguladores Regionais de Urgência / Emergência	23
26	Atendimento de 100% dos medicamentos da Atenção Básica	24
27	Regionalização dos Serviços e cadastro	27
28	Publicação de 4 Boletins (BIS); publicação de 2 livros; realização de 70 eventos técnico-científicos em 2009	29
29	implantação do Acolhimento com Avaliação de Risco em 100% dos Serviços da Capital e Grande São Paulo	30
30	1)Contrato Programa Hospital Geral de Taipas, Hospital Regional Sul e Hospital infantil Cândido Fontoura.	31
31	2) Integrar os cinco hospitais da Zona Norte (Nova sistemática de manutenção predial e administração de materiais).	31
32	1) Reforma e adequação do Conjunto Hospitalar de Sorocaba e Conjunto Hospitalar  do Mandaqui.	32
33	2) Inaugurar o Hospital de Caieiras	32
34	3) Ampliar o Centro Estadual de Reabilitação	32
35	Formar Trabalhadores em Humanização	33
36	Produção e disseminação de relatórios e boletins analíticos periódicos	34
37	Elaboração de 12  Relatórios gerenciais, 12 Boletins informativos; disponibilizar o acesso ao Sistema de Informação em RH para 100% das unidades da CSS e CRS  e qualificar 100% dos gestores para o uso	35
38	Pactuar projetos de intervenção articulados entre municípios e SES	36
39	3: analisar informações de bancos de dados específicos definindo possibilidades e limites destes bancos.	37
40	disseminar conhecimento em Qualidade de Vida no Trabalho para 100% os gerentes de RH das Unidades (hospitais , institutos e DRS); implantar COMSAT em 30% dos DRS e dos institutos; completar a implantação de SESMT em 40% dos hospitais.	38
41	Implantar Carreira de Gestor, novas formas de remuneração e revisão de aposentadorias	39
42	disseminar conhecimento em Qualidade de Vida no Trabalho para 100% os gerentes de RH das Unidades (hospitais , institutos e DRS); implantar COMSAT em 30% dos DRS e dos institutos; completar a implantação de SESMT em 40% dos hospitais.	40
43	Implantar Carreira de Gestor, novas formas de remuneração e revisão de aposentadorias	41
44	Aprovar na A.L. a carreira de gestor público de saúde	42
45	Redução do tempo do processo de ratificação do tempo de contribuição para 2 meses	43
46	Implantação das novas formas de remuneração até dezembro de 2009	44
47	Implementar o Plano Estadual de Educação Permanente, através da consolidação dos 64 Planos Regionais de EP; implantar um sistema de educação a distancia do governo do estado de São Paulo com a instalação de 20 estações de vídeo-conferência; formar 400 especialistas em Gestão de Saúde; instituir sistema contínuo de formação de formadores; preparar os formadores necessários para a formação de Conselheiros Municipais de Saúde, ACS em quilombolas, THD, Cuidadores de Idosos, e ACS	45
48	Implementar o Plano Estadual de Educação Permanente, através da consolidação dos 64 Planos Regionais de EP; implantar um sistema de educação a distancia do governo do estado de São Paulo com a instalação de 20 estações de vídeo-conferência; formar 400 especialistas em Gestão de Saúde; instituir sistema contínuo de formação de formadores; preparar os formadores necessários para a formação de Conselheiros Municipais de Saúde, ACS em quilombolas, THD, Cuidadores de Idosos, e ACS	46
49	Execução qualificada de 100% dos PAREPS construídos pelos 64 CGR para 2009	47
50	Atender 100% das demandas de capacitação pedagógica aos técnicos envolvidos em EP	48
51	instalar 20 salas de videoconferência na SES; 20 pontos de estudo em TeleSaúde e definir plataforma para EAD	49
52	Formar 300 gestores na 2ª etapa e iniciar a formação de 100 gestores na 3ª etapa	50
53	Qualificar formadores para formação de conselheiros, ACS em Quilombolas, Cuidadores de idosos, Formar cerca de 1200 ACS, 300 THD, 300ACD e desenhar projeto de qualificação para vigilância em saúde	51
54	Formar 33.000 dos Auxiliares de Enfermagem em Técnicos de Enfermagem	52
55	Formar 33.000 dos Auxiliares de Enfermagem em Técnicos de Enfermagem	53
56	1. Implementação, em conjunto com a CPS/Atenção Básica e CRS, de equipes de gerenciadores da atenção básica, para atuarem em todos os CGR cobrindo todos os municípios de menos de 100.000 hab do estado.	54
57	2. Implementação de desenvolvimento individualizado para os gerenciadores de AB	54
58	3. Desenvolver 10 cursos  de qualificação para a gestão da atenção básica – 400 gestores	54
59	4. Iniciar cursos de qualificação para 500 enfermeiros em Saúde da Família no estado de São Paulo	54
60	5. Descrever as formas de contratação de profissionais da atenção básica e perfil profissional em atividade	54
61	6. Desenvolver e propor boas formas de gestão do trabalho	54
62	7. Apoiar a organização e funcionamento de pelo 2 escolas de Saúde da Família no estado, em parceria com instituições universitárias.	54
63	Iniciar a qualificação de 400 gestores e 500 enfermeiros  da atenção básica	55
64	1. Definir metodologias de investigação sobre necessidades de especialistas no SUS	56
65	2. Induzir a formação de especialistas em pelo menos 5 áreas prioritárias para o sistema de saúde.	56
66	3. Propor novas formas de financiamento da RM capazes de associar a oferta de bolsas ao financiamento do conjunto do sistema.	56
67	4. Estudar a adoção de tutorias  e financiamento diferenciados em programas prioritários de RM	56
68	5. Desenvolver metodologia e avaliar pelo menos 10 instituições SES em programas prioritários, visando correção de problemas bem como integração de ações.	56
69	1. Definir metodologias de investigação sobre necessidades de especialistas no SUS	57
70	2. Induzir a formação de especialistas em pelo menos 5 áreas prioritárias para o sistema de saúde.	57
71	3. Propor novas formas de financiamento da RM capazes de associar a oferta de bolsas ao financiamento do conjunto do sistema.	57
72	4. Estudar a adoção de tutorias  e financiamento diferenciados em programas prioritários de RM	57
73	5. Desenvolver metodologia e avaliar pelo menos 10 instituições SES em programas prioritários, visando correção de problemas bem como integração de ações.	57
74	Avaliar 10 instituições SES em programas prioritários	58
75	Atingir ≥ 60% dos indicadores selecionados em cada subprojeto	65
76	1 - Notificar e investigar pelo menos 1 caso de Paralisia Flácida Ascendente (PFA) por 100 mil habitantes menores de 15 anos no Estado de São Paulo (Taxa de Notificação = 1caso/100 mil hab.	66
77	2 - Garantir 80% de investigação adequada e oportuna  e 95% do diagnóstico laboratorial dos casos suspeitos de sarampo e rubéola;	66
78	3 - Atingir 95% de coberturas vacinais em 70% dos municípios.	66
79	Atingir 80% dos hospitais cadastrados no CNES	67
80	Identificar a etiologia de meningites bacterianas em mais de 45% dos casos	68
81	1- Realizar investigação epidemiológica em pelo menos 85% dos surtos notificados/ registrados;	69
82	2 – Realizar exames para diagnóstico etiológico em mais de 60% dos surtos investigados;	69
83	3- Aumentar o número de surtos com identificação etiológica	69
84	1 - Reduzir em 10% da incidência de dengue em relação ao ano epidêmico anterior;	70
85	2 – Reduzir o número de casos de\nLVA em 10%;	70
86	3 - Assegurar o diagnóstico de 100% das amostras de mamíferos encaminhadas para diagnóstico de raiva	70
87	1 - Aumentar o exame de SR em 7,5% ;	71
88	2 - Aumentar a cura dos BK em 2,5% ;	71
89	3 - Reduzir o coeficiente de mortalidade em 7,5%	71
90	1 - Atingir menos de 1 caso de hanseníase por grupo de 10.000habitantes no nível municipal;	72
91	2 - Curar 88% dos casos novos de hanseníase detectados nas coortes de pacientes multibacilares de 2007 e  de Paucibacilares de 2008;	72
92	3 - Monitorarmento 100% dos municípios segundo Detecção	72
93	1 - Reduzir em 10% a taxa de mortalidade geral por AIDS em relação a 2008;	73
94	2 - Implantar pelo menos uma UBS com abordagem sindrômica para as DST em 100% dos municípios prioritários (145);	73
95	3 - Prover testagem sorológica em 100% dos Centros de Testagem e Aconselhamento e em 20% das UBS	73
96	Implantar a ficha de notificação de violência do SINAN em 100% dos GVE	74
97	100% dos municípios do estado de SP com ações de vigilância sanitária pactuadas com o gestor estadual	75
98	35% dos Serviços Hemoterápicos sob controle sanitário pelo gestor municipal	76
99	35% dos serviços de saúde e de interesse da saúde (serviços de terapia renal substitutiva, hospitais,\nmaternidades, centros de parto normal, berçários, bancos de leite materno, UTI adulto e neo-natal,  estabelecimentos que prestam\nassistência odontológica, instituições geriátricas, creches, serviços de diagnóstico e tratamento de câncer de colo de útero e mama e,\nbancos de olhos, tecidos músculo esqueléticos e de pele), sob controle sanitário pelo gestor municipal	77
100	75% dos estabelecimentos que comercializam produtos de interesse da saúde\n(medicamentos, alimentos, produtos para a saúde / correlatos, produtos de higiene, perfumes e saneantes) sob controle sanitário \npelo gestor municipal	78
101	100% dos GVS e SGVS com Sistema Estadual de Toxicovigilância implantado	79
102	80% das análises de água coletadas no estado, para fins de vigilância, adequadas ao parâmetro fluoreto	80
103	1 - Habilitar 60% dos Laboratórios do IAL nos requisitos do Sistema de Qualidade	81
104	2 - Implantar Sistema de Informação Laboratorial disponibilizando os resultados aos Serviços de Vigilância (Regional,  Municipal e Hospitalar)	81
105	3 - Implantar novas tecnologias diagnósticas	81
106	80% das análises de água coletadas no estado, para fins de vigilância, adequadas ao parâmetro fluoreto	82
107	1 - Habilitar 60% dos Laboratórios do IAL nos requisitos do Sistema de Qualidade	83
108	2 - Implantar Sistema de Informação Laboratorial disponibilizando os resultados aos Serviços de Vigilância (Regional,  Municipal e Hospitalar)	83
109	3 - Implantar novas tecnologias diagnósticas	83
110	Realizar exames  e análises em 100% das amostras aceitas pelo IAL para Vigilância Epidemiológica, Vigilância Sanitária e Ambiental segundo as normas exigidas pela Qualidade e Biossegurança, pactuadas com CVE e CVS.	84
111	Desenvolver  e implantar quatro técnicas implantadas	85
112	Realizar 40% das atividades necessárias ao processo de implantação da certificação	86
113	Aumentar em 2% ao ano o acesso à primeira consulta odontológica.	87
114	Reorganização de 50% dos serviços da Rede de Reabilitação Física	90
115	Implantação de 06 CAPS ad	91
116	0,50 CAPS/ 100.000 habitantes no Estado de São Paulo	92
117	Obter a apresentação/realização de novos projetos em acordo com a agenda de prioridades de pesquisa elaborada pelo Conselho Estadual de Ciência, Tecnologia e Inovação em Saúde da SES-SP.	95
118	Capacitar gestores de pesquisa e pesquisadores das instituições nos conceitos, métodos e ferramentas de gestão da inovação	96
119	Aprovação de novos projetos de pesquisa, desenvolvimento ou inovação, em parceria com Instituições / pesquisadores reconhecidos e de notório saber.	97
120	Fortalecimento da comunicação científica dos Institutos de Pesquisa da SES-SP	98
121	Realizar uma capacitação em cada um dos 5 (cinco) DRS que possuem aldeias.	99
122	Um serviço  para Atenção Integral a Adolescentes e Mulheres Vítimas de Violência Sexual  implantado em cada macro-regiao.	100
123	Desenhar a Rede de Atenção à Doença Falciforme	101
124	Redução de 1.5% na Taxa de Mortalidade Infantil no Estado de São Paulo	102
125	Atualização do Plano Estadual de Saúde no Sistema penitenciário e do Plano de Saúde dos adolescentes em conflito com a Lei	103
126	Aumento de 30% nas  Intervenções sanitárias dos processos produtivos prioritários	104
127	Redução  das internações por  Diabetes e AVC em 10% até 2011	107
128	Redução  das internações por  Diabetes e AVC em 10% até 2011	108
129	Capacitar pelo menos 1 interlocutor por DRS em promoção de saúde;  Capacitar pelo menos 1 interlocutor por instituição (Secretarias e sociedade civil)	109
130	30% dos Municípios com interlocutores capacitados em promoção de alimentação saudável	110
131	Realização de: Cinco (5) Oficinas de Participação Popular no Estado de São Paulo; Dois Seminários Temáticos; 66 reuniões de Comissões Técnicas e Grupos de Trabalho e 11 reuniões do Pleno do CES e Curso Piloto para conselheiros estaduais realizado.	111
132	Realização de dois Encontros	112
133	Capacitar 100% dos GVS e SGVS	113
\.


--
-- TOC entry 2030 (class 0 OID 25994)
-- Dependencies: 1570
-- Data for Name: objetivos_acao; Type: TABLE DATA; Schema: public; Owner: postgres
--

COPY objetivos_acao (id, descricao, situacao_id, acao_id, inclusao_data, inclusao_usuario_id, alteracao_data, alteracao_usuario_id) FROM stdin;
1	Apoiar o desenvolvimento da capacidade de gestão da AB junto aos municípios menores de 100 mil hab.	1	1	2009-10-22 20:33:28.964617	2	2009-10-22 20:33:28.964617	2
2	Ampliar propostas e ações para o Fortalecimento da Atenção Básica no Estado de São Paulo	1	2	2009-10-23 13:56:03.251463	2	2009-10-23 13:56:03.251463	2
3	Melhorar a qualidade e resolução da AB no Estado.	1	3	2009-10-23 13:59:02.07788	2	2009-10-23 13:59:02.07788	2
4	Implantar a Avaliação para Melhoria da Qualidade (AMQ) nos municípios com ESF	1	3	2009-10-26 14:25:16.886261	2	2009-10-26 14:25:16.886261	2
5	Melhorar a qualidade da gestão, visando o fortalecimento da AB nos municípios	1	4	2009-10-26 14:29:26.046296	2	2009-10-26 14:29:26.046296	2
6	Qualificar e melhorar a resolubilidade da atenção básica no Estado	1	5	2009-10-26 14:59:31.677762	2	2009-10-26 14:59:31.677762	2
7	Socializar os resultados das discussões das oficinas macro regionais, com participantes dos CGR e técnicos da SES	1	6	2009-10-26 15:03:17.742896	2	2009-10-26 15:03:17.742896	2
8	Diminuir desigualdades regionais e buscar uma melhor organização da AB no Estado de SP	1	7	2009-10-26 15:12:16.0308	2	2009-10-26 15:12:16.0308	2
9	Institucionalizar espaços de supervisão regional para equipes de AB no Estado	1	8	2009-10-26 15:24:21.12943	2	2009-10-26 15:24:21.12943	2
10	Melhorar a qualidade de avaliação dos indicadores do Projeto Qualis +	1	9	2009-10-26 15:44:19.187266	2	2009-10-26 15:44:19.187266	2
11	Expansão da  qualificação da rede  visando a melhoria da Atenção Básica/ PSF	1	10	2009-10-26 16:02:17.880238	2	2009-10-26 16:02:17.880238	2
12	Construção de ferramenta que independa de ambiente operacional ou instalação de cliente (software) para disseminação dos dados em formato eletrônico da Matriz de Indicadores de São Paulo	1	11	2009-10-26 16:04:26.441387	2	2009-10-26 16:04:26.441387	2
13	Definir informação sensível a sigilo e garantir que esta informação esteja armazenada e que seja trabalhada de forma segura visando a privacidade dos indivíduos ou instituições	1	12	2009-10-26 16:13:10.373223	2	2009-10-26 16:13:10.373223	2
19	Melhorar a base de .........	1	13	2009-10-26 16:18:32.606642	2	2009-10-26 16:18:32.606642	2
20	Partindo dos sistemas de informação já mapeados identificar marcos de qualidade e de falta de qualidade em determinados grupos de informação e avaliar o preenchimento adequado	1	14	2009-10-26 16:25:22.346658	2	2009-10-26 16:25:22.346658	2
21	Tornar cada vez maior o uso do portal saúde.sp.gov.br como ferramenta de disseminação da informação	1	16	2009-10-26 16:29:06.598577	2	2009-10-26 16:29:06.598577	2
22	Aproximar os gestores agilizando a comunicação e gerando economia financeira e de tempo de deslocamento	1	18	2009-10-26 16:31:49.612162	2	2009-10-26 16:31:49.612162	2
23	Ampliar a base instalada de serviços de mensageria e prover treinamento para um melhor uso	1	19	2009-10-26 16:35:30.899027	2	2009-10-26 16:35:30.899027	2
24	Gerar a capacidade do gestor para acompanhamento da PPI - se o fluxo pactuado esta sendo refletido no momento do faturamento	1	20	2009-10-26 16:38:15.977889	2	2009-10-26 16:38:15.977889	2
25	Fortalecer a gestão municipal, com ênfase no planejamento, programação e na regionalização, com centralidade na AB.	1	21	2009-10-26 17:05:10.527873	2	2009-10-26 17:05:10.527873	2
26	Monitorar e avaliar a política estadual de saúde em 2009, de acordo com o PES 2008-2011.	1	22	2009-10-26 17:07:23.78208	2	2009-10-26 17:07:23.78208	2
31	Avaliar e atualizar .....	1	23	2009-10-26 17:10:53.492268	2	2009-10-26 17:10:53.492268	2
32	Rever metas e contribuir para a elaboração da LDO e LOA, buscando a compatibilização com a agenda do PES e do Pacto 2009 e previsão 2010.	1	24	2009-10-26 17:14:41.248911	2	2009-10-26 17:14:41.248911	2
33	Avaliar o cumprimento de metas do PES, por meio do relatório do POA 2008 e dos indicadores do Pacto pela Vida.	1	25	2009-10-26 17:16:31.30236	2	2009-10-26 17:16:31.30236	2
34	Contribuir para o aprimoramento da gestão da assistência no Estado.	1	26	2009-10-26 17:18:27.174384	2	2009-10-26 17:18:27.174384	2
35	Fortalecer a programação e a regulação de ações de saúde no âmbito das regiões e macrorregiões como uma das estratégias essenciais à consolidação da regionalização.	1	27	2009-10-26 17:20:33.47965	2	2009-10-26 17:20:33.47965	2
36	Apoiar a  execução das ações previstas no POA e pacto pela Saúde.	1	28	2009-10-26 17:25:40.932275	2	2009-10-26 17:25:40.932275	2
37	Fortalecer o planejamento e gestão regional da saúde.	1	29	2009-10-26 17:29:19.971473	2	2009-10-26 17:29:19.971473	2
38	Fortalecimento das regiões de saúde.	1	30	2009-10-26 17:31:28.888252	2	2009-10-26 17:31:28.888252	2
39	Fortalecimento das regiões de saúde.	1	31	2009-10-26 17:33:37.742173	2	2009-10-26 17:33:37.742173	2
40	Institucionalizar o Núcleo de Análise e Informações de Saúde	1	32	2009-10-26 17:36:28.787682	2	2009-10-26 17:36:28.787682	2
41	Produzir análises sobre diferentes temas do SUS/SP, a partir de dados e informações disponíveis com o objetivo de apoiar a gestão do SUS em São Paulo	1	33	2009-10-26 17:37:48.673156	2	2009-10-26 17:37:48.673156	2
42	Divulgar aos gestores do SUS notas técnicas sobre temas específicos, que auxiliem na gestão do SUS	1	34	2009-10-26 17:40:13.213393	2	2009-10-26 17:40:13.213393	2
43	Divulgar a matriz de indicadores estabelecida no POA 2008	1	35	2009-10-26 17:42:06.865093	2	2009-10-26 17:42:06.865093	2
44	Fomentar discussões sobre o tema Informações em Saúde;\nApresentar produtos desenvolvidos pelo NAIS	1	36	2009-10-26 17:43:47.499755	2	2009-10-26 17:43:47.499755	2
45	Incorporar a visão dos usuários no aprimoramento da gestão do SUS, por meio de divulgação de relatório elaborado a partir da análise dos dados obtidos no Programa de Satisfação dos Usuários SUS	1	37	2009-10-26 17:45:52.585833	2	2009-10-26 17:45:52.585833	2
46	Identificar a necessidade de aperfeiçoamento das medidas e proposição de novas ações.	1	38	2009-10-26 17:48:28.241008	2	2009-10-26 17:48:28.241008	2
47	Identificar problemas, na estrutura e no processo assistencial, para superá-los.	1	39	2009-10-26 17:50:04.443844	2	2009-10-26 17:50:04.443844	2
48	Melhorar a qualidade da assistência obstétrica e neonatal	1	40	2009-10-26 17:51:35.065305	2	2009-10-26 17:51:35.065305	2
49	Identificar problemas que requerem ações estratégicas para sua superação	1	41	2009-10-26 17:53:53.816659	2	2009-10-26 17:53:53.816659	2
50	Superar os problemas identificados, melhorando a qualidade da assistência obstétrica e neonatal.	1	42	2009-10-26 17:56:22.321405	2	2009-10-26 17:56:22.321405	2
51	Elaborar um instrumento para favorecer o acompanhamento dos fluxos e programação elaborada	1	44	2009-10-26 19:17:15.90216	2	2009-10-26 19:17:15.90216	2
52	Elaborar um instrumento para favorecer o acompanhamento dos fluxos e programação elaborada	1	44	2009-10-26 19:48:12.901431	2	2009-10-26 19:48:12.901431	2
53	Avaliar o cumprimento da PPI nas linhas de cuidado que possuem correlação com as redes de alta complexidade instituídas.	1	45	2009-10-26 19:50:46.766843	2	2009-10-26 19:50:46.766843	2
54	Avaliar o cumprimento da PPI na Assistência de Alta Complexidade	1	46	2009-10-26 19:52:02.929537	2	2009-10-26 19:52:02.929537	2
55	Avaliar o comprometimento das instituições com as propostas pactuadas no plano operativo do programa Pró-Santa Casa	1	47	2009-10-26 19:53:04.466445	2	2009-10-26 19:53:04.466445	2
56	Auxiliar financeiramente as instituições filantrópicas indicadas pelo Colegiado de Gestão Regional - CGR, visando a ampliação da assistência à saúde regional.	1	48	2009-10-26 21:23:36.279302	2	2009-10-26 21:23:36.279302	2
57	Monitorar e manter atualizados os convênios e contratos de prestação de serviços de saúde (físico e financeiro)	1	49	2009-10-26 21:25:03.653287	2	2009-10-26 21:25:03.653287	2
58	Orientar os processamentos dos DRS e consolidar a produção ambulatorial e hospitalar dos Serviços de Saúde sob Gestão Estadual.	1	50	2009-10-26 21:25:57.823751	2	2009-10-26 21:25:57.823751	2
59	Melhorar a qualidade das informações das unidades cadastradas.	1	51	2009-10-26 21:26:55.601274	2	2009-10-26 21:26:55.601274	2
60	Fortalecimento do componente estadual de auditoria	1	52	2009-10-26 21:28:00.78524	2	2009-10-26 21:28:00.78524	2
61	Estabelecer o grau de conformidade dos serviços de saúde auditados	1	53	2009-10-26 21:28:58.837129	2	2009-10-26 21:28:58.837129	2
62	Estabelecer o grau de conformidade das redes auditadas	1	54	2009-10-26 21:29:44.558305	2	2009-10-26 21:29:44.558305	2
63	Auditar internações bloqueadas por duplicidade e liberação de crítica	1	55	2009-10-26 21:30:42.357015	2	2009-10-26 21:30:42.357015	2
64	Estabelecer conformidade da realização do transplante em priorização	1	56	2009-10-26 21:31:33.235786	2	2009-10-26 21:31:33.235786	2
65	Apurar as demandas, concluir e recomendar ações corretivas \n(CGU, DRAC/MS e outras)	1	57	2009-10-26 21:32:50.16356	2	2009-10-26 21:32:50.16356	2
66	Auditoria das internações com respostas de realização de pagamento ou não reconhecimento da internação	1	58	2009-10-26 21:34:05.408061	2	2009-10-26 21:34:05.408061	2
67	Estabelecer o grau de conformidade da gestão municipal auditada	1	59	2009-10-26 21:35:27.216185	2	2009-10-26 21:35:27.216185	2
68	Estabelecer o grau de conformidade das metas pactuadas e auditadas	1	60	2009-10-26 21:36:45.377456	2	2009-10-26 21:36:45.377456	2
69	Acompanhar o grau de conformidades das redes Já auditadas	1	61	2009-10-26 21:38:10.699205	2	2009-10-26 21:38:10.699205	2
70	Readequar a assistência da alta complexidade de oftalmologia, neurocirurgia e ortopedia	1	62	2009-10-27 08:36:06.540659	2	2009-10-27 08:36:06.540659	2
71	Avaliar o cumprimento da PPI na Assistência de Alta Complexidade	1	63	2009-10-27 08:37:43.587738	2	2009-10-27 08:37:43.587738	2
72	Acompanhar a produção para que as metas pactuadas sejam cumpridas	1	64	2009-10-27 08:38:43.536964	2	2009-10-27 08:38:43.536964	2
73	Avaliar a eficácia e efetividade da Rede	1	65	2009-10-27 08:40:46.641472	2	2009-10-27 08:40:46.641472	2
74	Acompanhar a produção para que as metas pactuadas sejam cumpridas	1	66	2009-10-27 08:41:44.929115	2	2009-10-27 08:41:44.929115	2
75	Análise de dados de produção conforme indicadores da AHRQ	1	67	2009-10-27 08:42:49.335369	2	2009-10-27 08:42:49.335369	2
76	Troca de informações que possam subsidiar as ações dos 2 setores	1	68	2009-10-27 08:44:31.453826	2	2009-10-27 08:44:31.453826	2
77	Avaliar a inserção do hospital de pequeno porte e o conhecer seu grau de resolutividade na sua região de saúde	1	69	2009-10-27 08:45:35.246629	2	2009-10-27 08:45:35.246629	2
78	Avaliar através de critérios o desempenho dos hospitais de pequeno porte e definir seu papel na rede de assistência	1	70	2009-10-27 08:46:46.097191	2	2009-10-27 08:46:46.097191	2
79	Aumentar o grau de resolutividade do hospital na sua área de abrangência e melhora da qualidade da assistência prestada.	1	71	2009-10-27 08:47:46.492594	2	2009-10-27 08:47:46.492594	2
80	Acompanhar a produção para que as metas fixadas em contrato sejam cumpridas	1	72	2009-10-27 08:48:39.697352	2	2009-10-27 08:48:39.697352	2
81	Avaliar o cumprimento da PPI na Assistência de Alta Complexidade	1	73	2009-10-27 08:50:09.138208	2	2009-10-27 08:50:09.138208	2
82	Avaliar a eficácia e efetividade da Rede	1	74	2009-10-27 08:51:13.090832	2	2009-10-27 08:51:13.090832	2
83	Reduzir as filas de espera de exames de mamografia para a faixa etária de 40 anos e +.	1	75	2009-10-27 08:52:18.696165	2	2009-10-27 08:52:18.696165	2
84	Realizar exames de USG para diagnóstico precoce de mulheres na faixa etária de 40 ou +, com resultado de exame de mamografia BI_RADIS 0 e 3, durante	1	75	2009-10-27 08:52:26.922977	2	2009-10-27 08:52:26.922977	2
85	Implantar as Políticas de Regulação de São Paulo.	1	76	2009-10-27 08:53:45.410147	2	2009-10-27 08:53:45.410147	2
86	Implementar os cinco (5) CMRR nos seus respectivos locais de abrangência, conforme definido na Política Estadual de Regulação.	1	77	2009-10-27 08:55:21.311035	2	2009-10-27 08:55:21.311035	2
87	Efetivar os cinco (5) Plantões Controladores (PC) dos CMRR para atendimentos de Urgência e Emergência (UE) em espaço único em São Paulo.	1	78	2009-10-27 08:56:53.936162	2	2009-10-27 08:56:53.936162	2
88	Estruturar as Centrais de Regulação dos DRS para implementação da Política de Regulação do Estado: infra-estrutura, RH, equipamentos e sistemas de informação.	1	79	2009-10-27 08:58:36.946139	2	2009-10-27 08:58:36.946139	2
89	Qualificar e otimizar as ações de Regulação para procedimentos de Urgência e Emergência (UE) e eletivos.	1	80	2009-10-27 08:59:33.407788	2	2009-10-27 08:59:33.407788	2
90	Padronizar e qualificar as equipes dos DRS considerando o Pacto de Gestão.	1	81	2009-10-27 09:00:52.712639	2	2009-10-27 09:00:52.712639	2
91	Otimizar a utilização de leitos dos Pronto-Socorros (PS) priorizados pelos DRS.	1	82	2009-10-27 09:02:04.421702	2	2009-10-27 09:02:04.421702	2
92	Padronizar a qualificação das equipes municipais	1	83	2009-10-27 09:02:54.535434	2	2009-10-27 09:02:54.535434	2
93	Assegurar acesso, cuidado integral e evolutivo	1	84	2009-10-27 09:05:19.390793	2	2009-10-27 09:05:19.390793	2
94	Assegurar direitos dos usuários	1	85	2009-10-27 09:06:49.688205	2	2009-10-27 09:06:49.688205	2
95	Assegurar direitos dos usuários	1	86	2009-10-27 09:13:14.585053	2	2009-10-27 09:13:14.585053	2
96	Controle do gasto de custeio e total, aumentar a produção e produtividade, melhorar o registro das informações	1	87	2009-10-27 09:14:42.189798	2	2009-10-27 09:14:42.189798	2
97	Aprimorar e padronizar a captação de informações assistenciais e administrativas dos serviços de saúde	1	88	2009-10-27 09:15:38.744038	2	2009-10-27 09:15:38.744038	2
98	Racionalizar e otimizar recursos materiais e financeiros.	1	89	2009-10-27 09:16:49.64628	2	2009-10-27 09:16:49.64628	2
99	Melhor aproveitamento dos espaços físicos das unidades.	1	89	2009-10-27 09:16:53.864037	2	2009-10-27 09:16:53.864037	2
100	Reduzir a falta de recursos materiais nas unidades.	1	89	2009-10-27 09:16:56.738304	2	2009-10-27 09:16:56.738304	2
101	Racionalizar e otimizar recursos, garantir agilidade na realização dos reparos das estruturas físicas.	1	90	2009-10-27 09:17:51.061114	2	2009-10-27 09:17:51.061114	2
102	Garantir equipamentos, em perfeito funcionamento, para prestar assistência e realizar exames de imagem e diagnóstico	1	91	2009-10-27 09:18:53.878286	2	2009-10-27 09:18:53.878286	2
103	Atender as necessidades regionais de assistência hospitalar e ambulatorial	1	92	2009-10-27 09:20:36.242529	2	2009-10-27 09:20:36.242529	2
104	Adequar oferta de leitos de crônicos.	1	93	2009-10-27 09:21:18.772265	2	2009-10-27 09:21:18.772265	2
105	Ampliar a oferta de leitos de UTI nos hospitais.	1	93	2009-10-27 09:21:20.89523	2	2009-10-27 09:21:20.89523	2
106	Promover a gestão e desenvolvimento de projetos científicos e tecnológicos, em acordo com a agenda de pesquisa da SES-SP, nas 6 áreas de propostas: 1-Doenças Transmissíveis, 2-Doenças não Transmissíveis, 3-Morbimortalidade por causas externas, 4-Morbimortalidade Infantil Neonatal, 5-Saúde e Meio Ambiente, 6-Gestão do SUS	1	94	2009-10-27 09:25:07.04623	2	2009-10-27 09:25:07.04623	2
107	Promover a capacitação dos recursos humanos das áreas de CT&I, por meio de política de parcerias, cursos específicos da área de gestão, organização e planejamento da Inovação.	1	95	2009-10-27 09:26:51.454281	2	2009-10-27 09:26:51.454281	2
108	Ampliar e adequar à oferta de leitos hospitalares, atendimento ambulatorial e serviços de apoio diagnóstico.	1	96	2009-10-27 09:31:07.277341	2	2009-10-27 09:31:07.277341	2
109	Atender as necessidades regionais de serviços hospitalares / ambulatoriais de média e alta complexidade	1	96	2009-10-27 09:31:09.407048	2	2009-10-27 09:31:09.407048	2
110	Aprimoramento dos recursos humanos das áreas de CT&I, por meio de política de parcerias, cursos de especialização e pós graduação.	1	97	2009-10-27 09:32:38.295753	2	2009-10-27 09:32:38.295753	2
111	Ampliar o acesso aos serviços nos 203 municípios que desenvolvem o  programa.	1	101	2009-10-27 09:37:57.937585	2	2009-10-27 09:37:57.937585	2
112	Ampliar o acesso para municípios da Baixada Santista e Registro.	1	101	2009-10-27 09:37:59.915022	2	2009-10-27 09:37:59.915022	2
113	Ampliar acesso à saúde bucal na atenção básica.	1	102	2009-10-27 09:39:50.048423	2	2009-10-27 09:39:50.048423	2
114	Promover o acesso à rede de serviços em Câncer Bucal.	1	103	2009-10-27 09:40:56.14295	2	2009-10-27 09:40:56.14295	2
115	Organizar a rede de serviços.	1	104	2009-10-27 09:42:11.302287	2	2009-10-27 09:42:11.302287	2
116	Aprimorar o sistema de informação para subsidiar as ações de planejamento e avaliação.	1	105	2009-10-27 09:43:33.700748	2	2009-10-27 09:43:33.700748	2
117	Aprimorar o sistema de informação.	1	106	2009-10-27 09:44:41.037277	2	2009-10-27 09:44:41.037277	2
118	Estabelecer uma política estadual em saúde bucal.	1	107	2009-10-27 09:45:50.756084	2	2009-10-27 09:45:50.756084	2
119	Conhecer a situação das condições de saúde bucal para planejar as ações a serem realizadas nas diferentes regiões de saúde do Estado.	1	108	2009-10-27 09:46:46.726661	2	2009-10-27 09:46:46.726661	2
120	Aprimorar o conhecimento dos Interlocutores em Políticas de Saúde Bucal.	1	109	2009-10-27 09:47:46.981188	2	2009-10-27 09:47:46.981188	2
121	Regionalizar o acesso e qualificar a atenção.	1	110	2009-10-27 09:48:57.299391	2	2009-10-27 09:48:57.299391	2
122	Melhorar a qualidade da água para o consumo humano.	1	111	2009-10-27 09:50:11.614822	2	2009-10-27 09:50:11.614822	2
123	Qualificar a participação social na Gestão do Sistema, a partir da avaliação de diferentes mecanismos de participação popular nos processos de gestão do SUS, tais como os Conselhos de Saúde, garantindo sua consolidação enquanto conquista, para possibilitar resultados expressivos e duradouros	1	114	2009-10-27 10:08:49.953552	2	2009-10-27 10:08:49.953552	2
124	Capacitação dos conselheiros estaduais nas áreas de Saúde da Mulher e Atenção Básica.	1	115	2009-10-27 10:10:04.538885	2	2009-10-27 10:10:04.538885	2
125	Garantir e manter as condições materiais, técnicas e administrativas para o funcionamento regular do Conselho Estadual de Saúde	1	116	2009-10-27 10:11:18.512164	2	2009-10-27 10:11:18.512164	2
126	Fortalecer as Ouvidorias do SUS-SP, como mecanismo de participação da Comunidade	1	120	2009-10-27 10:13:33.980457	2	2009-10-27 10:13:33.980457	2
127	Fortalecer as Ouvidorias do SUS, como mecanismo de participação da Comunidade	1	121	2009-10-27 10:14:45.549177	2	2009-10-27 10:14:45.549177	2
128	Ampliar o acesso aos serviços	1	127	2009-10-27 10:22:20.226152	2	2009-10-27 10:22:20.226152	2
129	Ampliar o acesso a OPM	1	128	2009-10-27 10:23:40.936009	2	2009-10-27 10:23:40.936009	2
130	Qualificar o processo de dispensação de OPM	1	129	2009-10-27 10:25:54.570465	2	2009-10-27 10:25:54.570465	2
131	Garantir a padronização das informações e dos procedimentos.	1	130	2009-10-27 10:27:16.890734	2	2009-10-27 10:27:16.890734	2
132	Ampliar, adequar e padronizar o procedimento.	1	131	2009-10-27 10:28:18.097457	2	2009-10-27 10:28:18.097457	2
133	Ampliar o acesso e a resolutividade dos serviços.	1	132	2009-10-27 10:29:13.33608	2	2009-10-27 10:29:13.33608	2
134	Garantir a divulgação e implementação das diretrizes estabelecidas para a atenção a usuários de álcool e outras drogas, do Estado de São Paulo.	1	133	2009-10-27 10:30:44.892856	2	2009-10-27 10:30:44.892856	2
135	Expandir o acesso das ações comunitárias de atenção integral à saúde de usuários de álcool e outras drogas, por meio da ampliação da cobertura de Centros de Atenção Psicossocial – Álcool e Drogas (CAPS ad)	1	134	2009-10-27 10:31:52.013016	2	2009-10-27 10:31:52.013016	2
136	Implantar e implementar o acesso das ações comunitárias de atenção extra-hospitalar às crianças e adolescentes usuárias de álcool e outras drogas - articuladas à Atenção Básica, segundo a lógica de redução de danos, e de forma articulada ao restante da rede de cuidados.	1	135	2009-10-27 10:50:52.169078	2	2009-10-27 10:50:52.169078	2
137	Qualificar profissionais da Atenção Básica – Estratégia da Saúde da Família (via DRSs), para  encaminhamentos e acompanhamentos terapêuticos de usuários de álcool e outras drogas.	1	136	2009-10-27 10:52:02.963269	2	2009-10-27 10:52:02.963269	2
138	Ampliar a cobertura de leitos de atenção integral para usuários de álcool e outras drogas em hospital geral.	1	137	2009-10-27 10:53:50.270509	2	2009-10-27 10:53:50.270509	2
139	Aprimorar a qualidade dos serviços existentes	1	138	2009-10-27 10:55:02.925238	2	2009-10-27 10:55:02.925238	2
140	Desenvolver projetos que garantam atenção integral	1	139	2009-10-27 10:56:00.784669	2	2009-10-27 10:56:00.784669	2
141	Expandir o acesso a ações comunitárias de saúde mental por meio da ampliação de cobertura de CAPS I, II e III	1	140	2009-10-27 10:57:31.72709	2	2009-10-27 10:57:31.72709	2
142	Expandir as ações comunitárias de saúde mental para a infância e adolescência, por meio da ampliação da cobertura de CAPS Infantil	1	141	2009-10-27 10:58:33.898312	2	2009-10-27 10:58:33.898312	2
143	Implementar a Lei do Subsistema de Saúde Indígena, fortalecendo/ valorizando práticas de curas tradicionais,respeito às tradições  transmitindo segurança e  confiabilidade à população indígena.	1	144	2009-10-27 11:01:59.041122	2	2009-10-27 11:01:59.041122	2
144	Preparar trabalhadores do SUS-SP no atendimento às comunidades indígenas respeitando as especificidades de cada etnia e das aldeias.	1	145	2009-10-27 11:03:14.132717	2	2009-10-27 11:03:14.132717	2
145	Sensibilizar trabalhadores da Saúde no atendimento ao diferente.	1	146	2009-10-27 11:04:13.874713	2	2009-10-27 11:04:13.874713	2
146	Troca de experiências, levantamento de problemas e vivências no atendimento à população indígena.	1	147	2009-10-27 11:05:34.286447	2	2009-10-27 11:05:34.286447	2
147	Atender a demanda de imunobiológicos dos programas nacionais de imunização do SUS.	1	166	2009-10-28 10:13:53.47286	2	2009-10-28 10:13:53.47286	2
148	Garantir um sistema de controle gerencial sobre os processos e custos da produção de imunobiológicos	1	167	2009-10-28 10:16:55.251941	2	2009-10-28 10:16:55.251941	2
149	Garantir um sistema de controle gerencial sobre os processos e custos da produção de imunobiológicos	1	168	2009-10-28 10:23:11.520124	2	2009-10-28 10:23:11.520124	2
150	Promover a garantia do acesso aos medicamentos necessários ao tratamento precoce e adequado dos agravos à saúde passíveis de atendimento na Atenção Básica.	1	169	2009-10-28 10:30:31.911628	2	2009-10-28 10:30:31.911628	2
151	Promover o acesso a medicamentos utilizados na Atenção Básica visando o seu uso racional.	1	170	2009-10-28 10:33:48.965785	2	2009-10-28 10:33:48.965785	2
152	Elaborar a relação de medicamentos e insumos que se destinam a atender aos agravos da Atenção Básica à Saúde.	1	171	2009-10-28 10:36:09.264178	2	2009-10-28 10:36:09.264178	2
153	Garantir acesso com melhoria da qualidade de atendimento	1	172	2009-10-28 10:38:40.164531	2	2009-10-28 10:38:40.164531	2
154	Agilidade na dispensação;\nBanco de dados unificado com controle dos estoques nos almoxarifados nas Farmácias	1	173	2009-10-28 10:40:31.256829	2	2009-10-28 10:40:31.256829	2
155	Normatizar os procedimentos para dispensação de medicamentos excepcionais	1	174	2009-10-28 10:42:59.819993	2	2009-10-28 10:42:59.819993	2
156	Garantir o suprimento de medicamentos nas Farmácias	1	175	2009-10-28 10:45:30.861702	2	2009-10-28 10:45:30.861702	2
157	Qualificar a Assistência Farmacêutica no âmbito estadual e municipal	1	176	2009-10-28 10:47:51.85965	2	2009-10-28 10:47:51.85965	2
158	Estabelecer o comando único na gestão da Hemorrede	1	177	2009-10-28 10:50:55.30448	2	2009-10-28 10:50:55.30448	2
159	Regionalizar a assistência hemoterápica	1	178	2009-10-28 10:52:18.694571	2	2009-10-28 10:52:18.694571	2
160	Melhorar a qualidade e racionalizar os custos	1	179	2009-10-28 10:55:21.905494	2	2009-10-28 10:55:21.905494	2
161	Difundir conhecimentos produzidos no IS para o SUS-SP	1	180	2009-10-28 10:57:09.733632	2	2009-10-28 10:57:09.733632	2
162	Difundir conhecimentos produzidos no IS para o SUS-SP	1	181	2009-10-28 10:59:18.703477	2	2009-10-28 10:59:18.703477	2
163	Produzir conhecimento científico sobre Atenção e Gestão do SUS, Educação e Comunicação em Saúde e Avaliação de Tecnologias em Saúde	1	182	2009-10-28 11:00:34.369788	2	2009-10-28 11:00:34.369788	2
164	Estímulo ao trabalho em rede e ao crescimento organizacional	1	183	2009-10-28 11:06:38.781216	2	2009-10-28 11:06:38.781216	2
165	Incorporação de conhecimento e de novas formas de organização do trabalho	1	184	2009-10-28 11:11:38.736131	2	2009-10-28 11:11:38.736131	2
166	Incorporação de conhecimento e de novos instrumentos de organização do trabalho	1	185	2009-10-28 11:14:06.86723	2	2009-10-28 11:14:06.86723	2
167	Estímulo ao trabalho em rede e ao crescimento organizacional	1	186	2009-10-28 11:15:53.082451	2	2009-10-28 11:15:53.082451	2
168	Incorporação de conhecimento e de novos instrumentos de organização do trabalho	1	187	2009-10-28 11:19:43.16332	2	2009-10-28 11:19:43.16332	2
169	Criação de espaços propícios ao compartilhamento de idéias e experiências na área de gestão de pessoas	1	188	2009-10-28 12:21:34.628853	2	2009-10-28 12:21:34.628853	2
170	Criação de espaços propícios ao compartilhamento de idéias e experiências na área de gestão de pessoas	1	189	2009-10-28 12:23:54.299976	2	2009-10-28 12:23:54.299976	2
171	Criação de espaços propícios ao compartilhamento de idéias e experiências na área de gestão de pessoas	1	190	2009-10-28 12:26:12.829523	2	2009-10-28 12:26:12.829523	2
172	Estímulo ao trabalho em rede e ao crescimento organizacional no campo do desenvolvimento gerencial para os cargos de comando	1	191	2009-10-28 12:27:57.501564	2	2009-10-28 12:27:57.501564	2
173	Acompanhar o processo de certificação	1	192	2009-10-28 12:30:03.205193	2	2009-10-28 12:30:03.205193	2
174	Realizar plano de desenvolvimento para os diretores regionais de hospitais e regionais envolvidos no processo de certificação	1	193	2009-10-28 12:31:34.786614	2	2009-10-28 12:31:34.786614	2
175	Estimular e potencializar as ações de humanização desenvolvidas pelo serviços de saúde.Propiciar a troca e o aprimoramento das diferentes práticas e saberes em Humanização	1	194	2009-10-28 12:34:29.063344	2	2009-10-28 12:34:29.063344	2
176	Qualificar e dar apoio e sustentação às práticas de humanização desenvolvidas na SES	1	195	2009-10-28 12:37:03.533495	2	2009-10-28 12:37:03.533495	2
177	Oferecer novas tecnologias e saberes para potencializar as ações de humanização desenvolvidas pelo serviço de saúde.	1	196	2009-10-28 12:39:20.232466	2	2009-10-28 12:39:20.232466	2
178	Apresentação das experiências - intervenções em Humanização da região	1	197	2009-10-28 12:41:59.038288	2	2009-10-28 12:41:59.038288	2
179	Apresentação de experiências - intervenções em Humanização apresentadas e discutidas nos encontros loco regionais	1	198	2009-10-28 13:03:45.484376	2	2009-10-28 13:03:45.484376	2
180	Ampliar e fortalecer a Rede de apoiadores do estado de SP	1	199	2009-10-28 13:07:07.495364	2	2009-10-28 13:07:07.495364	2
181	Ampliar a participação no site e na rede humaniza SUS	1	200	2009-10-28 13:11:46.86444	2	2009-10-28 13:11:46.86444	2
182	Produzir informação para a gestão de RH na SES/SP.	1	201	2009-10-28 13:16:15.762997	2	2009-10-28 13:16:15.762997	2
183	Disseminar informações em RH	1	202	2009-10-28 13:20:36.564745	2	2009-10-28 13:20:36.564745	2
184	1. Disponibilizar informação em gestão de pessoal da SES para os RH das unidades (hospitais, DRS e sedes de coordenadoria)	1	203	2009-10-28 13:22:13.117216	2	2009-10-28 13:22:13.117216	2
185	2. Fornecer capacitação aos gerentes de RH para interpretar e utilizar os dados gerados no	1	203	2009-10-28 13:22:23.922149	2	2009-10-28 13:22:23.922149	2
186	Elencar os principais problemas enfrentados pelos secretários municipais de saúde na gestão de RH	1	204	2009-10-28 13:28:35.856444	2	2009-10-28 13:28:35.856444	2
187	Elaborar propostas para solução de problemas identificados	1	205	2009-10-28 13:30:17.091103	2	2009-10-28 13:30:17.091103	2
188	Explorar utilização do CNES como fonte de dados em RH para o SUS	1	206	2009-10-28 13:32:58.794433	2	2009-10-28 13:32:58.794433	2
189	Explorar o RECAD como fonte de dados em RH para a SES	1	207	2009-10-28 13:34:26.885179	2	2009-10-28 13:34:26.885179	2
190	Elaboração de diagnóstico de situação da força de trabalho em saúde no Estado de São Paulo	1	208	2009-10-28 13:35:47.428385	2	2009-10-28 13:35:47.428385	2
191	Elaborar diagnóstico de situação dos servidores da SES, focando a formação escolar e a posição na estrutura da SES; sistematizar informações que orientem processos de desenvolvimento para os servidores da SES;	1	209	2009-10-28 13:38:38.069159	2	2009-10-28 13:38:38.069159	2
192	Identificar quais são os médicos especialistas / serviços de maior carência para o SUS no Estado de São Paulo	1	210	2009-10-28 13:39:53.658005	2	2009-10-28 13:39:53.658005	2
193	Fortalecimento das Ouvidorias do SUS, em todas as esferas governamentais, a partir do momento que a população conheça o seu real papel, bem como limites desta função junto aos órgãos pelos quais responde	1	211	2009-10-28 13:48:06.35306	2	2009-10-28 13:48:06.35306	2
194	Implementar política estadual de educação permanente para os conselheiros estaduais e apoiar o processo de formação dos conselheiros municipais	1	212	2009-10-28 13:49:22.850317	2	2009-10-28 13:49:22.850317	2
195	Organizar, fortalecer e disponibilizar, por meio de uma fonte estruturada, com base no modelo SciELO/BIREME, as publicações periódicas das instituições que integram a Rede de Informação e Conhecimento, publicadas no âmbito desta Secretaria da Saúde.	1	213	2009-10-28 13:51:29.307781	2	2009-10-28 13:51:29.307781	2
196	Expansão e qualificação da rede visando melhoria da Atenção Básica\nPSF	1	214	2009-10-28 13:54:41.012195	2	2009-10-28 13:54:41.012195	2
197	Propor e acompanhar ações em saúde do trabalhador na SES	1	215	2009-10-28 13:56:11.120363	2	2009-10-28 13:56:11.120363	2
198	1. Sensibilizar e atualizar conhecimentos acerca de saúde do trabalhador e das atribuições de COMSAT e SESMT	1	216	2009-10-28 14:01:25.181234	2	2009-10-28 14:01:25.181234	2
199	2. Apoiar as unidades no desenvolvimento de ações em qualidade de vida e saúde do trabalhador	1	216	2009-10-28 14:01:39.413245	2	2009-10-28 14:01:39.413245	2
200	1. Assegurar a implantação de SESMT em todos os hospitais da administração direta da SES	1	217	2009-10-28 14:03:58.54014	2	2009-10-28 14:03:58.54014	2
201	2. Implantação dos programas PCMSO e PPRA nos SESMT em funcionamento	1	217	2009-10-28 14:04:07.366802	2	2009-10-28 14:04:07.366802	2
202	3. Implementar nos SESMT em funcionamento  ações de qualidade de vida (além do PCMSO e PPRA)	1	217	2009-10-28 14:04:20.629489	2	2009-10-28 14:04:20.629489	2
203	Regulamentar a carreira de gestão	1	218	2009-10-28 14:07:11.695504	2	2009-10-28 14:07:11.695504	2
204	Realizar concurso para gesto público de saúde	1	219	2009-10-28 14:08:34.299258	2	2009-10-28 14:08:34.299258	2
205	Desenhar o fluxo do processo de trabalho para ratificação de tempo de contribuição, com adequação à legislação vigente	1	220	2009-10-28 14:13:21.738664	2	2009-10-28 14:13:21.738664	2
206	Desenhar o fluxo do processo de trabalho para ratificação de tempo de contribuição, com adequação à legislação vigente	1	221	2009-10-28 14:15:07.233649	2	2009-10-28 14:15:07.233649	2
207	Avaliar e propor mudanças no instrumento de contagem de tempo	1	222	2009-10-28 14:18:45.820634	2	2009-10-28 14:18:45.820634	2
208	Agilização do processo de contagem de tempo	1	223	2009-10-28 14:21:05.83786	2	2009-10-28 14:21:05.83786	2
209	Padronizar os processo de trabalho para contagem de tempo	1	224	2009-10-28 14:22:48.855276	2	2009-10-28 14:22:48.855276	2
210	Evitar perda de pessoal/ conhecimento estratégico na SES	1	226	2009-10-28 14:24:15.522673	2	2009-10-28 14:24:15.522673	2
211	Ampliar o acesso e resolubilidade da atenção ginecológica na atenção básica	1	228	2009-10-28 14:25:29.418539	2	2009-10-28 14:25:29.418539	2
212	Evitar perda de pessoal/ conhecimento estratégico na SES	1	229	2009-10-28 14:25:43.356961	2	2009-10-28 14:25:43.356961	2
213	Redução do tempo de espera para a realização de laqueadura	1	230	2009-10-28 14:26:29.404131	2	2009-10-28 14:26:29.404131	2
214	Ampliar o acesso à laqueadura nos serviços próprios credenciados	1	230	2009-10-28 14:26:31.479498	2	2009-10-28 14:26:31.479498	2
215	Analisar as diferentes formas de composição de  remuneração existentes na SES/SP	1	232	2009-10-28 14:28:20.002138	2	2009-10-28 14:28:20.002138	2
216	Atualizar e qualificar conhecimentos sobre planejamento reprodutivo	1	231	2009-10-28 14:28:32.613094	2	2009-10-28 14:28:32.613094	2
217	Garantir que adolescentes e mulheres vítimas de violência sexual tenham acesso a serviços regionais que ofereçam atenção integral, incluindo aborto previsto na Lei (Decreto-Lei n.º 2.848 de 1940)*	1	233	2009-10-28 14:29:49.032248	2	2009-10-28 14:29:49.032248	2
218	Qualificar a atenção e prevenção aos agravos resultantes da violência sexual	1	234	2009-10-28 14:31:20.807208	2	2009-10-28 14:31:20.807208	2
219	Agilizar o atendimento médico legal das vítimas e colaborar para a identificação do agressor	1	235	2009-10-28 14:32:24.553265	2	2009-10-28 14:32:24.553265	2
220	Dar visibilidade ao fenômeno e oferecer informações à população sobre onde buscar atenção nas situações de violência sexual	1	237	2009-10-28 14:33:13.94893	2	2009-10-28 14:33:13.94893	2
221	Adequar as formas de remuneração às diretrizes estratégicas da SES/SP	1	236	2009-10-28 14:34:22.653266	2	2009-10-28 14:34:22.653266	2
222	Atender as necessidades de saúde da população do sistema penitenciário	1	238	2009-10-28 14:35:22.683547	2	2009-10-28 14:35:22.683547	2
223	Validar o instrumento de avaliação de desempenho	1	239	2009-10-28 14:36:19.274374	2	2009-10-28 14:36:19.274374	2
224	Conhecer o perfil epidemiológico e assistencial de saúde no Sistema Penitenciário.	1	240	2009-10-28 14:37:04.498018	2	2009-10-28 14:37:04.498018	2
225	Traçar ações que possam reduzira morbi mortalidade por causas evitáveis nesta população	1	240	2009-10-28 14:37:06.250755	2	2009-10-28 14:37:06.250755	2
226	Garantir a vacinação e acesso a contraceptivos tanto nas penitenciárias femininas como nas unidades da Fundação Casa	1	241	2009-10-28 14:39:13.143333	2	2009-10-28 14:39:13.143333	2
227	Garantir o direito à realização dos partos pelas detentas dentro da rede   SUS	1	242	2009-10-28 14:40:51.721292	2	2009-10-28 14:40:51.721292	2
228	Aperfeiçoar a atenção à saúde na Fund. CASA, visando a redução da morbi mortalidade, por causas evitáveis, nesta população	1	243	2009-10-28 14:41:50.515032	2	2009-10-28 14:41:50.515032	2
229	Garantir a construção ascendente de propostas de EP. Garantir a oportunidade de integração do nível central da SES nesse processo	1	244	2009-10-28 14:50:14.557114	2	2009-10-28 14:50:14.557114	2
230	Dar visibilidade às ações de desenvolvimento de RH aos gestores nos diferentes níveis do Sistema	1	245	2009-10-28 14:52:08.936445	2	2009-10-28 14:52:08.936445	2
231	Avaliar resultado e impacto dos processos formativos desenvolvidos	1	246	2009-10-28 14:54:39.944259	2	2009-10-28 14:54:39.944259	2
232	- Apoiar os CDQS/ETSUS na construção e execução dos planos de EP dos seus respectivos colegiados.	1	247	2009-10-28 14:57:00.691809	2	2009-10-28 14:57:00.691809	2
233	Organizar de maneira sistematizada as demandas locais, regionais para formação e desenvolvimento dos trabalhadores do SUS tanto na atenção como na gestão.          • Participação presencial nas CIES para apoio na discussão da execução (identificação de parcerias) dos PAREPS tanto para propostas da região como da macro região.	1	248	2009-10-28 14:59:49.905956	2	2009-10-28 14:59:49.905956	2
234	Integrar o GTAE à execução dos planos Regionais de EP.	1	249	2009-10-28 15:04:33.975475	2	2009-10-28 15:04:33.975475	2
235	- Garantir a Integração da Humanização, enquanto conteúdo transversal, as propostas dos planos Regionais de EP.	1	250	2009-10-28 15:06:18.377385	2	2009-10-28 15:06:18.377385	2
236	Definir e pactuar com os CDQS/ETSUS instrumentos e processos de monitoramento e avaliação da execução do plano de EP 2009.  Garantir a avaliação formal dos PAREPS do ano 2009.                Discutir conjuntamente com o COSEMS aspectos facilitadores e restritivos a execução dos Planos.	1	251	2009-10-28 15:09:13.028936	2	2009-10-28 15:09:13.028936	2
237	Garantir a interlocução técnica de EP envolvendo CGR / NEP / CDQ / ETSUS CRH	1	252	2009-10-28 15:19:02.55507	2	2009-10-28 15:19:02.55507	2
238	Fortalecer a Coordenação de EP no entendimento teórico / prático da EP em saúde na realidade da SES e das regiões de Colegiado.                       Instrumentalizar os coordenadores de EP em processos e instrumentos de monitoramento / avaliação de propostas de EP e dos planos Regionais de EP.	1	253	2009-10-28 15:20:50.409773	2	2009-10-28 15:20:50.409773	2
239	Apoiar, por meio dos CDQS, a instalação dos Núcleos de EP em saúde dos CGR.         Discutir conjuntamente com os CDQS a execução dos planos regionais no aspecto identificação e articulação de parcerias / NEP e CIES.	1	254	2009-10-28 15:22:29.690874	2	2009-10-28 15:22:29.690874	2
240	- Re-significar o papel das CIEs em face da implantação da Portaria 1996.	1	255	2009-10-28 15:26:14.713842	2	2009-10-28 15:26:14.713842	2
241	- Construir novos processos de trabalho para as CIES, capazes de legitimá-las como parceiras na execução da EP nas regiões.	1	256	2009-10-28 15:28:13.976333	2	2009-10-28 15:28:13.976333	2
242	- Articular a configuração da CIES Sudoeste (Bauru, Sorocaba, Registro).	1	257	2009-10-28 15:30:24.562836	2	2009-10-28 15:30:24.562836	2
243	- Negociar, configurar e pactuar as diretrizes da política de EP no âmbito das 64 regiões de Colegiados Estaduais SP.	1	258	2009-10-28 15:32:46.177798	2	2009-10-28 15:32:46.177798	2
244	- Configurar processos de trabalho, papel e responsabilidades do grupo técnico bipartite para EP no Estado de SP.	1	259	2009-10-28 15:38:32.79383	2	2009-10-28 15:38:32.79383	2
245	Rearticular a interlocução Grupo técnico bipartite e Conselho Estadual de saúde – Comissão de integração para a política de EP no Estado.	1	260	2009-10-28 15:40:29.680372	2	2009-10-28 15:40:29.680372	2
246	- Articular interlocução, papéis, responsabilidades e parcerias com as instâncias regionais (DRS/CDQS; NE/ COSEMS).	1	261	2009-10-28 15:42:18.686384	2	2009-10-28 15:42:18.686384	2
247	Ampliar o acesso da população ao diagnóstico e tratamento da Anemia Falciforme na rede do SUS.	1	263	2009-10-28 16:59:14.014377	2	2009-10-28 16:59:14.014377	2
248	Garantir diretrizes e princípios para a atenção integral à saúde das pessoas com DF e outras hemoglobinopatias.	1	264	2009-10-28 17:01:38.120328	2	2009-10-28 17:01:38.120328	2
249	Produzir conhecimento sobre a temática saúde da população negra.	1	265	2009-10-28 17:02:58.319266	2	2009-10-28 17:02:58.319266	2
250	Qualificar a assistência local à saúde da criança e melhorar o acesso	1	266	2009-10-28 17:06:22.036364	2	2009-10-28 17:06:22.036364	2
251	Melhorar a qualidade da assistência ao recém-nascido no parto e no pós –parto, visando a redução da mortalidade infantil neonatal evitável	1	267	2009-10-28 17:07:36.249583	2	2009-10-28 17:07:36.249583	2
252	Aumentar o número de iniciativas de promoção do aleitamento materno	1	268	2009-10-28 17:10:10.335831	2	2009-10-28 17:10:10.335831	2
253	Ampliar o acesso a cuidados especializados e demais encaminhamentos para crianças vítimas de violência	1	269	2009-10-28 17:13:16.602811	2	2009-10-28 17:13:16.602811	2
254	Ampliar e garantir acesso ao seguimento oportuno a crianças com diagnóstico de hipotireoidismo congênito, fenilcetonúria ou hemoglobinopatias	1	270	2009-10-28 17:14:57.247952	2	2009-10-28 17:14:57.247952	2
255	Monitorar os Serviços de Referência das Regiões de Saúde	1	270	2009-10-28 17:14:59.388719	2	2009-10-28 17:14:59.388719	2
256	Troca de informações que possam subsidiar as ações dos 2 setores e melhoria da qualidade dos serviços de saúde	1	271	2009-10-28 17:17:15.930217	2	2009-10-28 17:17:15.930217	2
257	Implementar as ações de vigilância em saúde do trabalhador previstos na Portaria MS 777/2004	1	272	2009-10-28 17:22:59.848507	2	2009-10-28 17:22:59.848507	2
258	Implementar as ações de vigilância em saúde do trabalhador previstos na Portaria MS 777/2004	1	273	2009-10-28 17:25:59.828268	2	2009-10-28 17:25:59.828268	2
259	Implementar as ações de vigilância em saúde do trabalhador previstos na Portaria MS 777/2004	1	274	2009-10-28 17:31:49.522725	2	2009-10-28 17:31:49.522725	2
260	Implementar as ações de vigilância em saúde do trabalhador previstos na Portaria MS 777/2004	1	275	2009-10-28 17:34:38.421689	2	2009-10-28 17:34:38.421689	2
261	Implementar as ações de vigilância em saúde do trabalhador previstos na Portaria MS 777/2004	1	276	2009-10-28 17:37:19.65217	2	2009-10-28 17:37:19.65217	2
262	Elaborar a Política Estadual de atenção à Hipertensão e Diabetes mellitus	1	277	2009-10-28 17:40:06.677157	2	2009-10-28 17:40:06.677157	2
263	Estabelecer uma rede de parceiros capazes de implantar ações estratégicas e fomentar discussões e políticas municipais voltadas para diabetes e hipertensão	1	278	2009-10-28 17:41:34.64286	2	2009-10-28 17:41:34.64286	2
264	Implantar protocolos técnicos em todos os municípios do Estado de São Paulo.	1	279	2009-10-28 17:43:08.583249	2	2009-10-28 17:43:08.583249	2
265	Capacitar profissionais de saúde e equipes de saúde da família na temática Saúde da População Negra.	1	280	2009-10-28 17:46:30.749008	2	2009-10-28 17:46:30.749008	2
266	Disponibilizar o projeto “Saúde com Cultura” aos DRSs.	1	280	2009-10-28 17:47:24.002236	2	2009-10-28 17:47:24.002236	2
267	Capacitar profissionais de saúde, estudantes e sociedade civil na temática Saúde da População Negra	1	280	2009-10-28 17:47:26.503088	2	2009-10-28 17:47:26.503088	2
268	Promover processos de desinstitucionalização da população “moradora” dos hospitais psiquiátricos do Estado de São Paulo	1	281	2009-10-28 17:51:50.010278	2	2009-10-28 17:51:50.010278	2
269	Promover e apoiar o acesso aos direitos de cidadania dos pacientes moradores de hospitais psiquiátricos por meio da regularização de documentação civil	1	282	2009-10-28 17:53:29.70294	2	2009-10-28 17:53:29.70294	2
270	Criar alternativas de moradia assistida para a desinstitucionalização dos pacientes moradores dos hospitais psiquiátricos do Estado de São Paulo	1	283	2009-10-28 17:55:13.372119	2	2009-10-28 17:55:13.372119	2
271	Ampliar possibilidades de inclusão social dos pacientes desinstitucionalizados dos hospitais psiquiátricos do Estado de São Paulo	1	284	2009-10-28 17:56:49.408044	2	2009-10-28 17:56:49.408044	2
272	Ampliar possibilidades de inclusão social dos pacientes desinstitucionalizados dos hospitais psiquiátricos do Estado de São Paulo	1	284	2009-10-28 17:56:52.103744	2	2009-10-28 17:56:52.103744	2
273	Ampliar a cobertura de leitos psiquiátricos em hospital geral para o acolhimento de situações de crise, urgências e emergências em saúde mental	1	285	2009-10-28 17:58:10.704465	2	2009-10-28 17:58:10.704465	2
274	Ampliar o acesso de egressos do sistema penitenciário e Casas de Custódia e Tratamento à rede de atenção à saúde mental	1	286	2009-10-28 17:59:33.539794	2	2009-10-28 17:59:33.539794	2
275	Identificar as condições técnico-assistenciais dos hospitais psiquiátricos e contribuir para sua melhoria	1	287	2009-10-28 18:00:40.707317	2	2009-10-28 18:00:40.707317	2
276	Melhorar a atenção e resolubilidade das ações realizadas pelos CAPS, por meio da qualificação do trabalho das equipes	1	288	2009-10-28 18:02:07.911822	2	2009-10-28 18:02:07.911822	2
277	Garantir a divulgação e implementação e das diretrizes estabelecidas para a atenção à saúde mental da população do Estado de São Paulo	1	289	2009-10-28 18:03:59.515261	2	2009-10-28 18:03:59.515261	2
278	Possibilitar espaço de trocas, discussão e consolidação das diretrizes da Política Estadual de Saúde Mental com os vários atores e segmentos envolvidos	1	290	2009-10-28 18:05:09.24165	2	2009-10-28 18:05:09.24165	2
\.


--
-- TOC entry 2031 (class 0 OID 26002)
-- Dependencies: 1572
-- Data for Name: objetivos_programa; Type: TABLE DATA; Schema: public; Owner: postgres
--

COPY objetivos_programa (id, descricao, programa_id) FROM stdin;
1	buscar o aprimoramento da capacidade de gestão estadual do sistema de saúde, fortalecendo: a atenção básica na coordenação do sistema, o planejamento e a programação baseada em informação e participação.	3
2	Garantir o acesso adequado à assistência farmacêutica, de modo a contemplar os diferentes Programas, promovendo uso racional e controlado de medicamentos e promover a ampliação da produção de vacinas e soros e a incorporação de novas tecnologias na produção de imunobiólogicos, biofármacos e hemoderivados	5
3	1 - Desenvolver estratégias e políticas de desenvolvimento e qualificação profissional;	6
4	2 – Desenvolver alternativas mais flexíveis para a gestão de pessoal da administração direta possibilitando ao estado uma resposta mais ágil em termos de seleção, admissão, avaliação, remuneração e profissionalização;	6
5	3 – Geração e disseminação do conhecimento e de estímulo à inovação na área de gestão de pessoas/RH, visando o fortalecimento da capacidade institucional da CRH e da SES/SP.	6
6	Implantar e implementar serviços de saúde da rede própria, segundo os diagnósticos das necessidades regionais, utilizando-se de estratégias que visem qualificar a assistência e a gestão destes serviços, oferecendo serviços eficientes e humanizados.	7
7	Promover a gestão e o desenvolvimento da ciência, tecnologia e inovação, na Secretaria de Estado da Saúde, a fim de garantir a produção do conhecimento científico e tecnológico de interesse no âmbito do SUS/SP, em consonância com a política nacional de C&T em Saúde.	8
8	Exercer a vigilância e controle de riscos, doenças e agravos prioritários do estado de São Paulo	9
9	Promover a equidade na atenção à saúde por meio da adequação da oferta às necessidades de saúde e da ampliação do acesso do usuário às políticas setoriais especialmente aquelas voltadas para mulheres, crianças, idosos, pessoas com deficiência, trabalhadores, saúde mental e populações em situação de desigualdade por fatores genéticos ou por condicionantes de exclusão social.	10
10	Estabelecer a política estadual de promoção de saúde	11
11	Fortalecimento da participação da comunidade e do controle social na gestão do SUS.	12
\.


--
-- TOC entry 2032 (class 0 OID 26011)
-- Dependencies: 1574
-- Data for Name: objetivos_projeto; Type: TABLE DATA; Schema: public; Owner: postgres
--

COPY objetivos_projeto (id, descricao, projeto_id) FROM stdin;
1	Apoiar os municípios no fortalecimento da Atenção Básica, monitoramento e avaliação	1
2	Disseminar informação com qualidade e agilidade utilizando-se  de recursos informatizados	2
3	Garantir o abastecimento de vacinas e soros hiperimunes para o PNI	4
4	Possibilitar a incorporação de experiências inovadoras na área de gestão de pessoas e disseminação do conhecimento, com vistas a potencializar as competências organizacionais e gerenciais institucionalizando ações que integrem processos e projetos/ subprojetos.	5
5	Desenvolvimento de ações baseadas em  Competências para dar sustentação ao processo de certificação Ocupacional	6
6	Fortalecer o planejamento e a programação como funções essenciais da SES na gestão estadual do sistema, com ênfase na  regionalização.	7
7	Estabelecer sistema contínuo de avaliação e monitoramento das ações do SUS/SP	8
8	Reduzir a mortalidade infantil e a mortalidade materna nos DRS de Sorocaba, Baixada Santista, Taubaté, Bauru e Registro	9
9	Elaborar o instrumento de acompanhamento e fluxo das linhas de cuidado / Avaliar o cumprimento da programação da PPI nas linhas de cuidado	10
10	Monitorar o desempenho das instituições participantes do programa	11
11	Contratar e manter atualizados os contratos de prestação de serviços de saúde, processar a produção ambulatorial e hospitalar e manter seus cadastros de estabelecimentos e de profissionais atualizados e com qualidade na informação.	12
12	Manter e ampliar as ações de auditoria do Grupo Normativo de Auditoria e Controle de Saude – GNACS, Componente Estadual do Sistema Nacional de Auditoria - SNA	13
13	Organizar a Assistência de Média e Alta Complexidade de acordo com as diretrizes aprovadas	14
14	Monitorar o desempenho das redes de Alta Complexidade implantadas	15
15	Monitoramento das metas pactuadas em contrato para os Hospitais de Ensino,	16
16	Monitoramento dos Hospitais de Pequeno Porte e Definição de Política específica	17
17	Acompanhar as metas fixadas em contrato	18
18	Monitoramento do desempenho das redes de Alta Complexidade implantadas	19
19	Redução de filas de espera para exames de mamografia / Realização de Exames de USG para diagnóstico precoce de mulheres com resultados BI_RADIS 0 e 3 de mamografia.	20
22	Implementar a Política de Regulação no Estado de São Paulo	23
23	Promover e garantir o acesso adequado aos medicamentos necessários à Atenção Básica	24
24	Garantia de acesso com qualidade e segurança, aos medicamentos de dispensação excepcional	25
25	Reorganização e melhoria da qualidade da assistência hemoterápica	27
26	Difundir conhecimentos produzidos no SUS-SP	29
27	1)Humanizar os serviços de saúde através de práticas que agreguem valor à assistência, visando integralidade, equidade e universalidade.	30
28	2)Ampliar o acesso.	30
29	3)Garantir os direitos dos usuários na obtenção de uma assistência integral e individualizada com qualidade.	30
30	Melhorar a qualidade e eficiência dos serviços próprios implantando novas sistemáticas de gerenciamento de serviços de suprimentos, manutenção predial, serviços de apoio diagnóstico e terapêutico, recursos humanos e sistema de avaliação e acompanhamento das atividades assistenciais e execução financeira através da WEB.	31
31	1) Ampliar e modernizar o parque de equipamentos médico hospitalar.	32
32	2) Recuperar e ampliar as estruturas físicas.	32
33	3) Ampliar leitos para UTI de crônicos.	32
34	Implementar a Política de Humanização da Atenção e Gestão do SUS ( DRS, Municípios e Hospitais Públicos.	33
35	Produção e disseminação de informações e estudos acerca da força de trabalho e qualidade de vida em saúde na SES/SP e no SUS no Estado de São Paulo, como suporte e subsidio à formulação de políticas e diretrizes para a gestão do trabalho; propor instrumentos de gestão em RH e qualidade de vida para o SUS no Estado de São Paulo	34
36	1: propiciar acesso às informações em RH relativas aos servidores da SES; realizar e disponibilizar análises acerca de RH no SUS e na SES	35
37	Formular propostas de contratação e instrumentos de gestão que auxiliem a gestão de recursos humanos na atenção básica nos municípios paulistas	36
38	Gerar informação/conhecimento em RH na SES e no SUS com intuito de subsidiar a política de Recursos Humanos no Estado de São Paulo	37
39	Assegurar boas condições de trabalho aos servidores da SES; fortalecer ações em Qualidade de Vida no trabalho; otimização das funções próprias de COMSAT e SESMT nas unidades da SES; ampliar ações de atenção ao trabalhador em processo de adoecimento	38
40	Desenvolver e implementar instrumentos de gestão de Recursos Humanos na SES/SP permitindo maior profissionalização da gestão, agilidade nos processos administrativos e compensação do trabalho mais adequada.	39
41	Assegurar boas condições de trabalho aos servidores da SES; fortalecer ações em Qualidade de Vida no trabalho; otimização das funções próprias de COMSAT e SESMT nas unidades da SES; ampliar ações de atenção ao trabalhador em processo de adoecimento	40
42	Desenvolver e implementar instrumentos de gestão de Recursos Humanos na SES/SP permitindo maior profissionalização da gestão, agilidade nos processos administrativos e compensação do trabalho mais adequada.	41
43	Implantar carreira de Gestor de Saúde na SES	42
44	Agilizar os expedientes relativos à ratificação de tempo de contribuição	43
45	Melhorar o desempenho das unidades da SES; Desenvolver novas formas de remuneração condicionadas à avaliação de desempenho individual e institucional.	44
46	Implementar a Educação Permanente no SUS-SP, estimulando a estruturação dos Planos Regionais de Educação Permanente, direcionados a todas as categorias profissionais, fortalecendo a capacidade de articulação  e desenvolvimento de propostas loco-regionais e do nível central da SES. Pretende ainda, avaliar os resultados dos processos educacionais implementados e ampliar o acesso através da implantação de sistemas de educação à distância.	45
47	Implementar a Educação Permanente no SUS-SP, estimulando a estruturação dos Planos Regionais de Educação Permanente, direcionados a todas as categorias profissionais, fortalecendo a capacidade de articulação  e desenvolvimento de propostas loco-regionais e do nível central da SES. Pretende ainda, avaliar os resultados dos processos educacionais implementados e ampliar o acesso através da implantação de sistemas de educação à distância.	46
48	Apoiar a expansão da Política de EP nas regiões de DRS e colegiados	47
49	Capacitar em metodologias ativas de ensino os técnicos da gestão envolvidos em atividades de docência	48
50	Implantar base tecnológica para EAD na SES/SP, articulada a rede de escolas de governo do estado, bem como ao ProjetoTelesaúde  (Ministério da Saúde) e definir plataforma de trabalho para EAD	49
51	Desenvolver curso de pós-graduação para 400 gestores (estaduais e municipais)	50
52	Qualificar os trabalhadores de nível básico e médio no âmbito do SUSSP	51
53	Habilitar como Técnico de Enfermagem os Auxiliares de  Enfermagem, que atuam em todos os níveis de assistência.	52
54	Habilitar como Técnico de Enfermagem os Auxiliares de  Enfermagem, que atuam em todos os níveis de assistência.	53
55	Apoiar a área de Atenção Básica da SES na implementação de ações de monitoramento , avaliação e melhoria da gestão municipal da atenção básica, bem como na melhoria da gestão do trabalho e na qualificação das equipes municipais	54
56	Desenvolvimento e implementação propostas de qualificação para gestores e enfermeiros da atenção básica	55
57	Subsidiar o aperfeiçoamento  e a incorporação de inovações na política de financiamento de bolsas e na gestão dos programas de residência médica financiados pela SES, orientando a distribuição de bolsas  a necessidade de especialistas identificada pelos gestores do SUS e avaliando melhor os programas em atividade.	56
58	Subsidiar o aperfeiçoamento  e a incorporação de inovações na política de financiamento de bolsas e na gestão dos programas de residência médica financiados pela SES, orientando a distribuição de bolsas  a necessidade de especialistas identificada pelos gestores do SUS e avaliando melhor os programas em atividade.	57
77	Realizar avaliação de funcionamento e estrutura de 10 instituições, em programas prioritários, bem o avalaira a possibilidade de ações integradas e complementares entre eles	58
78	Aprimorar as ações de vigilância e controle das doenças transmissíveis	65
79	Manter sob controle as doenças imunopreveníveis	66
80	Ampliar a implantação do sistema de vigilância das infecções hospitalares (IHs)	67
81	Aprimorar o diagnóstico etiológico das meningites bacterianas e virais	68
82	Identificar surtos de doenças transmitidas por água e alimentos (DTA) visando a adoção de medidas oportunas de prevenção e controle	69
83	Controle das Antropozoonoses	70
84	Reduzir a Morbimortalidade da Tuberculose	71
85	Eliminar a hanseníase em todas as regiões do estado aprimorando a capacidade de diagnóstico e tratamento	72
86	1 - Reduzir a morbimortalidade do HIV/Aids e das hepatites virais e a transmissão de outras DSTs;	73
87	2 - Ampliar oferta de testagem e aconselhamento para hepatites virais nas UBS	73
88	Ampliar as ações de vigilância epidemiológica com respeito às informações que subsidiem políticas públicas para diminuir a morbimortalidade por causas externas	74
89	Controlar o risco sanitário decorrente das atividades fabris, de comércio, armazenamento, transporte e\ncirculação de produtos de interesse da saúde; da prestação de serviços de saúde; dos equipamentos e da prestação de serviços de\ninteresse da saúde	75
90	Monitorar a qualidade da prestação de Serviços Hemoterápicos	76
91	Monitorar a qualidade da prestação de serviços de saúde e de interesse de saúde sob a competência da vigilância sanitária	77
92	Monitorar a qualidade dos produtos de interesse da saúde fabricados, importados, comercializados,\narmazenados, distribuídos, transportados e manipulados no estado de São Paulo	78
93	Controlar o risco sanitário dos eventos toxicológicos	79
94	Implementar a vigilância ambiental no SUS/SP	80
95	Reorganizar e aprimorar a rede laboratorial de Saúde Pública para atender a área de controle de doenças e demais ações de\nsaúde pública necessários para o SUS/SP	81
96	Implementar a vigilância ambiental no SUS/SP	82
97	Reorganizar e aprimorar a rede laboratorial de Saúde Pública para atender a área de controle de doenças e demais ações de\nsaúde pública necessários para o SUS/SP	83
98	Reorganizar e aprimorar a rede laboratorial do IAL para atender a área de controle de doenças e demais ações de saúde pública necessários para o SUS/SP	84
99	Atender a demandas de investigação da vigilância epidemiológica	85
100	Implantar a certificação de coleções de microorganismos no Instituto Adolfo Lutz	86
101	Ampliar o acesso da população aos serviços de saúde bucal.	87
102	Ampliar o acesso e a resolutividade da atenção à saúde da pessoa com deficiência no SUS, promovendo a sua inclusão social.	90
103	Estruturar a rede de assistência integral à saúde de usuários de álcool e outras drogas	91
104	Garantir atenção integral à saúde mental da população em serviços da rede extra-hospitalar	92
105	Promover a produção de conhecimento científico aplicável ao campo da saúde no âmbito do SUS/SP	95
107	Estruturar as instituições para aumentar seu potencial inovador e capacitar as instituições envolvidas no desenho de estratégias de inovação tecnológica alinhados com a estratégia institucional e com as oportunidades oferecidas pelo sistema de CT&I brasileiro	96
108	Fortalecer o desenvolvimento de parcerias com a finalidade de  incrementar a produção de conhecimento científico aplicável ao campo da saúde no âmbito do SUS/SP	97
109	Divulgar a produção de conhecimento técnico e  científico em saúde realizada pela SES-SP e apoiar o desenvolvimento da CT&I na Instituição.	98
110	Reduzir as desigualdades e iniqüidades na atenção integral à saúde indígena	99
111	Aperfeiçoar a atenção integral à saúde da Mulher	100
112	Desenvolver estratégias para facilitar a implantação da política de atenção integral à saúde da população negra.	101
113	.	102
114	Aperfeiçoamento da atenção à saúde da população do sistema penitenciário e dos adolescentes em conflito com a lei	103
115	Reduzir a morbimortalidade dos trabalhadores do Estado de São Paulo	104
116	Implantar a Política Estadual de Saúde do Adulto, voltado para o monitoramente e controle da , Diabetes, Hipertensão e medidas de intervenção sobre os fatores de risco	107
117	Implantar a Política Estadual de Saúde do Adulto, voltado para o monitoramente e controle da , Diabetes, Hipertensão e medidas de intervenção sobre os fatores de risco	108
118	Incrementar o poder técnico e político das comunidades em relação à promoção de saúde	109
119	desenvolver e apoiar ações intra e inter-setoriais de promoção de alimentação saudável	110
120	Qualificar a participação social na Gestão do Sistema, a partir da avaliação de diferentes mecanismos de participação popular nos processos de gestão do SUS, tais como os Conselhos de Saúde, garantindo sua consolidação enquanto conquista, para possibilitar resultados expressivos e duradouros	111
121	Fortalecer as Ouvidorias do SUS-SP, como mecanismo de participação da População	112
122	Intervenção sobre os processos produtivos  para a redução de riscos à saúde	113
\.


--
-- TOC entry 2044 (class 0 OID 26358)
-- Dependencies: 1600
-- Data for Name: operacoes; Type: TABLE DATA; Schema: public; Owner: planejamento
--

COPY operacoes (id, descricao, metas_acao_id, situacao_id, inclusao_data, inclusao_usuario_id, alteracao_data, alteracao_usuario_id) FROM stdin;
1	teste	1	1	2009-10-28 23:17:27.31722	2	2009-10-28 23:17:27.31722	2
\.


--
-- TOC entry 2033 (class 0 OID 26019)
-- Dependencies: 1576
-- Data for Name: paginas; Type: TABLE DATA; Schema: public; Owner: postgres
--

COPY paginas (id, descricao, pagina, acao) FROM stdin;
3	manutenção de programas	programas	
4	listagem de programas	pqp	xx
5	Gerenciar Usuários	usuarios	
6	Gerenciar Projetos	projetos	
\.


--
-- TOC entry 2034 (class 0 OID 26027)
-- Dependencies: 1578
-- Data for Name: parcerias_acao; Type: TABLE DATA; Schema: public; Owner: postgres
--

COPY parcerias_acao (id, descricao, situacao_id, acao_id, inclusao_data, inclusao_usuario_id, alteracao_data, alteracao_usuario_id) FROM stdin;
1	CRS e CRH	1	1	2009-10-22 20:36:26.127882	2	2009-10-22 20:36:26.127882	2
2	CRH	1	2	2009-10-23 13:57:06.195435	2	2009-10-23 13:57:06.195435	2
3	CRS	1	2	2009-10-23 13:57:15.10278	2	2009-10-23 13:57:15.10278	2
4	GTAE	1	2	2009-10-23 13:57:19.054637	2	2009-10-23 13:57:19.054637	2
5	CRH	1	3	2009-10-23 14:01:39.726984	2	2009-10-23 14:01:39.726984	2
6	CRS	1	3	2009-10-23 14:01:44.608251	2	2009-10-23 14:01:44.608251	2
7	Assessoria gabinete	1	3	2009-10-23 14:01:49.012334	2	2009-10-23 14:01:49.012334	2
8	SES/MS e Instituto de Saúde	1	3	2009-10-26 14:27:38.449235	2	2009-10-26 14:27:38.449235	2
9	CRH e Universidades	1	4	2009-10-26 14:31:17.663674	2	2009-10-26 14:31:17.663674	2
10	CRH	1	5	2009-10-26 15:00:57.163779	2	2009-10-26 15:00:57.163779	2
11	Universidades\nAMES\nCPS - PPI	1	5	2009-10-26 15:01:01.883203	2	2009-10-26 15:01:01.883203	2
12	CONASS\nSanta Casa\nOPAS	1	6	2009-10-26 15:04:18.290207	2	2009-10-26 15:04:18.290207	2
13	Ministério, CRS	1	7	2009-10-26 15:21:25.603966	2	2009-10-26 15:21:25.603966	2
14	CONASS	1	8	2009-10-26 15:25:02.928481	2	2009-10-26 15:25:02.928481	2
15	Ano009	1	9	2009-10-26 16:00:30.086507	2	2009-10-26 16:00:30.086507	2
16	CDQ, CGR E COSEMS	1	10	2009-10-26 16:02:55.970185	2	2009-10-26 16:02:55.970185	2
17	Fundação Faculdade de Medicina	1	11	2009-10-26 16:10:40.056375	2	2009-10-26 16:10:40.056375	2
18	Conselho Federal de Medicina	1	12	2009-10-26 16:16:17.178828	2	2009-10-26 16:16:17.178828	2
19	Imprensa Oficial para os certificados digitais	1	12	2009-10-26 16:16:30.923136	2	2009-10-26 16:16:30.923136	2
20	Ministério da Saúde; USP – Laboratório de Sistemas Integráveis	1	13	2009-10-26 16:22:02.038042	2	2009-10-26 16:22:02.038042	2
21	Fundação Faculdade de Medicina	1	14	2009-10-26 16:27:17.114526	2	2009-10-26 16:27:17.114526	2
22	Empresas fornecedoras de produtos para portal;	1	16	2009-10-26 16:30:40.088546	2	2009-10-26 16:30:40.088546	2
23	Unifesp	1	18	2009-10-26 16:33:21.838737	2	2009-10-26 16:33:21.838737	2
24	USP	1	18	2009-10-26 16:33:33.104411	2	2009-10-26 16:33:33.104411	2
25	Microsoft	1	19	2009-10-26 16:36:58.790552	2	2009-10-26 16:36:58.790552	2
26	Fundação Faculdade de Medicina	1	20	2009-10-26 16:38:50.844562	2	2009-10-26 16:38:50.844562	2
27	OPAS, CONASS, COSEMS, MS	1	21	2009-10-26 17:06:07.137633	2	2009-10-26 17:06:07.137633	2
28	Consultorias	1	22	2009-10-26 17:08:37.112499	2	2009-10-26 17:08:37.112499	2
29	Universidades, OPAS, CONASS, COSEMS.	1	23	2009-10-26 17:11:45.366666	2	2009-10-26 17:11:45.366666	2
30	SEPLAN	1	24	2009-10-26 17:15:06.271597	2	2009-10-26 17:15:06.271597	2
31	.	1	25	2009-10-26 17:17:18.616122	2	2009-10-26 17:17:18.616122	2
32	COSEMS	1	26	2009-10-26 17:18:53.17205	2	2009-10-26 17:18:53.17205	2
33	CONASS, MS, Universidades, COSEMS	1	27	2009-10-26 17:24:12.865565	2	2009-10-26 17:24:12.865565	2
34	COSEMS	1	28	2009-10-26 17:26:33.394299	2	2009-10-26 17:26:33.394299	2
35	MS, CONASS, COSEMS, OPAS, universidades	1	29	2009-10-26 17:29:59.0872	2	2009-10-26 17:29:59.0872	2
36	MS, CONASS, COSEMS, OPAS, universidades	1	30	2009-10-26 17:32:12.559955	2	2009-10-26 17:32:12.559955	2
37	MS, CONASS, COSEMS, OPAS, universidades	1	31	2009-10-26 17:34:16.863564	2	2009-10-26 17:34:16.863564	2
38	-.-	1	32	2009-10-26 17:36:55.041711	2	2009-10-26 17:36:55.041711	2
39	Universidades \nparceiras	1	33	2009-10-26 17:39:03.319299	2	2009-10-26 17:39:03.319299	2
40	.	1	34	2009-10-26 17:40:53.438913	2	2009-10-26 17:40:53.438913	2
41	FSEADE, FUNDAP	1	35	2009-10-26 17:42:33.909204	2	2009-10-26 17:42:33.909204	2
42	-.-	1	36	2009-10-26 17:44:40.673606	2	2009-10-26 17:44:40.673606	2
43	.	1	37	2009-10-26 17:46:20.767293	2	2009-10-26 17:46:20.767293	2
44	.	1	38	2009-10-26 17:48:56.974003	2	2009-10-26 17:48:56.974003	2
45	Hospital Samaritano	1	39	2009-10-26 17:50:29.591522	2	2009-10-26 17:50:29.591522	2
46	Centro de Estudos Leopoldo  Ayrosa Galvão	1	40	2009-10-26 17:52:46.376425	2	2009-10-26 17:52:46.376425	2
47	OPAS	1	41	2009-10-26 17:54:20.767851	2	2009-10-26 17:54:20.767851	2
48	.	1	42	2009-10-26 17:56:49.762288	2	2009-10-26 17:56:49.762288	2
49	COSEMS	1	44	2009-10-26 19:17:46.272908	2	2009-10-26 19:17:46.272908	2
50	COSEMS	1	44	2009-10-26 19:48:58.921254	2	2009-10-26 19:48:58.921254	2
51	Município	1	48	2009-10-26 21:24:06.580636	2	2009-10-26 21:24:06.580636	2
52	DATASUS	1	50	2009-10-26 21:26:29.4052	2	2009-10-26 21:26:29.4052	2
53	DATASUS / MS	1	51	2009-10-26 21:27:28.713438	2	2009-10-26 21:27:28.713438	2
54	DENASUS	1	52	2009-10-26 21:28:33.516492	2	2009-10-26 21:28:33.516492	2
55	COSEMS	1	62	2009-10-27 08:36:35.456021	2	2009-10-27 08:36:35.456021	2
56	ANS	1	67	2009-10-27 08:43:18.874889	2	2009-10-27 08:43:18.874889	2
57	FEHOSP / COSEMS	1	70	2009-10-27 08:47:10.958413	2	2009-10-27 08:47:10.958413	2
58	FOSP	1	75	2009-10-27 08:52:53.217986	2	2009-10-27 08:52:53.217986	2
59	COSEMS	1	76	2009-10-27 08:54:09.214936	2	2009-10-27 08:54:09.214936	2
60	COSEMS	1	77	2009-10-27 08:55:56.059898	2	2009-10-27 08:55:56.059898	2
61	Ministério da Saúde	1	81	2009-10-27 09:01:28.40353	2	2009-10-27 09:01:28.40353	2
62	Ministério da Saúde	1	83	2009-10-27 09:03:20.420813	2	2009-10-27 09:03:20.420813	2
63	Gesaworld	1	87	2009-10-27 09:15:06.490971	2	2009-10-27 09:15:06.490971	2
64	Universidades, Instituições de Pesquisa, Agências de Fomento, DECIT/MS	1	94	2009-10-27 09:25:59.289406	2	2009-10-27 09:25:59.289406	2
65	Universidades, Instituições de Pesquisa, Agências de Fomento, DECIT/MS	1	95	2009-10-27 09:28:11.884931	2	2009-10-27 09:28:11.884931	2
66	Universidades, Instituições de Pesquisa, Agências de Fomento, DECIT/MS	1	97	2009-10-27 09:33:00.365945	2	2009-10-27 09:33:00.365945	2
67	CGR	1	101	2009-10-27 09:38:56.57134	2	2009-10-27 09:38:56.57134	2
68	Grupo Bipartite de Odontologia/\nCIB e FOSP.	1	103	2009-10-27 09:41:31.292609	2	2009-10-27 09:41:31.292609	2
69	Grupo Bipartite de Odontologia/\nCIB e FOSP.	1	104	2009-10-27 09:42:33.496561	2	2009-10-27 09:42:33.496561	2
70	CGR	1	105	2009-10-27 09:44:00.215278	2	2009-10-27 09:44:00.215278	2
71	CGR.	1	106	2009-10-27 09:45:02.324802	2	2009-10-27 09:45:02.324802	2
72	Faculdade de Saúde Pública – USP, Colegiados de Gestão Regional.	1	108	2009-10-27 09:47:11.75273	2	2009-10-27 09:47:11.75273	2
73	Grupo Bipartite de Odontologia/\nCIB E CGR.	1	110	2009-10-27 09:49:23.683834	2	2009-10-27 09:49:23.683834	2
74	Sabesp, CGR e municípios.	1	111	2009-10-27 09:50:48.1083	2	2009-10-27 09:50:48.1083	2
75	Universidades e COSEMS	1	114	2009-10-27 10:09:17.904053	2	2009-10-27 10:09:17.904053	2
76	Universidades e COSEMS	1	115	2009-10-27 10:10:29.653193	2	2009-10-27 10:10:29.653193	2
77	DMR, HC	1	128	2009-10-27 10:24:32.2808	2	2009-10-27 10:24:32.2808	2
78	DMR, HC	1	129	2009-10-27 10:26:15.861012	2	2009-10-27 10:26:15.861012	2
79	Municípios, CGR, GTAE, CDQ.	1	130	2009-10-27 10:27:41.417652	2	2009-10-27 10:27:41.417652	2
80	PUC, UNIFESP	1	131	2009-10-27 10:28:41.276118	2	2009-10-27 10:28:41.276118	2
81	Instituto Brasileiro de Estudos e Apoio Comunitário	1	132	2009-10-27 10:29:37.818986	2	2009-10-27 10:29:37.818986	2
82	CGR	1	133	2009-10-27 10:31:10.231528	2	2009-10-27 10:31:10.231528	2
83	CGR	1	134	2009-10-27 10:32:25.216379	2	2009-10-27 10:32:25.216379	2
84	Municípios\n CGR	1	135	2009-10-27 10:51:08.527091	2	2009-10-27 10:51:08.527091	2
85	Faculdade de Medicina de Ribeirão Preto	1	136	2009-10-27 10:52:23.276664	2	2009-10-27 10:52:23.276664	2
86	OSS\nMunicípios\nSantas Casas\nCGR	1	137	2009-10-27 10:54:13.765776	2	2009-10-27 10:54:13.765776	2
87	Universidade USP/SP/RP	1	138	2009-10-27 10:55:19.938024	2	2009-10-27 10:55:19.938024	2
88	Secretarias da Justiça, Educação, desenvolvimento e Assistência Social, Habitação, Previdência Social, Trabalho e Cultura e Direitos Humanos. Organizações não governamentais.	1	139	2009-10-27 10:56:23.976265	2	2009-10-27 10:56:23.976265	2
89	Municípios\nCOSEMS/SP\nCIB	1	140	2009-10-27 10:57:48.971119	2	2009-10-27 10:57:48.971119	2
90	Municípios\nCOSEMS/SP\nCIB	1	141	2009-10-27 10:58:51.026216	2	2009-10-27 10:58:51.026216	2
91	Assessoria de Saúde indígena (ASIN) FUNASA-CORE/SP, Conselho Estadual dos Povos Indígenas (CEPI), Comitê Intersetorial de Assuntos Indígena (CIAI) FUNAI	1	144	2009-10-27 11:02:21.948214	2	2009-10-27 11:02:21.948214	2
92	COSEMS, ASIN, FUNAI,  Ministério Público Federal, CEPI  e CIAI , ONG.	1	145	2009-10-27 11:03:30.632152	2	2009-10-27 11:03:30.632152	2
93	MPF,ASIN, FUNAI,MS,CEPI,ONG,Universidade COSEMS, Conselho de Saúde Indígena.	1	146	2009-10-27 11:04:31.393763	2	2009-10-27 11:04:31.393763	2
94	Técnico do GTAE, Vigilância Epidemiológica,\ne outras áreas que se fizerem necessárias para a pauta da reunião.	1	147	2009-10-27 11:05:48.450968	2	2009-10-27 11:05:48.450968	2
95	Hemocentros,\nMinistério Da Saúde\nUSP,UNICAMP,UNIFESP \nFund.A. V.Carvalho\nFiocruz\nFund.Ataulfo De Paiva\nH.I. Albert Einstein\nBNDES	1	166	2009-10-28 10:15:08.784713	2	2009-10-28 10:15:08.784713	2
96	.	1	167	2009-10-28 10:17:35.84023	2	2009-10-28 10:17:35.84023	2
97	.	1	168	2009-10-28 10:25:43.530614	2	2009-10-28 10:25:43.530614	2
98	FURP	1	169	2009-10-28 10:31:54.061766	2	2009-10-28 10:31:54.061766	2
99	COSEMS	1	169	2009-10-28 10:32:02.074169	2	2009-10-28 10:32:02.074169	2
100	CIB	1	169	2009-10-28 10:32:12.282221	2	2009-10-28 10:32:12.282221	2
101	M.S.	1	169	2009-10-28 10:32:20.845973	2	2009-10-28 10:32:20.845973	2
102	CIB	1	170	2009-10-28 10:34:53.99422	2	2009-10-28 10:34:53.99422	2
103	MS	1	170	2009-10-28 10:35:01.020045	2	2009-10-28 10:35:01.020045	2
104	FURP	1	170	2009-10-28 10:35:12.064143	2	2009-10-28 10:35:12.064143	2
105	COSEMS	1	171	2009-10-28 10:37:03.042639	2	2009-10-28 10:37:03.042639	2
106	FURP	1	171	2009-10-28 10:37:11.43461	2	2009-10-28 10:37:11.43461	2
107	Universidades	1	172	2009-10-28 10:39:35.411149	2	2009-10-28 10:39:35.411149	2
108	Ministério da Saúde	1	173	2009-10-28 10:41:04.086017	2	2009-10-28 10:41:04.086017	2
109	Universidades	1	173	2009-10-28 10:41:12.613577	2	2009-10-28 10:41:12.613577	2
110	Prodesp	1	173	2009-10-28 10:41:22.376249	2	2009-10-28 10:41:22.376249	2
111	FFM/USP	1	173	2009-10-28 10:41:29.809861	2	2009-10-28 10:41:29.809861	2
112	Ministério da Saúde	1	174	2009-10-28 10:43:35.340977	2	2009-10-28 10:43:35.340977	2
113	FFM/USP	1	174	2009-10-28 10:43:42.516476	2	2009-10-28 10:43:42.516476	2
114	MS	1	175	2009-10-28 10:46:13.325922	2	2009-10-28 10:46:13.325922	2
115	CRH	1	176	2009-10-28 10:49:00.470733	2	2009-10-28 10:49:00.470733	2
116	CRS	1	176	2009-10-28 10:49:10.474049	2	2009-10-28 10:49:10.474049	2
117	COSEMS/SP	1	177	2009-10-28 10:51:28.061439	2	2009-10-28 10:51:28.061439	2
118	Hemocentros	1	178	2009-10-28 10:53:18.650641	2	2009-10-28 10:53:18.650641	2
119	Hemonúcleos	1	178	2009-10-28 10:53:26.211692	2	2009-10-28 10:53:26.211692	2
120	Hemocentros	1	179	2009-10-28 10:55:51.277139	2	2009-10-28 10:55:51.277139	2
121	Hemonúcleos	1	179	2009-10-28 10:55:59.751242	2	2009-10-28 10:55:59.751242	2
122	Serviços assistenciais	1	179	2009-10-28 10:56:08.710345	2	2009-10-28 10:56:08.710345	2
123	.	1	180	2009-10-28 10:57:48.879844	2	2009-10-28 10:57:48.879844	2
124	.	1	181	2009-10-28 10:59:44.924528	2	2009-10-28 10:59:44.924528	2
125	FAPESP	1	182	2009-10-28 11:01:11.601045	2	2009-10-28 11:01:11.601045	2
126	CNPQ	1	182	2009-10-28 11:01:25.352831	2	2009-10-28 11:01:25.352831	2
127	MS	1	182	2009-10-28 11:01:43.131749	2	2009-10-28 11:01:43.131749	2
128	Áreas da CRH	1	183	2009-10-28 11:07:14.148271	2	2009-10-28 11:07:14.148271	2
129	Apoiar à construção do POA 2009 – programa V	1	183	2009-10-28 11:07:49.84432	2	2009-10-28 11:07:49.84432	2
130	Áreas da CRH	1	184	2009-10-28 11:12:27.809538	2	2009-10-28 11:12:27.809538	2
131	Secretaria de Gestão Pública	1	185	2009-10-28 11:15:02.234263	2	2009-10-28 11:15:02.234263	2
132	.	1	186	2009-10-28 11:16:23.017922	2	2009-10-28 11:16:23.017922	2
133	Parceria Externa	1	187	2009-10-28 11:22:16.86337	2	2009-10-28 11:22:16.86337	2
134	Coordenadorias da SES, ObservaRHSP, Secretaria de Gestão Pública e demais agentes externos	1	188	2009-10-28 12:22:26.85468	2	2009-10-28 12:22:26.85468	2
135	Coordenadorias da SES, ObservaRHSP, Secretaria de Gestão Pública e demais agentes externos	1	189	2009-10-28 12:24:42.889693	2	2009-10-28 12:24:42.889693	2
136	Áreas da CRH, Coordenadorias da SES e agentes externos	1	190	2009-10-28 12:26:53.011861	2	2009-10-28 12:26:53.011861	2
137	CSS e parceiros externos	1	191	2009-10-28 12:29:09.594274	2	2009-10-28 12:29:09.594274	2
138	Secretaria de Gestão Pública, CRS CSS e certificadora	1	192	2009-10-28 12:30:36.98228	2	2009-10-28 12:30:36.98228	2
139	CRS e CSS	1	193	2009-10-28 12:32:00.539255	2	2009-10-28 12:32:00.539255	2
140	PNH/MS\nUSP	1	194	2009-10-28 12:35:17.583109	2	2009-10-28 12:35:17.583109	2
141	.	1	195	2009-10-28 12:37:50.70404	2	2009-10-28 12:37:50.70404	2
142	PNH/MS	1	196	2009-10-28 12:39:59.81108	2	2009-10-28 12:39:59.81108	2
143	USP	1	196	2009-10-28 12:40:15.35661	2	2009-10-28 12:40:15.35661	2
144	PNH/MS	1	197	2009-10-28 12:42:26.449373	2	2009-10-28 12:42:26.449373	2
145	PNH/MSe outros	1	198	2009-10-28 13:04:26.356952	2	2009-10-28 13:04:26.356952	2
146	PNH/MS\ne outros	1	199	2009-10-28 13:07:58.125733	2	2009-10-28 13:07:58.125733	2
147	PNH/MS\nEscola do Futuro da USP	1	200	2009-10-28 13:12:51.740856	2	2009-10-28 13:12:51.740856	2
148	.	1	201	2009-10-28 13:17:24.14866	2	2009-10-28 13:17:24.14866	2
149	Assessoria de Comunicação	1	202	2009-10-28 13:21:09.943771	2	2009-10-28 13:21:09.943771	2
150	CSS e CRS	1	203	2009-10-28 13:27:01.299187	2	2009-10-28 13:27:01.299187	2
151	CPS – atenção básica; COSEMS	1	204	2009-10-28 13:29:13.676428	2	2009-10-28 13:29:13.676428	2
152	CPS – atenção básica; COSEMS	1	205	2009-10-28 13:31:18.009698	2	2009-10-28 13:31:18.009698	2
153	.	1	206	2009-10-28 13:33:29.73843	2	2009-10-28 13:33:29.73843	2
154	.	1	207	2009-10-28 13:34:49.338138	2	2009-10-28 13:34:49.338138	2
155	CPS	1	208	2009-10-28 13:36:54.489805	2	2009-10-28 13:36:54.489805	2
156	.	1	209	2009-10-28 13:39:04.702674	2	2009-10-28 13:39:04.702674	2
157	CRS; ObservaRHSP e Residência Médica	1	210	2009-10-28 13:40:20.65497	2	2009-10-28 13:40:20.65497	2
158	DRS, SMS, CMS	1	211	2009-10-28 13:48:37.627274	2	2009-10-28 13:48:37.627274	2
159	BIREME	1	213	2009-10-28 13:52:18.547721	2	2009-10-28 13:52:18.547721	2
160	CDQ	1	214	2009-10-28 13:55:02.860815	2	2009-10-28 13:55:02.860815	2
161	SindSaúde, CRS, CSS, CCD	1	215	2009-10-28 13:57:21.030889	2	2009-10-28 13:57:21.030889	2
162	CRS, CSS, CCD	1	216	2009-10-28 14:02:23.220423	2	2009-10-28 14:02:23.220423	2
163	CSS	1	217	2009-10-28 14:05:36.30808	2	2009-10-28 14:05:36.30808	2
164	.	1	218	2009-10-28 14:07:36.141708	2	2009-10-28 14:07:36.141708	2
165	.	1	219	2009-10-28 14:09:14.888272	2	2009-10-28 14:09:14.888272	2
166	.	1	220	2009-10-28 14:13:49.662107	2	2009-10-28 14:13:49.662107	2
167	.	1	221	2009-10-28 14:15:40.777511	2	2009-10-28 14:15:40.777511	2
168	.	1	222	2009-10-28 14:19:19.590502	2	2009-10-28 14:19:19.590502	2
169	.	1	222	2009-10-28 14:20:03.599671	2	2009-10-28 14:20:03.599671	2
170	.	1	223	2009-10-28 14:21:40.142999	2	2009-10-28 14:21:40.142999	2
171	.	1	224	2009-10-28 14:23:14.681987	2	2009-10-28 14:23:14.681987	2
172	.	1	226	2009-10-28 14:24:46.199223	2	2009-10-28 14:24:46.199223	2
173	.	1	229	2009-10-28 14:26:08.653265	2	2009-10-28 14:26:08.653265	2
174	Universidade / Serviços de referência	1	231	2009-10-28 14:29:01.425731	2	2009-10-28 14:29:01.425731	2
175	.	1	232	2009-10-28 14:29:07.832235	2	2009-10-28 14:29:07.832235	2
176	Cemicamp	1	234	2009-10-28 14:31:34.056871	2	2009-10-28 14:31:34.056871	2
177	SSP/IML	1	235	2009-10-28 14:32:36.473281	2	2009-10-28 14:32:36.473281	2
178	Instituição de reconhecido saber na produção de material de comunicação social com enfoque de gênero	1	237	2009-10-28 14:33:28.801083	2	2009-10-28 14:33:28.801083	2
179	Todas as coordenadorias	1	236	2009-10-28 14:35:05.430126	2	2009-10-28 14:35:05.430126	2
180	Colegiados de Gestão Regional \n.Secretaria de Administração Penitenciária.\nPastoral Carcerária\nCOSEMS/SP\nJudiciário	1	238	2009-10-28 14:35:35.885695	2	2009-10-28 14:35:35.885695	2
181	CSS; CRS e CCD	1	239	2009-10-28 14:37:02.400501	2	2009-10-28 14:37:02.400501	2
182	Consultoria externa\nSAP\nRegionais da SAP e Colegiados de Gestão Regional	1	240	2009-10-28 14:38:29.694783	2	2009-10-28 14:38:29.694783	2
183	SAP\nPastoral Carcerária.\nFundação Casa\nCONDECA\n\nConselho Tutelar\nCMAS\nVara da infância e da Juventude	1	241	2009-10-28 14:39:57.669483	2	2009-10-28 14:39:57.669483	2
184	SAP	1	242	2009-10-28 14:41:12.177604	2	2009-10-28 14:41:12.177604	2
185	Fundação Casa	1	243	2009-10-28 14:42:31.909581	2	2009-10-28 14:42:31.909581	2
186	COSEMS/CIES	1	244	2009-10-28 14:50:53.981255	2	2009-10-28 14:50:53.981255	2
187	COSEMS                    INSTITUIÇÕES DE ENSINO PARCERIAS COMUNICAÇÃO INSTITUICIONAL	1	245	2009-10-28 14:53:00.097821	2	2009-10-28 14:53:00.097821	2
188	▪ Instituto de Saúde, outras instituições formadoras	1	246	2009-10-28 14:55:11.67483	2	2009-10-28 14:55:11.67483	2
189	COSEMS	1	247	2009-10-28 14:57:38.773915	2	2009-10-28 14:57:38.773915	2
190	COSEMS / Instituições de ensino e outros parceiros.	1	248	2009-10-28 15:00:48.814245	2	2009-10-28 15:00:48.814245	2
191	COSEMS	1	249	2009-10-28 15:05:10.56533	2	2009-10-28 15:05:10.56533	2
192	.	1	250	2009-10-28 15:06:46.307544	2	2009-10-28 15:06:46.307544	2
193	MS / Avaliação de EP                                                                                                                                                               COSEMS	1	251	2009-10-28 15:11:45.261772	2	2009-10-28 15:11:45.261772	2
194	Integrantes dos NEPS / CDQS / CRH.               COSEMS.	1	252	2009-10-28 15:19:39.078165	2	2009-10-28 15:19:39.078165	2
195	- MS / SGTES	1	253	2009-10-28 15:21:23.91807	2	2009-10-28 15:21:23.91807	2
196	COSEMS / CGR.	1	254	2009-10-28 15:23:08.409209	2	2009-10-28 15:23:08.409209	2
197	COSEMS / CGR.	1	255	2009-10-28 15:26:44.464379	2	2009-10-28 15:26:44.464379	2
198	COSEMS / CGR.	1	256	2009-10-28 15:28:42.125204	2	2009-10-28 15:28:42.125204	2
199	- COSEMS / Instituições de ensino.	1	257	2009-10-28 15:30:55.839265	2	2009-10-28 15:30:55.839265	2
200	- COSEMS	1	258	2009-10-28 15:33:22.170365	2	2009-10-28 15:33:22.170365	2
201	- COSEMS	1	259	2009-10-28 15:39:18.824014	2	2009-10-28 15:39:18.824014	2
202	- COSEMS	1	260	2009-10-28 15:41:01.360768	2	2009-10-28 15:41:01.360768	2
203	- COSEMS / CGR / CIES	1	261	2009-10-28 15:42:44.720542	2	2009-10-28 15:42:44.720542	2
204	HEMORREDE e Colegiados de Gestão Regional\n\nUniversidades e Colegiados de Gestão Regional	1	263	2009-10-28 17:00:30.461566	2	2009-10-28 17:00:30.461566	2
205	Hemorrede, Fóruns de Patologias e ONGs	1	264	2009-10-28 17:01:59.68733	2	2009-10-28 17:01:59.68733	2
206	UNICAMP; CEBRAP	1	265	2009-10-28 17:03:46.036154	2	2009-10-28 17:03:46.036154	2
207	Universidades	1	266	2009-10-28 17:06:50.321388	2	2009-10-28 17:06:50.321388	2
208	Universidades, SBP, consultores do Método Mãe Canguru do Estado de São Paulo	1	267	2009-10-28 17:07:40.702995	2	2009-10-28 17:07:40.702995	2
209	Município de Marília, rede estadual de bancos de Leite Humano,	1	268	2009-10-28 17:10:13.473962	2	2009-10-28 17:10:13.473962	2
210	Gestores municipais, COSEMS, VISA Municipais, MS/SVS, RENAST, Ministério do Trabalho e Emprego, Entidades de Ensino e Pesquisa	1	272	2009-10-28 17:23:27.087452	2	2009-10-28 17:23:27.087452	2
211	Gestores municipais, COSEMS, VISA Municipais, MS/SVS, RENAST, Ministério do Trabalho e Emprego, Entidades de Ensino e Pesquisa	1	273	2009-10-28 17:26:14.800735	2	2009-10-28 17:26:14.800735	2
212	Gestores municipais, COSEMS, VISA Municipais, MS/SVS, RENAST, Ministério do Trabalho e Emprego, Entidades de Ensino e Pesquisa	1	274	2009-10-28 17:32:04.245073	2	2009-10-28 17:32:04.245073	2
213	Gestores municipais, COSEMS, VISA Municipais, MS/SVS, RENAST, Ministério do Trabalho e Emprego, Entidades de Ensino e Pesquisa	1	275	2009-10-28 17:34:46.896452	2	2009-10-28 17:34:46.896452	2
214	Gestores municipais, COSEMS, VISA Municipais, MS/SVS, RENAST, Ministério do Trabalho e Emprego, Entidades de Ensino e Pesquisa, Secretaria Estadual de Agricultura e Abastecimento	1	276	2009-10-28 17:37:34.561205	2	2009-10-28 17:37:34.561205	2
215	Sociedades Científicas, Associação de Portadores, Celafiscs,\nSecretaria de Esportes, etc	1	277	2009-10-28 17:40:35.563334	2	2009-10-28 17:40:35.563334	2
216	Profissionais das Regionais de Saúde do Estado	1	278	2009-10-28 17:41:42.665849	2	2009-10-28 17:41:42.665849	2
217	Sociedades Científicas, Universidades, Equipes Regionais.\n\nGestores Municipais, Técnicos da SES, Regional de Saúde e Diretores Regionais.	1	279	2009-10-28 17:43:20.43589	2	2009-10-28 17:43:20.43589	2
218	Colegiados de Gestão Regional	1	280	2009-10-28 17:49:42.665118	2	2009-10-28 17:49:42.665118	2
219	Colegiados de Gestão Regional	1	280	2009-10-28 17:49:48.189437	2	2009-10-28 17:49:48.189437	2
220	Secretaria da Cultura; Universidades e ONGs.	1	280	2009-10-28 17:49:52.219935	2	2009-10-28 17:49:52.219935	2
221	DRS, ONG, Universidades, SMS, Colegiado de Gestão Regional	1	280	2009-10-28 17:49:54.796762	2	2009-10-28 17:49:54.796762	2
222	Municípios\nCOSEMS/SP\nCIB\nCGR	1	281	2009-10-28 17:52:37.775603	2	2009-10-28 17:52:37.775603	2
223	Municípios	1	282	2009-10-28 17:54:01.392862	2	2009-10-28 17:54:01.392862	2
224	CGR	1	282	2009-10-28 17:54:15.232265	2	2009-10-28 17:54:15.232265	2
225	COSEMS/SP	1	282	2009-10-28 17:54:19.922797	2	2009-10-28 17:54:19.922797	2
226	OAB	1	282	2009-10-28 17:54:23.97884	2	2009-10-28 17:54:23.97884	2
227	Ministério Público	1	282	2009-10-28 17:54:28.648524	2	2009-10-28 17:54:28.648524	2
228	Defensoria Pública	1	282	2009-10-28 17:54:30.289894	2	2009-10-28 17:54:30.289894	2
229	Municípios	1	283	2009-10-28 17:55:50.474372	2	2009-10-28 17:55:50.474372	2
230	CGR	1	283	2009-10-28 17:55:54.134431	2	2009-10-28 17:55:54.134431	2
231	COSEMS/SP	1	283	2009-10-28 17:55:57.284951	2	2009-10-28 17:55:57.284951	2
232	CIB	1	283	2009-10-28 17:55:59.112311	2	2009-10-28 17:55:59.112311	2
233	Ministério da Saúde	1	284	2009-10-28 17:57:10.127455	2	2009-10-28 17:57:10.127455	2
234	Municípios	1	284	2009-10-28 17:57:14.98318	2	2009-10-28 17:57:14.98318	2
235	CGR	1	284	2009-10-28 17:57:18.540173	2	2009-10-28 17:57:18.540173	2
236	COSEMS/SP	1	284	2009-10-28 17:57:20.193994	2	2009-10-28 17:57:20.193994	2
237	Municípios	1	285	2009-10-28 17:58:47.122557	2	2009-10-28 17:58:47.122557	2
238	CGR	1	285	2009-10-28 17:58:50.284895	2	2009-10-28 17:58:50.284895	2
239	COSEMS/SP	1	285	2009-10-28 17:58:53.845305	2	2009-10-28 17:58:53.845305	2
240	Santas Casas	1	285	2009-10-28 17:58:55.492319	2	2009-10-28 17:58:55.492319	2
241	SAP	1	286	2009-10-28 17:59:50.645466	2	2009-10-28 17:59:50.645466	2
242	Ministério da Saúde	1	287	2009-10-28 18:01:04.660374	2	2009-10-28 18:01:04.660374	2
243	Municípios	1	287	2009-10-28 18:01:15.423789	2	2009-10-28 18:01:15.423789	2
244	COSEMS/SP	1	287	2009-10-28 18:01:19.052682	2	2009-10-28 18:01:19.052682	2
245	Representantes de Conselhos de Categoria Profissional	1	287	2009-10-28 18:01:22.140148	2	2009-10-28 18:01:22.140148	2
246	CES	1	287	2009-10-28 18:01:24.104042	2	2009-10-28 18:01:24.104042	2
247	Universidades	1	288	2009-10-28 18:03:20.324036	2	2009-10-28 18:03:20.324036	2
248	CIB	1	289	2009-10-28 18:04:20.976991	2	2009-10-28 18:04:20.976991	2
249	CES	1	289	2009-10-28 18:04:22.844782	2	2009-10-28 18:04:22.844782	2
250	Ministério da Saúde	1	290	2009-10-28 18:05:33.378444	2	2009-10-28 18:05:33.378444	2
251	Municípios	1	290	2009-10-28 18:05:37.093967	2	2009-10-28 18:05:37.093967	2
252	CGR	1	290	2009-10-28 18:05:40.896553	2	2009-10-28 18:05:40.896553	2
253	COSEMS/SP	1	290	2009-10-28 18:05:46.059096	2	2009-10-28 18:05:46.059096	2
254	Universidades	1	290	2009-10-28 18:05:48.070714	2	2009-10-28 18:05:48.070714	2
\.


--
-- TOC entry 2035 (class 0 OID 26037)
-- Dependencies: 1580
-- Data for Name: programas; Type: TABLE DATA; Schema: public; Owner: postgres
--

COPY programas (id, descricao, interfaces, situacao_id, responsavel_id, inclusao_data, inclusao_usuario_id, alteracao_data, alteracao_usuario_id, menu, ordem) FROM stdin;
3	I - Fortalecimento e aperfeiçoamento da capacidade de gestão estadual	Demais projetos da CPS e todas as Coordenadorias – GTAE, CRS, CCD, CSS, CGCSS, CRH, CCTIES, CODES e CGA	1	8	2009-10-16 12:43:51.60475	2	2009-10-16 12:43:51.60475	2	PROGRAMA I	3
5	III GARANTIA DA EFICIÊNCIA, QUALIDADE E SEGURANÇA NA ASSISTÊNCIA FARMACÊUTICA E NOS OUTROS INSUMOS PARA A SAÚDE.	.	1	10	2009-10-19 01:16:41.890469	2	2009-10-19 01:18:56	2	PROGRAMA III	5
8	VI – Tecnologias e Inovações em Saúde	.	1	13	2009-10-22 14:50:33.18928	2	2009-10-22 02:51:44	2	PROGRAMA VI	8
9	VII - Controle de Riscos, Doenças e Agravos Prioritários no Estado de São Paulo	CSS, CRS, CCTIES, FESIMA, IAL, Instituto Pasteur, CVS, CPS/GTAE, CRH	1	14	2009-10-22 15:48:12.258134	2	2009-10-22 15:48:12.258134	2	PROGRAMA VII	9
10	VIII - Desenvolvimento de serviços e ações de saúde para segmentos da população mais vulneráveis aos riscos de doenças ou com necessidades específicas.	Programas I, II, II, IV, V, VI, IX, X	1	15	2009-10-22 17:34:29.390804	2	2009-10-22 17:34:29.390804	2	PROGRAMA VIII	10
4	II - AMPLIAÇÃO DO ACESSO DA POPULAÇÃO, COM REDUÇÃO DE DESIGUALDADES REGIONAIS E APERFEIÇOAMENTO DA QUALIDADE DAS AÇÕES E SERVIÇOS DE SAÚDE	xxxx	1	9	2009-10-19 01:06:04.816344	2	2009-10-22 08:05:48	2	PROGRAMA II	4
11	IX - Incentivo ao desenvolvimento de ações de Promoção em Saúde no SUS	SES (CPS/GTAE, CRATOD, IS, CRS, CRH, GABINETE DO SECRETARIO)	1	76	2009-10-23 10:19:56.711902	2	2009-10-23 10:19:56.711902	2	PROGRAMA IX	11
12	X - Fortalecimento da participação da comunidade e do controle social na gestão do SUS	CRH, CGA,CPS,CRS e GS	1	16	2009-10-23 10:31:59.433859	2	2009-10-23 10:31:59.433859	2	PROGRAMA X	12
7	IV – Investir e melhorar os serviços próprios de saúde estaduais	Coordenadoria de Recursos Humanos e Instituições de Ensino	1	11	2009-10-21 13:48:55.469989	2	2009-10-21 13:48:55.469989	2	PROGRAMA IV	6
6	V - Gestão da Educação e do Trabalho no SUS	Fundap, Cosems, Instituições de Ensino, demais Coordenadorias e Órgãos da SES, outras secretarias do Estado de SP, MS, ObservaRHSP	1	12	2009-10-19 01:25:36.193403	2	2009-10-21 01:47:19	2	PROGRAMA V	7
\.


--
-- TOC entry 2036 (class 0 OID 26049)
-- Dependencies: 1582
-- Data for Name: projetos; Type: TABLE DATA; Schema: public; Owner: postgres
--

COPY projetos (id, descricao, interfaces, situacao_id, programa_id, responsavel_id, inclusao_data, inclusao_usuario_id, alteracao_data, alteracao_usuario_id, menu, projeto_id, ordem) FROM stdin;
1	PROJETO I.1 – Fortalecimento e Aperfeiçoamento da Atenção Básica	Demais projetos da CPS e todas as Coordenadorias – GTAE, CRS, CCD, CSS, CGCSS, CRH, CCTIES, CODES e CGA	1	3	17	2009-10-19 01:08:34.766655	2	2009-10-19 01:08:34.766655	2	PROJETO I.1	\N	1
2	PROJETO I.2 – Aprimoramento dos Sistemas de Informação do SUS/SP	Demais projetos da CPS e todas as Coordenadorias – GTAE, CRS, CCD, CSS, CGCSS, CRH, CCTIES, CODES e CGA	1	3	18	2009-10-19 01:12:30.049265	2	2009-10-19 01:12:30.049265	2	PROJETO I.2	\N	2
4	PROJETO III. 1 – Ampliação da produção de vacinas e soros hiperimunes e incorporação de tecnologias e produtos imunobiológicos, biofármacos e hemoderivados.	.	1	5	2	2009-10-19 01:22:17.890813	2	2009-10-21 11:16:26	2	PROJETO III. 1	\N	4
5	PROJETO V.1. – Processo Organizacionais Integrados	SPG, Instituições de Ensino, demais Coordenadorias e Órgãos da SES	1	6	24	2009-10-19 01:28:14.058493	2	2009-10-19 01:41:05	2	PROJETO V.1	\N	5
6	SUBPROJETO V.1.1 – Certificação Ocupacional	CSS E CRS	1	6	24	2009-10-19 01:31:23.377459	2	2009-10-19 01:41:34	2	SUBPROJETO V.1.1	5	6
7	PROJETO I.3 – Fortalecimento do planejamento na SES com ênfase nas regiões de saúde.	Demais projetos da CPS e todas as Coordenadorias – GTAE, CRS, CCD, CSS, CGCSS, CRH, CCTIES, CODES e CGA	1	3	27	2009-10-19 14:07:16.778046	2	2009-10-19 14:07:16.778046	2	PROJETO I.3	\N	7
8	PROJETO I.4 – Avaliação e monitoramento do SUS/SP	Demais projetos da CPS e todas as Coordenadorias – GTAE, CRS, CCD, CSS, CGCSS, CRH, CCTIES, CODES e CGA	1	3	26	2009-10-19 14:13:02.368297	2	2009-10-19 14:13:02.368297	2	PROJETO I.4	\N	8
9	PROJETO I.5 – Redução da Mortalidade Infantil e Materna	Demais projetos da CPS e todas as Coordenadorias – GTAE, CRS, CCD, CSS, CGCSS, CRH, CCTIES, CODES e CGA	1	3	28	2009-10-19 14:15:57.769544	2	2009-10-19 14:15:57.769544	2	PROJETO I.5	\N	9
24	PROJETO III. 2. – Promoção de acesso adequado à Assistência Farmacêutica Básica	CGA, CPS, CCD, CRS, CSS , CRH	1	5	39	2009-10-21 14:08:21.159949	2	2009-10-21 14:08:21.159949	2	PROJETO III. 2	\N	24
90	PROJETO VIII. 3 – Atenção Integral à Saúde da Pessoa com Deficiência	CGR, DRS, CSS, CPS, GES, CRH, SEDPcD	1	10	81	2009-10-22 17:52:40.897102	2	2009-10-22 17:52:40.897102	2	PROJETO VIII. 3	\N	90
92	PROJETO VIII. 5 – Atenção integral à saúde mental	Gabinete SES-SP; Programas II, IV, e V; Projetos do Programa VIII	1	10	83	2009-10-22 17:59:34.238457	2	2009-10-22 06:03:29	2	PROJETO VIII. 5	\N	92
14	PROJETO II. 5 – Ampliação do acesso e melhoria da organização e a qualidade da Assistência de Média e Alta Complexidade Ambulatorial e Hospitalar	.	1	4	21	2009-10-21 10:17:09.616842	2	2009-10-21 10:17:09.616842	2	PROJETO II. 5	\N	14
25	PROJETO III. 3 – Ampliação do acesso a medicamentos de dispensação excepcional	CGA,CRS,CRH	1	5	40	2009-10-21 14:12:15.258718	2	2009-10-21 14:12:15.258718	2	PROJETO III. 3	\N	25
10	PROJETO II. 1 – Monitoramento da Programação Pactuada e Integrada do Estado de São Paulo	CPS, CSS, CGCSS 	1	4	21	2009-10-19 14:24:44.782518	2	2009-10-21 01:53:42	2	PROJETO II. 1	\N	10
11	PROJETO II. 2 – Manutenções de Programas de Auxílio Financeiros às Entidades Filantrópicas do Estado - Pró Santa Casa	CGA, CPS, GS 	1	4	22	2009-10-19 14:33:59.196706	2	2009-10-21 01:54:58	2	PROJETO II. 2	\N	11
12	PROJETO II. 3 – Avaliação, monitoramento e contratualização dos Prestadores de Serviços de Saúde ao SUS-SP.	CPS, CGCSS, CSS	1	4	29	2009-10-19 14:36:55.574826	2	2009-10-21 01:55:25	2	PROJETO II. 3	\N	12
13	PROJETO II. 4 – Implementação e Ampliação das ações de auditoria	CPS, CRH, CGCSS, CSS	1	4	30	2009-10-21 10:14:43.847949	2	2009-10-21 01:55:53	2	PROJETO II. 4	\N	13
15	SUBPROJETO II. 5.1 – Monitoramento da Prestação da Assistência dos Serviços SUS/SP	CGCSS, CSS, CPS 	1	4	31	2009-10-21 10:19:49.555188	2	2009-10-21 01:57:02	2	SUBPROJETO II. 5.1	14	15
16	SUBPROJETO II. 5.2 – Monitoramento da Prestação da Assistência dos Serviços SUS/SP	GS, CPS, CSS, CGCSS 	1	4	32	2009-10-21 10:27:42.874274	2	2009-10-21 01:58:30	2	SUBPROJETO II. 5.2	14	16
17	SUBPROJETO II. 5.3 – Monitoramento da Prestação da Assistência dos Serviços SUS/SP	CSS, CGCSS, CPS 	1	4	32	2009-10-21 10:39:08.493358	2	2009-10-21 01:58:53	2	SUBPROJETO II. 5.3	14	17
18	SUBPROJETO II. 5.4 – Monitoramento dos Ambulatórios Médicos de Especialidades – AME	GS, CGCSS	1	4	34	2009-10-21 10:53:45.202091	2	2009-10-21 01:59:31	2	SUBPROJETO II. 5.4	14	18
19	SUBPROJETO II. 5.5 – Monitoramento da Prestação da Assistência dos Serviços SUS/SP	CPS, CSS, CGCSS	1	4	35	2009-10-21 10:59:03.243971	2	2009-10-21 01:59:58	2	SUBPROJETO II. 5.5	14	19
20	SUBPROJETO II. 5.6 – Organização dos mutirões de exames e procedimentos	CPS, CGCSS, CSS 	1	4	37	2009-10-21 11:01:57.250637	2	2009-10-21 02:00:22	2	SUBPROJETO II. 5.6	14	20
23	PROJETO II. 6 – Aperfeiçoamentos dos mecanismos de regulação dos serviços de saúde do SUS/SP	CPS, CGCSS, CSS	1	4	38	2009-10-21 14:02:32.170028	2	2009-10-21 14:02:32.170028	2	PROJETO II. 6	\N	23
27	PROJETO III. 4 – Reorganização da Hemorrede no Estado	.	1	5	38	2009-10-21 14:15:59.439943	2	2009-10-21 14:15:59.439943	2	PROJETO III. 4	\N	27
29	PROJETO III. 5. – Difusão do conhecimento		1	5	38	2009-10-21 14:18:27.7646	2	2009-10-21 14:18:27.7646	2	PROJETO III. 5	\N	29
26	PROJETO III. 4 – Reorganização da Hemorrede no Estado	.	2	5	38	2009-10-21 14:14:37.641673	2	2009-10-21 02:19:19	2	PROJETO III. 4	\N	26
28	PROJETO III. 5. – Difusão do conhecimento		2	5	38	2009-10-21 14:17:51.927127	2	2009-10-21 02:20:37	2	PROJETO III. 5	\N	28
30	PROJETO IV. 1 – Humanizar os Serviços de Saúde	Coordenadoria de Recursos Humanos e Instituições de Ensino	1	7	43	2009-10-21 14:31:02.572423	2	2009-10-21 14:31:02.572423	2	PROJETO IV. 1	\N	30
31	PROJETO IV. 2 – Melhorar a Qualidade e Eficiência dos Serviços Próprios Estaduais, com Cronograma e Planejamento para Estímulo ao aperfeiçoamento da Administração / Gerenciamento Direto	Coordenadoria Geral da Administração (Depto Técnico de Engenharia), Coordenadoria de Gestão de Contratos de Serviços de Saúde	1	7	11	2009-10-21 14:34:42.111196	2	2009-10-21 14:34:42.111196	2	PROJETO IV. 2	\N	31
32	PROJETO IV. 3 – Modernizar e Ampliar os Serviços da Rede Própria Estadual	Coordenadoria Geral da Administração (Depto Técnico de Engenharia), Coordenadoria de Gestão de Contratos de Serviços de Saúde	1	7	44	2009-10-21 14:58:18.033386	2	2009-10-21 14:58:18.033386	2	PROJETO IV. 3	\N	32
33	PROJETO V. 2 – Política de Humanização na SES	CSS/CRS/CPS	1	6	45	2009-10-21 15:21:03.198532	2	2009-10-21 15:21:03.198532	2	PROJETO V. 2	\N	33
34	PROJETO V. 3 – Informação sobre gestão do trabalho na SES e no SUS	.	1	6	46	2009-10-21 15:24:48.552536	2	2009-10-21 15:24:48.552536	2	PROJETO V. 3	\N	34
35	SUBPROJETO V.3.1 – Gestão da informação em RH no SUS e na SES	ObservaRHSP/outras CoordenadoriasSES	1	6	47	2009-10-21 15:29:52.137351	2	2009-10-21 15:29:52.137351	2	SUBPROJETO V.3.1	34	35
36	SUBPROJETO V. 3. 2 – Apoio na Gestão do trabalho nos municípios de pequeno porte	CRS, Cosems, municípios 	1	6	46	2009-10-21 15:31:30.559941	2	2009-10-21 15:31:30.559941	2	SUBPROJETO V. 3. 2	34	36
37	SUBPROJETO V.3.3 – Produção de informação e conhecimento em RH referente a analise de grandes bancos de dados, no estado de São Paulo	ObservaRHSP/ Cosems / Coordenadorias SES	1	6	48	2009-10-21 15:38:07.507976	2	2009-10-21 15:38:07.507976	2	SUBPROJETO V.3.3	34	37
38	PROJETO V. 4 – Melhoria da qualidade de vida e ambiente de trabalho	.	2	6	49	2009-10-21 15:46:34.721154	2	2009-10-21 03:55:35	2	PROJETO V. 4	34	38
39	PROJETO: V. 5 – Instrumentos de Gestão de Recursos Humanos para a SES/SP	.	2	6	51	2009-10-21 15:54:14.564838	2	2009-10-21 03:55:59	2	PROJETO: V. 5	34	39
40	PROJETO V. 4 – Melhoria da qualidade de vida e ambiente de trabalho	.	1	6	49	2009-10-21 15:56:58.503058	2	2009-10-21 15:56:58.503058	2	PROJETO V. 4	\N	40
41	PROJETO: V. 5 – Instrumentos de Gestão de Recursos Humanos para a SES/SP	.	1	6	51	2009-10-21 16:00:28.942311	2	2009-10-21 16:00:28.942311	2	PROJETO: V. 5	\N	41
47	SUBPROJETO V.6.1 – Estruturação do Sistema de Educação Permanente	.	1	6	55	2009-10-21 16:45:48.821577	2	2009-10-21 16:45:48.821577	2	SUBPROJETO V.6.1	46	47
42	SUBPROJETO V.5.1 – Implantação da carreira de Gestor de Saúde	Secretaria de Gestão Pública, Gabinete do Secretário, Casa Civil, Assembléia Legislativa 	1	6	51	2009-10-21 16:02:25.483923	2	2009-10-21 16:02:25.483923	2	SUBPROJETO V.5.1	41	42
43	SUBPROJETO V.5.2 – Gestão de Processos de Ratificação de Tempo de Contribuição - Aposentadoria	Todas as Coordenadorias da SES, em especial as áreas de RH	1	6	52	2009-10-21 16:08:47.032679	2	2009-10-21 16:08:47.032679	2	SUBPROJETO V.5.2	41	43
44	SUBPROJETO V.5.3 – Desenvolvimento de novas formas de remuneração variável para servidores da SES/SP	Demais Coordenadorias SES, em particular CSS, CCD	1	6	53	2009-10-21 16:19:09.945992	2	2009-10-21 16:19:09.945992	2	SUBPROJETO V.5.3	41	44
45	PROJETO V. 6 – Desenvolvimento da Educação Permanente no âmbito da SES/SP	Coordenadorias de SES e Gabinete, Cosems, instituições de ensino	2	6	54	2009-10-21 16:32:15.250586	2	2009-10-21 04:33:16	2	PROJETO V. 6	41	45
46	PROJETO V. 6 – Desenvolvimento da Educação Permanente no âmbito da SES/SP	Coordenadorias de SES e Gabinete, Cosems, instituições de ensino	1	6	54	2009-10-21 16:34:13.821043	2	2009-10-21 16:34:13.821043	2	PROJETO V. 6	\N	46
48	SUBPROJETO V.6.2 – Formação de Formadores	.	1	6	56	2009-10-21 16:48:54.971405	2	2009-10-21 16:48:54.971405	2	SUBPROJETO V.6.2	46	48
49	SUBPROJETO V.6.3 – Implantação do Ensino à Distância – EAD	.	1	6	57	2009-10-21 16:52:34.973818	2	2009-10-21 16:52:34.973818	2	SUBPROJETO V.6.3	46	49
50	SUBPROJETO V.6.4 – Especialização em Gestão Pública no SUS	.	1	6	38	2009-10-21 16:57:12.796336	2	2009-10-21 16:57:12.796336	2	SUBPROJETO V.6.4	46	50
51	SUBPROJETO V.6.5 – Educação Permanente para os trabalhadores de nível fundamental e médio de	.	1	6	59	2009-10-21 17:04:27.796409	2	2009-10-21 17:04:27.796409	2	SUBPROJETO V.6.5	46	51
52	PROJETO V.7 – Formação de técnicos de Enfermagem para o Estado de São Paulo	.	2	6	60	2009-10-21 17:10:51.242892	2	2009-10-21 05:12:37	2	PROJETO V.7	46	52
53	PROJETO V.7 – Formação de técnicos de Enfermagem para o Estado de São Paulo	.	1	6	60	2009-10-21 17:13:34.071629	2	2009-10-21 17:13:34.071629	2	PROJETO V.7	\N	53
54	PROJETO V.8 – Apoio á Qualificação da Atenção Básica na SES/SUS -SP	CPS/AB; CRS, Instituições de Ensino, Ministério da Saúde, COSEMS/municípios, ObservaRHSP, CGA	1	6	61	2009-10-21 17:26:33.708505	2	2009-10-21 17:26:33.708505	2	PROJETO V.8	\N	54
55	SUBPROJETO V.8.1 – Qualificação de profissionais da atenção básica	CRS, CPS/AB, Instituições de Ensino, Cosems	1	6	54	2009-10-21 17:44:01.709081	2	2009-10-21 17:44:01.709081	2	SUBPROJETO V.8.1	54	55
56	PROJETO V.9 – Aperfeiçoamento e inovação na Política de Residência Médica da SES	CRS, CSS, CGCSS, Gabinete, ObservaRHSP, Instituições formadoras, FUNDAP, CRM, CFM, MS, municípios, gerentes de serviços, parcerias externas	2	6	61	2009-10-21 17:48:26.453324	2	2009-10-21 05:53:46	2	PROJETO V.9	54	56
57	PROJETO V.9 – Aperfeiçoamento e inovação na Política de Residência Médica da SES	CRS, CSS, CGCSS, Gabinete, ObservaRHSP, Instituições formadoras, FUNDAP, CRM, CFM, MS, municípios, gerentes de serviços, parcerias externas	1	6	61	2009-10-22 12:06:42.948631	2	2009-10-22 02:40:19	2	PROJETO V.9	\N	57
58	SUBPROJETO V.9.1 – Avaliação da Residência Médica na SES	CSS, FUNDAP, parcerias externas	1	6	62	2009-10-22 14:45:58.092805	2	2009-10-22 14:45:58.092805	2	SUBPROJETO V.9.1	57	58
65	PROJETO VII. 1 – Melhoria da vigilância e controle das doenças transmissíveis	.	1	9	63	2009-10-22 15:54:12.486667	2	2009-10-22 15:54:12.486667	2	PROJETO VII. 1	\N	65
66	SUBPROJETO VII. 1.1 – Vigilância das doenças agudas imunopreveníveis	.	1	9	64	2009-10-22 15:57:38.967484	2	2009-10-22 15:57:38.967484	2	SUBPROJETO VII. 1.1	65	66
67	SUBPROJETO VII. 1.2 – Vigilância das infecções hospitalares	CVS, CSS, CRS, CCTIES, IAL	1	9	65	2009-10-22 16:05:11.410463	2	2009-10-22 16:05:11.410463	2	SUBPROJETO VII. 1.2	65	67
68	SUBPROJETO VII. 1.3 – Vigilância das meningites	CVS, CSS, CRS, IAL	1	9	64	2009-10-22 16:07:06.957636	2	2009-10-22 16:07:06.957636	2	SUBPROJETO VII. 1.3	65	68
69	SUBPROJETO VII. 1.4 – Vigilância de surtos de doenças transmitidas por água e alimentos	CVS, CSS, CRS, IAL	1	9	66	2009-10-22 16:10:24.701322	2	2009-10-22 16:10:24.701322	2	SUBPROJETO VII. 1.4	65	69
70	SUBPROJETO VII.1.5 – Controle de Antropozoonoses	SUCEN, CVS	1	9	67	2009-10-22 16:14:05.802353	2	2009-10-22 16:14:05.802353	2	SUBPROJETO VII.1.5	65	70
71	SUBPROJETO VII.1.6 – Controle da tuberculose	CRTAIDS, CCTIES, Atenção Básica, CRS e CSS, IAL	1	9	68	2009-10-22 16:18:51.816411	2	2009-10-22 16:18:51.816411	2	SUBPROJETO VII.1.6	65	71
72	SUBPROJETO VII.1.7 – Eliminação da hanseníase em todas as Regiões do Estado	CCTIES, Atenção Básica, CRS e CSS, IAL	1	9	69	2009-10-22 16:23:01.246552	2	2009-10-22 16:23:01.246552	2	SUBPROJETO VII.1.7	65	72
73	SUBPROJETO VII.1.8 – Reduzir a morbimortalidade do HIV/Aids e das hepatites virais, a transmissão vertical do HIV e a transmissão de outras DSTs.	IAL. Saúde da Mulher, Atenção Básica, Assistência Farmacêutica, Vigilância Sanitária, CPS, CRS.	1	9	70	2009-10-22 16:29:01.272886	2	2009-10-22 16:29:01.272886	2	SUBPROJETO VII.1.8	65	73
74	PROJETO VII. 2 – Implementação das ações de vigilância da morbimortalidade decorrente de  causas externas	GTAE / CPS (saúde da mulher, da criança, do idoso, atenção básica, saúde mental )	1	9	71	2009-10-22 16:37:52.783843	2	2009-10-22 16:37:52.783843	2	PROJETO VII. 2	\N	74
75	PROJETO VII. 3 – APERFEIÇOAMENTO DA VIGILÂNCIA SANITÁRIA	.	1	9	72	2009-10-22 16:40:25.132656	2	2009-10-22 16:40:25.132656	2	PROJETO VII. 3	\N	75
76	SUBPROJETO VII. 3.1 – CONTROLE SANITÁRIO DOS SERVIÇOS HEMOTERÁPICOS	GVS / SGVS / IAL / CVE / CCD / CRS / CCSS / CPS / CGR	1	9	73	2009-10-22 16:44:05.955154	2	2009-10-22 16:44:05.955154	2	SUBPROJETO VII. 3.1	75	76
77	SUBPROJETO VII. 3.2 – CONTROLE SANITÁRIO DOS SERVIÇOS DE SAÚDE E DE INTERESSE DA SAÚDE	GVS / SGVS / IAL / CVE / CCD / CRS / CCSS / CPS / CGR	1	9	73	2009-10-22 16:46:28.168415	2	2009-10-22 16:46:28.168415	2	SUBPROJETO VII. 3.2	75	77
78	SUBPROJETO VII. 3.3 – CONTROLE SANITÁRIO DE PRODUTOS DE SAÚDE E DE INTERESSE DA SAÚDE	GVS / SGVS / IAL / CVE / CCD / CRS / CCSS / CPS / CGR	1	9	74	2009-10-22 16:49:58.950271	2	2009-10-22 16:49:58.950271	2	SUBPROJETO VII. 3.3	75	78
79	SUBPROJETO VII. 3.4 – SISTEMA ESTADUAL DE TOXICOVIGILÂNCIA	GVS / SGVS / IAL / CVE / CCD / CPS / CEREST / CRST / CGR	1	9	75	2009-10-22 16:54:27.121481	2	2009-10-22 16:54:27.121481	2	SUBPROJETO VII. 3.4	75	79
81	PROJETO VII. 5 – REORGANIZAR e APRIMORAR A REDE LABORATORIAL DE SAÚDE PÚBLICA	.	2	9	77	2009-10-22 17:00:07.500713	2	2009-10-22 05:03:45	2	PROJETO VII. 5	75	81
80	PROJETO VII. 4 – IMPLEMENTAÇÃO DA VIGILÂNCIA AMBIENTAL	CRS / IAL / CVS	2	9	76	2009-10-22 16:57:36.863092	2	2009-10-22 05:04:05	2	PROJETO VII. 4	75	80
82	PROJETO VII. 4 – IMPLEMENTAÇÃO DA VIGILÂNCIA AMBIENTAL	CRS / IAL / CVS	1	9	76	2009-10-22 17:06:54.310551	2	2009-10-22 17:06:54.310551	2	PROJETO VII. 4	\N	82
83	PROJETO VII. 5 – REORGANIZAR e APRIMORAR A REDE LABORATORIAL DE SAÚDE PÚBLICA	.	1	9	77	2009-10-22 17:08:09.824052	2	2009-10-22 17:08:09.824052	2	PROJETO VII. 5	\N	83
84	SUBPROJETO VII. 5. 1 – APRIMORAR A REDE LABORATORIAL DO IAL	FOSP, CRS, DRSs, Laboratórios de Hospitais Estaduais, CVS,CVE, I Pasteur, GVEs e GVSs.	1	9	77	2009-10-22 17:12:36.254084	2	2009-10-22 17:12:36.254084	2	SUBPROJETO VII. 5. 1	83	84
85	SUBPROJETO VII. 5.2 – IMPLANTAR NOVAS TÉCNICAS DIAGNÓSTICAS	CVE	1	9	78	2009-10-22 17:14:54.269102	2	2009-10-22 17:14:54.269102	2	SUBPROJETO VII. 5.2	83	85
86	SUBPROJETO VII. 5.3 – CERTIFICAÇÃO DE COLEÇÕES ESTABELECIDAS	CVE/ CVS/ CRT-AIDS/ Municípios	1	9	78	2009-10-22 17:16:07.375225	2	2009-10-22 17:16:07.375225	2	SUBPROJETO VII. 5.3	83	86
87	PROJETO VIII. 1 – Atenção à Saúde Bucal	CPS (Atenção Básica); CRH (CIES) CCD; CRS (DRS); CSS; CGCSS.	1	10	79	2009-10-22 17:37:03.405462	2	2009-10-22 17:37:03.405462	2	PROJETO VIII. 1	\N	87
91	PROJETO VIII. 4 – Atenção integral à saúde de usuários de álcool e outras drogas	Gabinete da SES-SP, Programas: I (Projeto 1),  II (Projeto 2),  V (Projeto 4), VIII (Projeto 5);  CIB, CES, DRS e CGR	1	10	82	2009-10-22 17:55:58.005992	2	2009-10-22 17:55:58.005992	2	PROJETO VIII. 4	\N	91
95	PROJETO VI.1 – Promoção, organização e acompanhamento do desenvolvimento científico e tecnológico de interesse para o SUS-SP.	CRH, CRS, CCD, CCTIES, Instituto Pasteur, Instituto Lauro de Souza Lima, Instituto Dante Pazzanese de Cardiologia, \r\nInstituto Butantan, Instituto Adolfo Lutz, Instituto de Saúde, Instituto de Infectologia Emílio Ribas, CVS, CVE e CRT-AIDS,\r\nInstituto Clemente Ferreira, Universidades.	1	8	13	2009-10-22 22:32:04.53468	2	2009-10-22 22:32:04.53468	2	PROJETO VI.1	\N	95
96	PROJETO VI. 2 – Organização e Planejamento para Inovação	CRH, CRS, CCD, CCTIES, Instituto Pasteur, Instituto Lauro de Souza Lima, Instituto Dante Pazzanese de Cardiologia, Instituto Butantan, Instituto Adolfo Lutz, Instituto de Saúde, Instituto de Infectologia Emílio Ribas, CVS, CVE e CRT-AIDS, Instituto Clemente Ferreira, Universidades.	1	8	13	2009-10-23 09:26:53.053977	2	2009-10-23 09:26:53.053977	2	PROJETO VI. 2	\N	96
97	PROJETO VI. 3 – Promoção de parcerias para incrementar a capacidade técnica-científica das Instituições.	CRH, CRS, CCD, CCTIES, Instituto Pasteur, Instituto Lauro de Souza Lima, Instituto Dante Pazzanese de Cardiologia, Instituto Butantan, Instituto Adolfo Lutz, Instituto de Saúde, Instituto de Infectologia Emílio Ribas, CVS, CVE e CRT-AIDS, Instituto Clemente Ferreira, Universidades.	1	8	13	2009-10-23 09:28:49.92211	2	2009-10-23 09:28:49.92211	2	PROJETO VI. 3	\N	97
98	PROJETO VI. 4 – Difusão do Conhecimento Científico e ampliação dos serviços de informação.	CRH, CRS, CCD, CCTIES, Instituto Pasteur, Instituto Lauro de Souza Lima, Instituto Dante Pazzanese de Cardiologia, Instituto Butantan, Instituto Adolfo Lutz, Instituto de Saúde, Instituto de Infectologia Emílio Ribas, CVS, CVE e CRT-AIDS, Instituto Clemente Ferreira, Universidades.	1	8	13	2009-10-23 09:30:19.416642	2	2009-10-23 09:30:19.416642	2	PROJETO VI. 4	\N	98
99	PROJETO VIII.6 – Assistência integral à Saúde às Populações Indígenas	PROGRAMAS I, II, IV, VII, V, VIII	1	10	84	2009-10-23 09:38:17.874104	2	2009-10-23 09:38:17.874104	2	PROJETO VIII.6	\N	99
100	PROJETO VIII. 7 – Atenção Integral a Saúde da Mulher	Gabinete SES/SP, PROGRAMAS I, II, III, IV, VIII	1	10	85	2009-10-23 09:41:49.781989	2	2009-10-23 09:41:49.781989	2	PROJETO VIII. 7	\N	100
101	PROJETO VIII. 8 – Atenção Integral à Saúde da População Negra	Programas: I (Projeto 1,2,); III (Projeto 4),  V (projeto 4), VII (projeto 1) VIII (Projeto 7 e 9)\r\nGabinete, CGR	1	10	38	2009-10-23 09:44:35.117568	2	2009-10-23 09:44:35.117568	2	PROJETO VIII. 8	\N	101
102	PROJETO VIII. 9 – Atenção Integral à Saúde da Criança	Projetos: I.1, I.5, V.2, VII.1.5,VIII.1,VIII.3,VIII.7,VIII.8,VIII.11	1	10	87	2009-10-23 09:48:39.321451	2	2009-10-23 09:48:39.321451	2	PROJETO VIII. 9	\N	102
103	PROJETO VIII. 10 – Aperfeiçoar a atenção à saúde da população do sistema penitenciário e dos adolescentes em conflito com a lei	Gabinete ,CGR e DRS\r\nPROGRAMA I (Projeto 1,2,)PROGRAMA II(PROJETO 5) Programa IV (PROJETO2)\r\nPROGRAMA V  (PROJETO 4) e VII (PROJETO 1) e programa VIII (Projeto 7 e 9)	1	10	88	2009-10-23 09:53:33.187084	2	2009-10-23 09:53:33.187084	2	PROJETO VIII. 10	\N	103
104	PROJETO VIII. 11 – Atenção Integral à Saúde do Trabalhador	CCD, CRS, CRH, CPS	1	10	89	2009-10-23 09:57:20.500997	2	2009-10-23 09:57:20.500997	2	PROJETO VIII. 11	\N	104
107	PROJETO VIII. 12 – Atenção Integral  à Hipertensão Arterial Sistêmica (HAS) e Diabetes Mellitus(DM)	PROGRAMAS I, II, IV; Projetos VIII ,VIII.2, VIII. VIII.8IX,IX.1,X	2	10	2	2009-10-23 10:12:41.915756	2	2009-10-23 10:15:57	2	PROJETO VIII. 12	104	107
108	PROJETO VIII. 12 – Atenção Integral  à Hipertensão Arterial Sistêmica (HAS) e Diabetes Mellitus(DM)	PROGRAMAS I, II, IV; Projetos VIII ,VIII.2, VIII. VIII.8IX,IX.1,X	1	10	2	2009-10-23 10:16:54.037622	2	2009-10-23 10:16:54.037622	2	PROJETO VIII. 12	\N	108
109	PROJETO IX. 1 – Desenvolvimento de habilidades individuais na comunidade de forma a torná-la coletivamente promotora da sua saúde	SES (CPS/GTAE, CRATOD, IS, CRS, CRH, GABINETE DO SECRETARIO)	1	11	71	2009-10-23 10:22:04.392868	2	2009-10-23 10:22:04.392868	2	PROJETO IX. 1	\N	109
110	PROJETO IX. 2 – Promoção de Alimentação Saudável.	SES (CPS/GTAE, CRATOD, IS, CRS, CRH, GABINETE DO SECRETARIO)	1	11	91	2009-10-23 10:27:23.31399	2	2009-10-23 10:27:23.31399	2	PROJETO IX. 2	\N	110
111	PROJETO X.1 – Participação Social	.	1	12	92	2009-10-23 10:35:21.665039	2	2009-10-23 10:35:21.665039	2	PROJETO X.1	\N	111
112	PROJETO X. 2 – APERFEIÇOAR O SISTEMA DE OUVIDORIA NA SAÚDE	.	1	12	93	2009-10-23 10:38:10.395628	2	2009-10-23 10:38:10.395628	2	PROJETO X. 2	\N	112
113	SUBPROJETO VIII. 11.2 – Controle Sanitário dos riscos à saúde nos processos produtivos	CCD, CRS, CPS	1	10	90	2009-10-23 10:56:52.752201	2	2009-10-23 10:56:52.752201	2	SUBPROJ  VIII. 11.2	104	113
\.


--
-- TOC entry 2037 (class 0 OID 26060)
-- Dependencies: 1584
-- Data for Name: recursos; Type: TABLE DATA; Schema: public; Owner: postgres
--

COPY recursos (id, fonte, valor, destino, situacao, meta_id, inclusao_data, inclusao_usuario_id, alteracao_data, alteracao_usuario_id) FROM stdin;
\.


--
-- TOC entry 2038 (class 0 OID 26067)
-- Dependencies: 1586
-- Data for Name: situacoes; Type: TABLE DATA; Schema: public; Owner: postgres
--

COPY situacoes (id, descricao) FROM stdin;
1	ativo
2	inativo
\.


--
-- TOC entry 2039 (class 0 OID 26072)
-- Dependencies: 1588
-- Data for Name: tipo_periodo; Type: TABLE DATA; Schema: public; Owner: postgres
--

COPY tipo_periodo (id, periodo, descricao) FROM stdin;
\.


--
-- TOC entry 2040 (class 0 OID 26082)
-- Dependencies: 1591
-- Data for Name: usuarios; Type: TABLE DATA; Schema: public; Owner: postgres
--

COPY usuarios (id, nome, username, password, email, situacao, salt) FROM stdin;
2	Marcone	marcone	2fb64b93b10c9687ad6b19f563fb0678	conca@mineirim.com	1	7bc25b2859701edae9b83011039ae886
6	Hugo Rodrigues	hugo	3f80bac6eeca65868ab2a79a4f9ead88	hugo@pbh.gov.br	1	88b21d284d79db949e747a437d88d862
8	Silvany Lemes Cruvinel Portas	silvany.portas	7e176dbc80454752fec46dd515746dee	silvany@	1	86bfeb4bcb0569b2413ef5ef0b15a55e
9	Luiz Maria Ramos Filho	luiz.filho	534af223ea7c50113e554dba7bdfadc3	luiz@	1	8eaa3dc683c88d83fb8f1566a45fe2ec
10	Ricardo Oliva	ricardo.oliva	fbcd43723027019f6d430a75047a47a0	ricardo@	1	db177ce7bb06c6317decf4f809e39a76
11	Ricardo Tardelli	ricardo.tardelli	f82de821e57976a4a799fd918b1f3817	ricardot@	1	765026ca6274c756b52bc8b96f46659b
12	Paulo Henrique D’ Ângelo Seixas	paulo.seixas	f6b0539bd0e9c59fa3419b7a31d91941	paulo@	1	95b62e43ae80ff2b32b642fbd04f2943
13	Sueli Gonsalez Saes	sueli.saes	eb8329e699ce3515379bb1b3b423e0cf	sueli	1	58ecf7939acbef81b57501db75981623
14	Clélia Maria S. de Souza Aranda	clelia.aranda	ef98e425468dec705ea899ce9a522c84	clelia	1	9c88690b7cd3de238f98f7f439136503
15	Sônia Barros	sonia.barros	2a93da9fdebe8b3f1aaf5ddd3c8aaf7f	sonia@	1	a5dfbe7bc09a1c4a7e846843c9d3848f
16	Mariângela Guanaes Bortolo da Cruz	mariangela.cruz	a5cd81b03c5fec81f290dc9f6ad2c8e4	mariangela	1	dc1178905ee54ff686f78151230320a1
17	Marta Campagnoni Andrade	marta.andrade	5ef9c330970f75f29e1ecd4dac7171a3	marta@	1	ed0f81c4c06f93585688041f4302e1d8
18	André Luiz de Almeida	andre.almeida	df68074e194abd07483c99cddca84487	andre	1	ee6f1cc616b48d93de6ee46c2384b1ce
21	Fátima Palmeira Bombarda	fatima.bombarda	04c84e073fe00d75a7306d3ee045c155	fatima@	1	4605372f8f9d4c1c9ac072831b3cf61a
22	Edson Lopes Mergulhão	edson.mergulhao	8692edce8bc9cf6de27f9efae5edc7bd	edson@	1	64a8b9fe5ddd11188b77a1875018c466
23	Otávio de A. Mercadante	otavio.m	842a9fb931794ce878e1eea920fc905e	otavio@	1	26c14068f5666bbf781496fee158241f
24	Aniara Corrêa	aniara.c	696cf119ac526540b828435394c55fd7	aniara@	1	16debee2b414ab2354d74be84bfcd0d7
25	Lucia Chibante	lucia.chibante	f7a2a6f6315babc79f0bbd12d489c8f4	lucia@	1	fabcf4e9e6b0e228898b8bc27a8b0f60
26	Mônica A M Cecilio	monica.cecilio	1d3e4291771ab242ee5972d25ef3f6da	monica@	1	e6ccb96929086048a065c2abddc53eaf
27	Suely Vallim	suely.vallim	970fe01313dbaa15acf0f1508a01636b	suely@	1	bf1aa45654fd3e1a54625f61816022fb
28	Tania Lago	tania.lago	5998bbbecd896b4e124b6fc7af768531	tania@	1	1ff6724aef5dc58d6178e877a4e52269
29	Rosana M Tamelini	rosana.tamenelini	b85b59c2093da4aef588f303e0381ad3	rosana	1	2de09a4a11f877e0c634f063160087b3
30	Vanderlei Soares Moya	vanderlei.moya	e72aeab00ce3f694dc93a2d31650e5e9	vanderlei@	1	60728ddcec2e1b03752350f3b59cb2f8
31	Mario Malamo	mario.malamo	5db89abc83205414f6dfc69db8ee8cad	mario@	1	e0268ecd5aabc5664fbe9a5d65b87720
32	Adriana Magalhães	adriana.m	8f3d63224ece1f9efd9a15126384b0d9	adriana.m@	1	b8abbbed3622932a658c3944384c4c50
33	Edson Keiji Yamamoto	edson.k	0f8fdc7f5b7f38dcbf66733c876ce6c9	edson.k@	1	33f1f016e05a41a9c8377f45f7491e23
34	Astrid Toloi	astrid.t	291ff450446d0a6686e94680f4f2aa84	astrid@	1	cc80cfedf807b6b67bb4eb3a02860270
35	Paula Tanaka	paula.t	a623b6f4081266ab2d5d59be388240f4	paula.t@	1	fdbb58cd207bcae300fb525153be079f
36	Silvio Augusto Margarida	silvio.a	d62ba395ba518691f24f851d058325ca	silvio.a@	1	33f550171807d71936d2bd280700e00b
37	Márcia Zemella Marques	marcia.z	e36c91552bf8f8b7dea8c88ac0bf31b9	marcia@	1	a864f7e8b6e9266326e3d3345f3cc4ac
38	Adalgisa Nomura  	adalgisa.n	5467a8e7f139a9862b1a5807a55074f0	adalgisa@	1	b0356706cc40b1b1c201c295bf7acb15
39	Maria do Carmo M.Schiavon	maria.schiavom	f5591a5192236162488076f840d6ea29	maria@	1	9e2cac570c19d3c970406e12366c2699
40	Eliana Satiko Shiine Gravinez	eliana.satiko	98e18f54574b30e686bc47f0cdb763c0	eliana@	1	33cea8c7dd8692afb03fade03b7fc9d9
41	Osvaldo Donnini	osvaldo.d	2188854dc822dd52268710e7c0158a71	osvaldo@	1	c72e2ed6f94652261360d989167fb3f9
42	Luíza S. Heimann	luiza.heimann	107fd1293aae08129ee10f4153a71b99	luiza@	1	cb110aa8c4a9e37b24c4d700574b7e6b
43	Débora Rita Bujarto Santana	debora.rita	9b8a2f020a2494dccf80e7cbd3c84a74	debora@	1	f1f6a3dbd8b0e9544ef08e8eb4ccc32d
44	Marcio Cidade Gomes	marcio.cidade	449e3865a81639b7d29806916cf7462f	marcio@	1	92b45483fa1292318c762cd601e66280
45	Cleusa Abreu	cleusa.abreu	5cf468f97401eae881c1a9b47e9be74d	cleusa@	1	bfa7641f7e742903d7ad5bd867f6870a
46	Arnaldo Sala	arnaldo.s	c36d2ad1d76bbedc16900cf32b757f3b	arnaldo@	1	dfb53d30f35a11138c56cd4b6063f5c1
47	Francisco Pires	francisco.p	d17a5955e124e6d7c65c64c6dc5967af	francisco.p@	1	c182c9df4fecf0ddf156c3149cc8ac32
48	Adriana Carro	adriana.c	d4b19e9cd1b7d02b9e24855a291f547c	adriana@	1	227e0ec2d5af016edcf20c1c319a258f
49	Claudia Carnevalle	claudia.carnevalle	e7e94a884326c4b1462ab0986078b9bc	claudia@	1	4c6616b6d02ff52b8f7b59b6213ae2c6
50	Stella Puppini	stella.p	34a22b96ba534c83b1d1987d77e06d5b	stella@	1	033e352e29bc1507a798e4d8b12f99da
51	Nivaldo Teixeira	nivaldo.t	e48b1db7bb60fe29686bbd5cbda7d72d	nivaldo@	1	7d6632b125818f02a974fcd9b5e92187
52	Regina Sancia	regina.s	187f37310da9980233cad821256d2095	regina@	1	749f4c61585aba78558f4b9d88fc5813
53	Maria Aparecida Novaes	maria.aparecida	8bbbb94b7b31b50c671557c9b43d3bf8	maria.aparecida@	1	7de5fbc50111635780595223f9bd89f6
54	Karina Calife	karina.c	4b4e910ba6b2a3fc87ebe76e2b6f0b14	karina@	1	6f11efa24707fd5951271a82954bf2d4
55	Otília Simões	otilia.s	eca2c61532cf7afb3f7f6800e1470905	otilia@	1	c14c962276f9bf5df7bea6ea20ac2922
56	Cristina Alonso e Carolina Feitora	cristina.alonso	b615900fa37423169481770baabbd2a8	cristina@	1	8eab909605817ccbba9666d193ca102d
57	Yamara Martins	yamara.m	f26fe1aaacdaeab452671fe82ec38ed3	yamara@	1	da7c58d73f50358376bf00d88e331ecf
58	Neil Boaretti	neil.b	f0854e221f736af7c551fcb2e281ab80	neil@	1	4f450f083505172f36cb1aca7a991040
59	Cecilia Maria Castex Aly	cecilia.maria	0a021a399ac9eb884f4ba8566124e325	cecilia@	1	b50aa8792e44dec1b9fcff0f55a755da
60	Luci Emi Guibu	luci.emi	4a4e84f17724737c8e8b42698beabb23	luci@	1	60bc2708652d81f2a645719c5cb93db9
61	Paulo Seixas	paulo.s	280a1e40f66a2eaeee41b96ed08c33bc	paulo.s@	1	629d40d980fb4bcc0d9e3320534a92dc
62	Irene Abramovich	irene.a	d1c65d0f1ed78138c63ce17a1c8ea0ca	irene@	1	ce48553b9f554d425d4e51b8f60d73b8
19	Francisco Cardoso	chico	a5aa2d16b19a29383f83b1a517928712	cardoso@medicina.ufmg.br	1	048036a76f8ed161fc377272e83ec32c
63	Ana Freitas Ribeiro	ana.freitas	d48c74958974d27d95e96f2ff21354dc	ana@	1	aac6b052fee0892b179be847e65bbc79
64	Telma Regina M. P. Carvalhanas	telma.r	4c35abdc30f6d8caaceeb5ecef6e7d49	telma@	1	868438b88e687bf5d019e1577a2fe1a6
65	Denise Brandão	denise.b	90001df751fc94a48b6fc77fceb6eff1	denise@	1	1d84b20e0c93d7ed0c7c6fcb95aa01df
66	Maria Bernadete de Paula Eduardo	maria.bernadete	6e52c4c572341ccf752f575f8930ff5e	maria.b@	1	161eff2c7e0d60775593bf39adeb7b32
67	Melissa Mascheretti	melissa.m	dd32de9cb1d98afa9a45961ac0462c07	melissa@	1	91800a93f399e8883e0f1d09390c3093
68	Vera Galesi	vera.g	0517f24627c9e157dcb537d078c34eb4	vera@	1	02ddb04aa7786b12966feaa23abbb5fe
69	Mary Lise Marzliak	mary.lise	6ab7388c55051021387bac81f4e369ec	mary@	1	4d8b4a34f7b6fb9d551149f8d75a75be
70	Maria Clara Gianna	maria.clara	6d16df9f4ee4208c7d3be01d2e86dcee	maria.clara@	1	1745ec60d73d4bc85ae26617fd0a19d3
71	Sergio Sanfins	sergio.s	8163493bf31f583e6527dbf6054d0297	sergio@	1	7d2ed3aa7aab6aca69cb229d8b593bea
72	CRISTINA MEGID (CVS / CCD)	cristina.m	06a53bc91749b46c59e9b4a1c5db5bd0	cristina.m@	1	4f1a835ce4afe651a0501d3a9c527d59
73	MARIA APARECIDA AGUIAR (SERSA / CVS)	maria.aguiar	aad4df049fd47b7bfb24d61dd7a45fbb	maria.aguiar@	1	114f3503d8eb68445bf18e1254a32373
74	ISABEL L. A. MORAES	isabel.moraes	c075279679ee4b32a41002f102dc6eb9	isabel@	1	f0f06a06c32936b910fce3dc47ec1fd5
75	ELIANE GANDOLFI (GTOX / CCD)	eliane.g	081a3a2496de6a7f66499cb0b6530fbf	eliane@	1	2c1b554b9dfae5a9edfc5e9c60e4338d
76	CLELIA ARANDA	clelia.a	1d50cb779c472f20605422951f02c62c	clelia@	1	e5bace0a2822a6b66c0fc3afae458070
77	Marta Salomão	marta.s	ca3effc8be7410579e81fafb44848ebf	marta.s@	1	f511cb7a9a17cab9d57a46ce97d70e94
78	Júlia de Souza Felippe	julia.souza	feae773cb2bd2cb3252fdb2c21c8c9cb	julia@	1	9f69418cff1f1c262755f729a0d1bd61
79	Tânia Regina Tura Mendonça	tania.r	894dc0462a1aafdc951048f98b82e640	tania.r@	1	21124da2f2a22465356ac044abe16685
80	Marília Cristina Prado Louvison	marilia.prado	785002bf4468f986fd32dcfabe36514e	marilia@	1	9d105031eb976a30cbda1bfd3af567d8
81	Márcia Tiveron	marcia.t	8a69b47c7dc40813df371a0eb0bbc851	marcia.t@	1	89204de2145259a7505f0c280d0b6ac9
82	Márcia Aparecida Ferreira de Oliveira	marcia.a	90f9b7ce11d1c9c59f96a54e89eacb74	marcia.a@	1	4135cec647146ace4b0f944735039e7b
83	Regina Bichaff	regina.b	d076233e79bd6ecfc471cde26b3ea21a	regina.b@	1	afa3f1792f31f1f70eb05b93eb7450e1
84	Augusta Sato	augusta.s	28b0772e8ab73d6481aea4ab10a92fc7	augusta@	1	1b919e11169d8b5fa1464b8d077f9a70
85	Cláudia Medeiros de Castro	claudia.medeiros	f4b4be43c084ca93285338d4430c87a0	claudia.medeiros@	1	9fa224b37901cc9f0dfe5c10cf4dc6eb
86	Luís Eduardo Batista	luis.e	fc88ddc2a628f24d505323d3126d02eb	luis@	1	252d4fe43db959fe17f20795bebfcbda
87	Sandra Regina de Souza	sandra.r	9a3d86290e95275851eac97632252b80	sandra@	1	588f1d30a5a109aee62a97f2c23dbcba
88	Maria Luiza Rebouças Stucchi	maria.luiza	ab1f7653e5d554c5ac6e25efb9c03fb6	maria.luiza@	1	62add4ee98ecc2ca054971780e23b9bf
89	Francisco Drumond Marcondes	francisco.d	fadce9b50ae03cf3e7df8c51a1a071c3	francisco.d@	1	5e1aa167a01ddfa6777efdc9f6430925
90	Elba Pinheiro A. Custódio	elba.p	c6720f02db23a9aab5db6325c651cab2	elba@	1	39afbb46ed48b2bc757afba236201d75
91	Adriana Bouças Ribeiro	adriana.b	102f2fda665738a564a368b6af03c769	adriana.b@	1	e6c0eae06b7ca8e34dff83628a892d13
92	Liliana Risolia Navarro	liliana.r	e6e3f10349ceb70c27098c2abc1a3c95	liliana@	1	8e6b411c64bfa43db6870fc10625e229
93	Elza Ferreira Lobo	elza.lobo	2acfeef32ab9487f9826452c572f276a	elza@	1	71951a786bcae1910a55ad5a9156426f
20	cardoso	cardoso	98ce6c8eac760459681e916fc9983952	cardoso@medicina.ufmg.br	1	3280563d5b252c0d42058a68cb946793
\.


--
-- TOC entry 2041 (class 0 OID 26090)
-- Dependencies: 1592
-- Data for Name: usuarios_grupos; Type: TABLE DATA; Schema: public; Owner: postgres
--

COPY usuarios_grupos (id, usuario_id, grupo_id) FROM stdin;
4	2	1
6	6	4
7	6	5
8	6	1
11	8	4
12	8	2
13	8	3
14	9	4
15	9	3
16	10	4
17	10	3
18	11	4
19	11	2
20	11	3
21	12	4
22	12	2
23	12	3
24	13	4
25	13	2
26	13	3
27	14	4
28	14	2
29	14	3
30	15	4
31	15	2
32	15	3
33	16	4
34	16	2
35	16	3
36	17	6
37	17	2
38	17	3
39	18	4
40	18	2
41	18	3
42	19	5
43	19	2
44	19	3
45	19	1
46	20	6
47	21	4
48	21	3
49	22	3
50	23	4
51	23	3
52	24	4
53	24	3
54	25	4
55	25	3
56	26	4
57	26	3
58	27	4
59	27	3
60	28	4
61	28	3
62	29	4
63	29	3
64	30	4
65	30	3
66	31	4
67	31	3
68	32	4
69	32	3
70	33	4
71	33	3
72	34	4
73	34	3
74	35	4
75	35	3
76	36	4
77	36	3
78	37	4
79	37	3
80	38	4
81	38	3
82	39	4
83	39	3
84	40	4
85	40	3
86	41	4
87	41	3
88	42	4
89	42	3
90	43	4
91	43	3
92	44	4
93	44	3
94	45	4
95	45	3
96	46	4
97	46	3
98	47	4
99	47	3
100	48	4
101	48	3
102	49	4
103	49	3
104	50	4
105	50	3
106	51	4
107	51	3
108	52	4
109	52	3
110	53	4
111	53	3
112	54	4
113	54	3
114	55	4
115	55	3
116	56	4
117	56	3
118	57	4
119	57	3
120	58	4
121	58	3
122	59	4
123	59	3
124	60	4
125	60	3
126	61	4
127	61	3
128	62	4
129	62	3
130	63	4
131	63	3
132	64	4
133	64	3
134	65	4
135	65	3
136	66	4
137	66	3
138	67	4
139	67	3
140	68	4
141	68	3
142	69	4
143	69	3
144	70	4
145	70	3
146	71	4
147	71	3
148	72	4
149	72	3
150	73	4
151	73	3
152	74	4
153	74	3
154	75	4
155	75	3
156	76	4
157	76	3
158	77	4
159	77	3
160	78	4
161	78	3
162	79	4
163	79	3
164	80	4
165	80	3
166	81	4
167	81	3
168	82	4
169	82	3
170	83	4
171	83	3
172	84	4
173	84	3
174	85	4
175	85	3
176	86	4
177	86	3
178	87	4
179	87	3
180	88	4
181	88	3
182	89	4
183	89	3
184	90	4
185	90	3
186	91	4
187	91	3
188	92	4
189	92	3
190	93	4
191	93	3
192	20	4
193	20	5
194	20	2
195	20	3
196	20	1
\.


--
-- TOC entry 1933 (class 2606 OID 26119)
-- Dependencies: 1552 1552
-- Name: pk_acao_id; Type: CONSTRAINT; Schema: public; Owner: planejamento; Tablespace: 
--

ALTER TABLE ONLY acoes
    ADD CONSTRAINT pk_acao_id PRIMARY KEY (id);


--
-- TOC entry 1996 (class 2606 OID 26387)
-- Dependencies: 1602 1602
-- Name: pk_atividade_id; Type: CONSTRAINT; Schema: public; Owner: planejamento; Tablespace: 
--

ALTER TABLE ONLY atividades
    ADD CONSTRAINT pk_atividade_id PRIMARY KEY (id);


--
-- TOC entry 1937 (class 2606 OID 26121)
-- Dependencies: 1554 1554
-- Name: pk_estrategia_id; Type: CONSTRAINT; Schema: public; Owner: postgres; Tablespace: 
--

ALTER TABLE ONLY estrategias_acao
    ADD CONSTRAINT pk_estrategia_id PRIMARY KEY (id);


--
-- TOC entry 1941 (class 2606 OID 26123)
-- Dependencies: 1558 1558
-- Name: pk_grupo_permissao_id; Type: CONSTRAINT; Schema: public; Owner: postgres; Tablespace: 
--

ALTER TABLE ONLY grupos_permissoes
    ADD CONSTRAINT pk_grupo_permissao_id PRIMARY KEY (id);


--
-- TOC entry 1943 (class 2606 OID 26125)
-- Dependencies: 1560 1560
-- Name: pk_indicador_configs_id; Type: CONSTRAINT; Schema: public; Owner: postgres; Tablespace: 
--

ALTER TABLE ONLY indicador_config
    ADD CONSTRAINT pk_indicador_configs_id PRIMARY KEY (id);


--
-- TOC entry 1945 (class 2606 OID 26127)
-- Dependencies: 1562 1562
-- Name: pk_indicador_id; Type: CONSTRAINT; Schema: public; Owner: postgres; Tablespace: 
--

ALTER TABLE ONLY indicadores
    ADD CONSTRAINT pk_indicador_id PRIMARY KEY (id);


--
-- TOC entry 1988 (class 2606 OID 26326)
-- Dependencies: 1596 1596
-- Name: pk_indicadores_programa_id; Type: CONSTRAINT; Schema: public; Owner: postgres; Tablespace: 
--

ALTER TABLE ONLY indicadores_programa
    ADD CONSTRAINT pk_indicadores_programa_id PRIMARY KEY (id);


--
-- TOC entry 1990 (class 2606 OID 26344)
-- Dependencies: 1598 1598
-- Name: pk_indicadores_projeto_id; Type: CONSTRAINT; Schema: public; Owner: postgres; Tablespace: 
--

ALTER TABLE ONLY indicadores_projeto
    ADD CONSTRAINT pk_indicadores_projeto_id PRIMARY KEY (id);


--
-- TOC entry 1949 (class 2606 OID 26133)
-- Dependencies: 1564 1564
-- Name: pk_meta_id; Type: CONSTRAINT; Schema: public; Owner: postgres; Tablespace: 
--

ALTER TABLE ONLY metas_acao
    ADD CONSTRAINT pk_meta_id PRIMARY KEY (id);


--
-- TOC entry 1951 (class 2606 OID 26135)
-- Dependencies: 1566 1566
-- Name: pk_meta_programas_id; Type: CONSTRAINT; Schema: public; Owner: postgres; Tablespace: 
--

ALTER TABLE ONLY metas_programa
    ADD CONSTRAINT pk_meta_programas_id PRIMARY KEY (id);


--
-- TOC entry 1953 (class 2606 OID 26137)
-- Dependencies: 1568 1568
-- Name: pk_metas_projeto_id; Type: CONSTRAINT; Schema: public; Owner: postgres; Tablespace: 
--

ALTER TABLE ONLY metas_projeto
    ADD CONSTRAINT pk_metas_projeto_id PRIMARY KEY (id);


--
-- TOC entry 1955 (class 2606 OID 26139)
-- Dependencies: 1570 1570
-- Name: pk_objetivos_id; Type: CONSTRAINT; Schema: public; Owner: postgres; Tablespace: 
--

ALTER TABLE ONLY objetivos_acao
    ADD CONSTRAINT pk_objetivos_id PRIMARY KEY (id);


--
-- TOC entry 1957 (class 2606 OID 26141)
-- Dependencies: 1572 1572
-- Name: pk_objetivos_programas_id; Type: CONSTRAINT; Schema: public; Owner: postgres; Tablespace: 
--

ALTER TABLE ONLY objetivos_programa
    ADD CONSTRAINT pk_objetivos_programas_id PRIMARY KEY (id);


--
-- TOC entry 1959 (class 2606 OID 26143)
-- Dependencies: 1574 1574
-- Name: pk_objetivos_projeto_id; Type: CONSTRAINT; Schema: public; Owner: postgres; Tablespace: 
--

ALTER TABLE ONLY objetivos_projeto
    ADD CONSTRAINT pk_objetivos_projeto_id PRIMARY KEY (id);


--
-- TOC entry 1993 (class 2606 OID 26366)
-- Dependencies: 1600 1600
-- Name: pk_operacao_id; Type: CONSTRAINT; Schema: public; Owner: planejamento; Tablespace: 
--

ALTER TABLE ONLY operacoes
    ADD CONSTRAINT pk_operacao_id PRIMARY KEY (id);


--
-- TOC entry 1963 (class 2606 OID 26145)
-- Dependencies: 1578 1578
-- Name: pk_parceria_id; Type: CONSTRAINT; Schema: public; Owner: postgres; Tablespace: 
--

ALTER TABLE ONLY parcerias_acao
    ADD CONSTRAINT pk_parceria_id PRIMARY KEY (id);


--
-- TOC entry 1961 (class 2606 OID 26147)
-- Dependencies: 1576 1576
-- Name: pk_permissao_id; Type: CONSTRAINT; Schema: public; Owner: postgres; Tablespace: 
--

ALTER TABLE ONLY paginas
    ADD CONSTRAINT pk_permissao_id PRIMARY KEY (id);


--
-- TOC entry 1965 (class 2606 OID 26149)
-- Dependencies: 1580 1580
-- Name: pk_programas_id; Type: CONSTRAINT; Schema: public; Owner: postgres; Tablespace: 
--

ALTER TABLE ONLY programas
    ADD CONSTRAINT pk_programas_id PRIMARY KEY (id);


--
-- TOC entry 1969 (class 2606 OID 26151)
-- Dependencies: 1582 1582
-- Name: pk_projeto_id; Type: CONSTRAINT; Schema: public; Owner: postgres; Tablespace: 
--

ALTER TABLE ONLY projetos
    ADD CONSTRAINT pk_projeto_id PRIMARY KEY (id);


--
-- TOC entry 1973 (class 2606 OID 26153)
-- Dependencies: 1584 1584
-- Name: pk_recursos_id; Type: CONSTRAINT; Schema: public; Owner: postgres; Tablespace: 
--

ALTER TABLE ONLY recursos
    ADD CONSTRAINT pk_recursos_id PRIMARY KEY (id);


--
-- TOC entry 1939 (class 2606 OID 26155)
-- Dependencies: 1556 1556
-- Name: pk_roles_id; Type: CONSTRAINT; Schema: public; Owner: postgres; Tablespace: 
--

ALTER TABLE ONLY grupos
    ADD CONSTRAINT pk_roles_id PRIMARY KEY (id);


--
-- TOC entry 1977 (class 2606 OID 26157)
-- Dependencies: 1586 1586
-- Name: pk_situacao_id; Type: CONSTRAINT; Schema: public; Owner: postgres; Tablespace: 
--

ALTER TABLE ONLY situacoes
    ADD CONSTRAINT pk_situacao_id PRIMARY KEY (id);


--
-- TOC entry 1979 (class 2606 OID 26159)
-- Dependencies: 1588 1588
-- Name: pk_tipo_periodo_id; Type: CONSTRAINT; Schema: public; Owner: postgres; Tablespace: 
--

ALTER TABLE ONLY tipo_periodo
    ADD CONSTRAINT pk_tipo_periodo_id PRIMARY KEY (id);


--
-- TOC entry 1986 (class 2606 OID 26161)
-- Dependencies: 1592 1592
-- Name: pk_users_roles_id; Type: CONSTRAINT; Schema: public; Owner: postgres; Tablespace: 
--

ALTER TABLE ONLY usuarios_grupos
    ADD CONSTRAINT pk_users_roles_id PRIMARY KEY (id);


--
-- TOC entry 1981 (class 2606 OID 26163)
-- Dependencies: 1591 1591
-- Name: pk_usuarios_id; Type: CONSTRAINT; Schema: public; Owner: postgres; Tablespace: 
--

ALTER TABLE ONLY usuarios
    ADD CONSTRAINT pk_usuarios_id PRIMARY KEY (id);


--
-- TOC entry 1983 (class 2606 OID 36675)
-- Dependencies: 1591 1591
-- Name: unic_username; Type: CONSTRAINT; Schema: public; Owner: postgres; Tablespace: 
--

ALTER TABLE ONLY usuarios
    ADD CONSTRAINT unic_username UNIQUE (username);


--
-- TOC entry 1931 (class 1259 OID 26164)
-- Dependencies: 1552
-- Name: acoes_projeto_id_index; Type: INDEX; Schema: public; Owner: planejamento; Tablespace: 
--

CREATE INDEX acoes_projeto_id_index ON acoes USING btree (projeto_id);


--
-- TOC entry 1994 (class 1259 OID 26393)
-- Dependencies: 1602
-- Name: atividades_operacao_id_index; Type: INDEX; Schema: public; Owner: planejamento; Tablespace: 
--

CREATE INDEX atividades_operacao_id_index ON atividades USING btree (operacao_id);


--
-- TOC entry 1934 (class 1259 OID 26165)
-- Dependencies: 1554
-- Name: estrategias_objetivo_id_index; Type: INDEX; Schema: public; Owner: postgres; Tablespace: 
--

CREATE INDEX estrategias_objetivo_id_index ON estrategias_acao USING btree (objetivo_id);


--
-- TOC entry 1935 (class 1259 OID 26166)
-- Dependencies: 1554
-- Name: estrategias_situacao_index; Type: INDEX; Schema: public; Owner: postgres; Tablespace: 
--

CREATE INDEX estrategias_situacao_index ON estrategias_acao USING btree (situacao_id);


--
-- TOC entry 1946 (class 1259 OID 26167)
-- Dependencies: 1564
-- Name: metas_objetivo_id_index; Type: INDEX; Schema: public; Owner: postgres; Tablespace: 
--

CREATE INDEX metas_objetivo_id_index ON metas_acao USING btree (objetivo_id);


--
-- TOC entry 1947 (class 1259 OID 26168)
-- Dependencies: 1564
-- Name: metas_situacao_index; Type: INDEX; Schema: public; Owner: postgres; Tablespace: 
--

CREATE INDEX metas_situacao_index ON metas_acao USING btree (situacao_id);


--
-- TOC entry 1991 (class 1259 OID 26372)
-- Dependencies: 1600
-- Name: operacoes_metas_acao_id_index; Type: INDEX; Schema: public; Owner: planejamento; Tablespace: 
--

CREATE INDEX operacoes_metas_acao_id_index ON operacoes USING btree (metas_acao_id);


--
-- TOC entry 1966 (class 1259 OID 26169)
-- Dependencies: 1580
-- Name: programas_alteracao_usuario_id_index; Type: INDEX; Schema: public; Owner: postgres; Tablespace: 
--

CREATE INDEX programas_alteracao_usuario_id_index ON programas USING btree (alteracao_usuario_id);


--
-- TOC entry 1967 (class 1259 OID 26170)
-- Dependencies: 1580
-- Name: programas_responsavel_id_index; Type: INDEX; Schema: public; Owner: postgres; Tablespace: 
--

CREATE INDEX programas_responsavel_id_index ON programas USING btree (responsavel_id);


--
-- TOC entry 1970 (class 1259 OID 26171)
-- Dependencies: 1582
-- Name: projetos_programa_id_index; Type: INDEX; Schema: public; Owner: postgres; Tablespace: 
--

CREATE INDEX projetos_programa_id_index ON projetos USING btree (programa_id);


--
-- TOC entry 1971 (class 1259 OID 26172)
-- Dependencies: 1582
-- Name: projetos_situacao_index; Type: INDEX; Schema: public; Owner: postgres; Tablespace: 
--

CREATE INDEX projetos_situacao_index ON projetos USING btree (situacao_id);


--
-- TOC entry 1974 (class 1259 OID 26173)
-- Dependencies: 1584
-- Name: recursos_meta_id_index; Type: INDEX; Schema: public; Owner: postgres; Tablespace: 
--

CREATE INDEX recursos_meta_id_index ON recursos USING btree (meta_id);


--
-- TOC entry 1975 (class 1259 OID 26174)
-- Dependencies: 1584
-- Name: recursos_situacao_index; Type: INDEX; Schema: public; Owner: postgres; Tablespace: 
--

CREATE INDEX recursos_situacao_index ON recursos USING btree (situacao);


--
-- TOC entry 1984 (class 1259 OID 26175)
-- Dependencies: 1591
-- Name: usuarios_username_index; Type: INDEX; Schema: public; Owner: postgres; Tablespace: 
--

CREATE INDEX usuarios_username_index ON usuarios USING btree (username);


--
-- TOC entry 2006 (class 2606 OID 26176)
-- Dependencies: 1932 1570 1552
-- Name: fk_acao_objetivo; Type: FK CONSTRAINT; Schema: public; Owner: postgres
--

ALTER TABLE ONLY objetivos_acao
    ADD CONSTRAINT fk_acao_objetivo FOREIGN KEY (acao_id) REFERENCES acoes(id);


--
-- TOC entry 1997 (class 2606 OID 26181)
-- Dependencies: 1552 1582 1968
-- Name: fk_acoes_projeto_id; Type: FK CONSTRAINT; Schema: public; Owner: planejamento
--

ALTER TABLE ONLY acoes
    ADD CONSTRAINT fk_acoes_projeto_id FOREIGN KEY (projeto_id) REFERENCES projetos(id);


--
-- TOC entry 2020 (class 2606 OID 26388)
-- Dependencies: 1992 1600 1602
-- Name: fk_atividade_operacao_id; Type: FK CONSTRAINT; Schema: public; Owner: planejamento
--

ALTER TABLE ONLY atividades
    ADD CONSTRAINT fk_atividade_operacao_id FOREIGN KEY (operacao_id) REFERENCES operacoes(id) ON UPDATE CASCADE ON DELETE CASCADE;


--
-- TOC entry 1999 (class 2606 OID 26186)
-- Dependencies: 1558 1938 1556
-- Name: fk_grupo_paginas; Type: FK CONSTRAINT; Schema: public; Owner: postgres
--

ALTER TABLE ONLY grupos_permissoes
    ADD CONSTRAINT fk_grupo_paginas FOREIGN KEY (grupo_id) REFERENCES grupos(id) ON UPDATE CASCADE ON DELETE CASCADE;


--
-- TOC entry 2013 (class 2606 OID 26191)
-- Dependencies: 1938 1592 1556
-- Name: fk_grupo_usuarios; Type: FK CONSTRAINT; Schema: public; Owner: postgres
--

ALTER TABLE ONLY usuarios_grupos
    ADD CONSTRAINT fk_grupo_usuarios FOREIGN KEY (grupo_id) REFERENCES grupos(id) ON UPDATE CASCADE ON DELETE CASCADE;


--
-- TOC entry 2001 (class 2606 OID 26196)
-- Dependencies: 1560 1944 1562
-- Name: fk_indicador_config_indicador_id; Type: FK CONSTRAINT; Schema: public; Owner: postgres
--

ALTER TABLE ONLY indicador_config
    ADD CONSTRAINT fk_indicador_config_indicador_id FOREIGN KEY (indicador_id) REFERENCES indicadores(id);


--
-- TOC entry 2002 (class 2606 OID 26201)
-- Dependencies: 1560 1588 1978
-- Name: fk_indicador_config_tipo_periodo_id; Type: FK CONSTRAINT; Schema: public; Owner: postgres
--

ALTER TABLE ONLY indicador_config
    ADD CONSTRAINT fk_indicador_config_tipo_periodo_id FOREIGN KEY (tipo_periodo_id) REFERENCES tipo_periodo(id);


--
-- TOC entry 2017 (class 2606 OID 26345)
-- Dependencies: 1598 1944 1562
-- Name: fk_indicador_projeto_indicador_id; Type: FK CONSTRAINT; Schema: public; Owner: postgres
--

ALTER TABLE ONLY indicadores_projeto
    ADD CONSTRAINT fk_indicador_projeto_indicador_id FOREIGN KEY (indicador_id) REFERENCES indicadores(id) ON UPDATE CASCADE ON DELETE CASCADE;


--
-- TOC entry 2018 (class 2606 OID 26350)
-- Dependencies: 1968 1582 1598
-- Name: fk_indicador_projeto_projeto_id; Type: FK CONSTRAINT; Schema: public; Owner: postgres
--

ALTER TABLE ONLY indicadores_projeto
    ADD CONSTRAINT fk_indicador_projeto_projeto_id FOREIGN KEY (projeto_id) REFERENCES projetos(id) ON UPDATE CASCADE ON DELETE CASCADE;


--
-- TOC entry 2015 (class 2606 OID 26327)
-- Dependencies: 1944 1562 1596
-- Name: fk_indicadorprograma_indicador_id; Type: FK CONSTRAINT; Schema: public; Owner: postgres
--

ALTER TABLE ONLY indicadores_programa
    ADD CONSTRAINT fk_indicadorprograma_indicador_id FOREIGN KEY (indicador_id) REFERENCES indicadores(id) ON UPDATE CASCADE ON DELETE CASCADE;


--
-- TOC entry 2016 (class 2606 OID 26332)
-- Dependencies: 1580 1596 1964
-- Name: fk_indicadorprograma_programa_id; Type: FK CONSTRAINT; Schema: public; Owner: postgres
--

ALTER TABLE ONLY indicadores_programa
    ADD CONSTRAINT fk_indicadorprograma_programa_id FOREIGN KEY (programa_id) REFERENCES programas(id) ON UPDATE CASCADE ON DELETE CASCADE;


--
-- TOC entry 2004 (class 2606 OID 26226)
-- Dependencies: 1566 1580 1964
-- Name: fk_metasprograma_programa_id; Type: FK CONSTRAINT; Schema: public; Owner: postgres
--

ALTER TABLE ONLY metas_programa
    ADD CONSTRAINT fk_metasprograma_programa_id FOREIGN KEY (programa_id) REFERENCES programas(id) ON DELETE CASCADE;


--
-- TOC entry 2005 (class 2606 OID 26231)
-- Dependencies: 1968 1568 1582
-- Name: fk_metasprojeto_projeto_id; Type: FK CONSTRAINT; Schema: public; Owner: postgres
--

ALTER TABLE ONLY metas_projeto
    ADD CONSTRAINT fk_metasprojeto_projeto_id FOREIGN KEY (projeto_id) REFERENCES projetos(id) ON DELETE CASCADE;


--
-- TOC entry 1998 (class 2606 OID 26236)
-- Dependencies: 1570 1554 1954
-- Name: fk_objetivo_estrategia; Type: FK CONSTRAINT; Schema: public; Owner: postgres
--

ALTER TABLE ONLY estrategias_acao
    ADD CONSTRAINT fk_objetivo_estrategia FOREIGN KEY (objetivo_id) REFERENCES objetivos_acao(id);


--
-- TOC entry 2003 (class 2606 OID 26241)
-- Dependencies: 1954 1570 1564
-- Name: fk_objetivo_meta; Type: FK CONSTRAINT; Schema: public; Owner: postgres
--

ALTER TABLE ONLY metas_acao
    ADD CONSTRAINT fk_objetivo_meta FOREIGN KEY (objetivo_id) REFERENCES objetivos_acao(id);


--
-- TOC entry 2007 (class 2606 OID 26246)
-- Dependencies: 1572 1964 1580
-- Name: fk_objetivoprograma_programa_id; Type: FK CONSTRAINT; Schema: public; Owner: postgres
--

ALTER TABLE ONLY objetivos_programa
    ADD CONSTRAINT fk_objetivoprograma_programa_id FOREIGN KEY (programa_id) REFERENCES programas(id) ON DELETE CASCADE;


--
-- TOC entry 2008 (class 2606 OID 26251)
-- Dependencies: 1968 1582 1574
-- Name: fk_objetivosprojeto_projeto_id; Type: FK CONSTRAINT; Schema: public; Owner: postgres
--

ALTER TABLE ONLY objetivos_projeto
    ADD CONSTRAINT fk_objetivosprojeto_projeto_id FOREIGN KEY (projeto_id) REFERENCES projetos(id) ON DELETE CASCADE;


--
-- TOC entry 2019 (class 2606 OID 26367)
-- Dependencies: 1600 1564 1948
-- Name: fk_operacao_metas_acao_id; Type: FK CONSTRAINT; Schema: public; Owner: planejamento
--

ALTER TABLE ONLY operacoes
    ADD CONSTRAINT fk_operacao_metas_acao_id FOREIGN KEY (metas_acao_id) REFERENCES metas_acao(id) ON UPDATE CASCADE ON DELETE CASCADE;


--
-- TOC entry 2009 (class 2606 OID 26256)
-- Dependencies: 1580 1980 1591
-- Name: fk_programas_responsavel_id; Type: FK CONSTRAINT; Schema: public; Owner: postgres
--

ALTER TABLE ONLY programas
    ADD CONSTRAINT fk_programas_responsavel_id FOREIGN KEY (responsavel_id) REFERENCES usuarios(id);


--
-- TOC entry 2011 (class 2606 OID 26261)
-- Dependencies: 1582 1580 1964
-- Name: fk_projetos_programa_id; Type: FK CONSTRAINT; Schema: public; Owner: postgres
--

ALTER TABLE ONLY projetos
    ADD CONSTRAINT fk_projetos_programa_id FOREIGN KEY (programa_id) REFERENCES programas(id) ON UPDATE CASCADE ON DELETE CASCADE;


--
-- TOC entry 2010 (class 2606 OID 26266)
-- Dependencies: 1586 1580 1976
-- Name: fk_situacoes_programas; Type: FK CONSTRAINT; Schema: public; Owner: postgres
--

ALTER TABLE ONLY programas
    ADD CONSTRAINT fk_situacoes_programas FOREIGN KEY (situacao_id) REFERENCES situacoes(id) ON UPDATE CASCADE ON DELETE RESTRICT;


--
-- TOC entry 2012 (class 2606 OID 26271)
-- Dependencies: 1582 1968 1582
-- Name: fk_subprojeto_projeto_id; Type: FK CONSTRAINT; Schema: public; Owner: postgres
--

ALTER TABLE ONLY projetos
    ADD CONSTRAINT fk_subprojeto_projeto_id FOREIGN KEY (projeto_id) REFERENCES projetos(id) ON UPDATE CASCADE ON DELETE CASCADE;


--
-- TOC entry 2014 (class 2606 OID 26276)
-- Dependencies: 1980 1591 1592
-- Name: fk_usuario_grupos; Type: FK CONSTRAINT; Schema: public; Owner: postgres
--

ALTER TABLE ONLY usuarios_grupos
    ADD CONSTRAINT fk_usuario_grupos FOREIGN KEY (usuario_id) REFERENCES usuarios(id) ON UPDATE CASCADE ON DELETE CASCADE;


--
-- TOC entry 2000 (class 2606 OID 26281)
-- Dependencies: 1558 1960 1576
-- Name: pagina_grupos; Type: FK CONSTRAINT; Schema: public; Owner: postgres
--

ALTER TABLE ONLY grupos_permissoes
    ADD CONSTRAINT pagina_grupos FOREIGN KEY (pagina_id) REFERENCES paginas(id) ON UPDATE CASCADE ON DELETE CASCADE;


--
-- TOC entry 2049 (class 0 OID 0)
-- Dependencies: 6
-- Name: public; Type: ACL; Schema: -; Owner: postgres
--

REVOKE ALL ON SCHEMA public FROM PUBLIC;
REVOKE ALL ON SCHEMA public FROM postgres;
GRANT ALL ON SCHEMA public TO postgres;
GRANT ALL ON SCHEMA public TO PUBLIC;


-- Completed on 2009-10-28 23:27:47 BRST

--
-- PostgreSQL database dump complete
--

